Unique ID,Longitude (X),Latitude (Y),Match,State_Code,County_Code,Tract_Code,Block_Code,GEOID,state,county,cbsa,poverty_rate,mfi,state_mfi,cbsa_mfi,area_mfi,mfi_ratio,eligible_lic,rural_status,DC_Status,DC_Confidence
digital-realty-silicon-valley-sjc30-ca,-121.9581107,37.3782874,Match,6,85,505202,2043,6085505202,California, Santa Clara County,"San Jose-Sunnyvale-Santa Clara, CA",19.125883,163550.0,113346.0,184762.0,184762.0,0.88519287,0.0,0.0,operational,reported
cleanspark-brazoria-county-tx,-95.431,29.1694,Match,48,39,662300,4032,48039662300,Texas, Brazoria County,"Houston-Pasadena-The Woodlands, TX",17.309175,106053.0,94599.0,98582.0,98582.0,1.0757847,0.0,1.0,proposed,reported
lerner-brightseat-tech-park-md,-76.868,38.931,Match,24,33,803508,2009,24033803508,Maryland, Prince George's County,"Washington-Arlington-Alexandria, DC-VA-MD-WV",26.019314,94348.0,127817.0,154653.0,154653.0,0.61006254,1.0,0.0,permitted,confirmed
adp-ladysmith-data-hub-caroline-va,-77.5030262165529,38.00386898862997,Match,51,33,30502,1000,51033030502,Virginia, Caroline County,,12.431973,91045.0,115213.0,,115213.0,0.790232,0.0,1.0,proposed,reported
coresite-la1-los-angeles-ca,-118.2555541,34.0478871,Match,6,37,207712,2010,6037207712,California, Los Angeles County,"Los Angeles-Long Beach-Anaheim, CA",26.686808,105106.0,113346.0,108949.0,108949.0,0.96472663,1.0,0.0,operational,reported
stack-infrastructure-goldendale-data-center-wa,-120.8217,45.8213,Match,53,39,950103,2020,53039950103,Washington, Klickitat County,,17.966963,59287.0,118075.0,,118075.0,0.50211304,1.0,1.0,proposed,reported
tierpoint-nashville-tn,-86.8556872,35.9245097,Match,47,187,50904,3007,47187050904,Tennessee, Williamson County,"Nashville-Davidson--Murfreesboro--Franklin, TN",5.8516197,135543.0,87314.0,105115.0,105115.0,1.2894734,0.0,0.0,operational,reported
cleanspark-jellico-tn,-84.1306,36.5825,Match,47,13,950200,1050,47013950200,Tennessee, Campbell County,"Knoxville, TN",24.257425,79531.0,87314.0,92008.0,92008.0,0.86439222,1.0,1.0,operational,confirmed
beale-project-blue-pima-county-az,-110.75,32.1,Match,4,19,4062,2000,4019004062,Arizona, Pima County,"Tucson, AZ",11.076828,127719.0,95980.0,90806.0,90806.0,1.406504,0.0,0.0,under_construction,confirmed
isocentric-networks-tulsa-ok,-95.9928,36.154,Match,40,143,2500,1044,40143002500,Oklahoma, Tulsa County,"Tulsa, OK",23.428375,72317.0,82385.0,88320.0,88320.0,0.81880659,1.0,0.0,operational,reported
long-ferry-road-rowan-county-nc,-80.3974,35.6944,Match,37,159,50901,1031,37159050901,North Carolina, Rowan County,"Charlotte-Concord-Gastonia, NC-SC",17.91292,62277.0,90290.0,102246.0,102246.0,0.60908985,1.0,1.0,proposed,reported
digital-realty-727-s-grand-ave-la-ca,-118.257149,34.046823,Match,6,37,207712,1000,6037207712,California, Los Angeles County,"Los Angeles-Long Beach-Anaheim, CA",26.686808,105106.0,113346.0,108949.0,108949.0,0.96472663,1.0,0.0,proposed,reported
applied-digital-jamestown-nd,-98.679092,47.029587,Match,38,93,967000,1329,38093967000,North Dakota, Stutsman County,,7.2864323,130789.0,104993.0,,104993.0,1.2456926,0.0,1.0,operational,confirmed
alterra-development-marshall-mi,-84.955,42.276,Match,26,25,3900,3009,26025003900,Michigan, Calhoun County,"Battle Creek, MI",4.5114436,133058.0,93357.0,79554.0,79554.0,1.6725495,0.0,1.0,proposed,confirmed
h5-data-centers-albuquerque-nm,-106.6512,35.0862,Match,35,1,2100,1030,35001002100,New Mexico, Bernalillo County,"Albuquerque, NM",21.513447,34821.0,79556.0,88526.0,88526.0,0.39334208,1.0,0.0,operational,reported
stream-chicago-iii-ordc-elk-grove-village-il,-87.9703,42.0039,Match,17,31,770300,3018,17031770300,Illinois, Cook County,"Chicago-Naperville-Elgin, IL-IN",8.7209301,97601.0,106018.0,113207.0,113207.0,0.86214632,0.0,0.0,under_construction,reported
aws-project-spectrum-somervell-county-tx,-97.7561,32.2373,Match,48,425,200,1021,48425000200,Texas, Somervell County,,7.0175438,99091.0,94599.0,,94599.0,1.0474846,0.0,1.0,proposed,reported
ntt-ashburn-va2-data-center-va,-77.4576402,39.0250127,Match,51,107,611006,1014,51107611006,Virginia, Loudoun County,"Washington-Arlington-Alexandria, DC-VA-MD-WV",2.078522,211875.0,115213.0,154653.0,154653.0,1.3700025,0.0,0.0,operational,reported
bitdeer-rockdale-tx,-97.0025,30.6549,Match,48,331,950700,1029,48331950700,Texas, Milam County,,8.4982748,102819.0,94599.0,,94599.0,1.0868931,0.0,1.0,operational,confirmed
google-jackson-county-stevenson-al,-85.755,34.8842,Match,1,71,950302,1055,1071950302,Alabama, Jackson County,,35.121952,45938.0,83032.0,,83032.0,0.55325657,1.0,1.0,operational,confirmed
google-stillwater-ok,-97.06,36.14,Match,40,119,10102,4009,40119010102,Oklahoma, Payne County,,37.76091,66797.0,82385.0,,82385.0,0.81079078,1.0,1.0,under_construction,confirmed
google-nebraska-ai-campus-proposed,-96.371,40.474,Match,31,97,967500,2017,31097967500,Nebraska, Johnson County,,7.2952852,89000.0,99751.0,,99751.0,0.89222163,0.0,1.0,proposed,reported
sholes-wind-energy-center-wayne-ne,-97.0178,42.2308,Match,31,179,978700,4034,31179978700,Nebraska, Wayne County,,18.938627,80625.0,99751.0,,99751.0,0.80826259,0.0,1.0,operational,reported
lumen-cincinnati-1-oh,-84.5031833,39.1019019,Match,39,61,26500,2007,39061026500,Ohio, Hamilton County,"Cincinnati, OH-KY-IN",25.528219,106364.0,92749.0,104379.0,104379.0,1.0190172,1.0,0.0,operational,confirmed
microsoft-boydton-bn-campus-mecklenburg-va,-78.36487,36.65969,Match,51,117,930600,1034,51117930600,Virginia, Mecklenburg County,,15.711947,83281.0,115213.0,,115213.0,0.72284377,0.0,1.0,operational,reported
lumen-cleveland-1-oh,-81.6577764,41.5050658,Match,39,35,108301,2027,39035108301,Ohio, Cuyahoga County,"Cleveland, OH",26.6061,45333.0,92749.0,95803.0,95803.0,0.47318977,1.0,0.0,operational,reported
valorc3-oklahoma-city-ok,-97.5164,35.4676,Match,40,109,980007,1008,40109980007,Oklahoma, Oklahoma County,"Oklahoma City, OK",28.117359,165278.0,82385.0,90681.0,90681.0,1.822631,0.0,0.0,operational,reported
bitfarms-moses-lake-wa,-119.2781,47.1301,Match,53,25,11102,1012,53025011102,Washington, Grant County,,31.021801,65149.0,118075.0,,118075.0,0.55175948,1.0,1.0,under_construction,confirmed
digital-realty-charlotte-nc,-80.9562,35.2422,Match,37,119,5919,2004,37119005919,North Carolina, Mecklenburg County,"Charlotte-Concord-Gastonia, NC-SC",2.6275587,111184.0,90290.0,102246.0,102246.0,1.0874166,0.0,0.0,permitted,confirmed
flexential-charlotte-north-clt04-05-nc,-80.7657588,35.329773,Match,37,119,5533,1007,37119005533,North Carolina, Mecklenburg County,"Charlotte-Concord-Gastonia, NC-SC",13.614704,88625.0,90290.0,102246.0,102246.0,0.86678207,0.0,0.0,operational,reported
riot-platforms-corsicana-tx,-96.47,32.09,Match,48,349,970800,1094,48349970800,Texas, Navarro County,,16.185696,90179.0,94599.0,,94599.0,0.95327646,0.0,1.0,operational,reported
rattlesnake-creek-wind-dixon-ne,-96.8,42.35,Match,31,51,977800,1183,31051977800,Nebraska, Dixon County,,7.5299306,81719.0,99751.0,,99751.0,0.8192299,0.0,1.0,operational,confirmed
cloverleaf-cherry-blossom-frenchtown-mi,-83.386,41.988,Match,26,115,831100,1025,26115831100,Michigan, Monroe County,"Monroe, MI",12.756114,89000.0,93357.0,95770.0,95770.0,0.92930979,0.0,1.0,proposed,confirmed
burt-county-solar-tekamah-ne,-96.2214,41.7778,Match,31,21,963300,1108,31021963300,Nebraska, Burt County,,13.121019,86250.0,99751.0,,99751.0,0.86465299,0.0,1.0,proposed,reported
valley-oak-shinn-street-fremont-ca,-121.983674,37.567072,Match,6,1,441924,3002,6001441924,California, Alameda County,"San Francisco-Oakland-Fremont, CA",9.6995258,206944.0,113346.0,164296.0,164296.0,1.2595803,0.0,0.0,proposed,reported
nautilus-cryptomine-building-1-pa,-76.1514194,41.0826255,Match,42,79,216100,2016,42079216100,Pennsylvania, Luzerne County,"Scranton--Wilkes-Barre, PA",6.2263675,99441.0,100262.0,85514.0,85514.0,1.1628622,0.0,1.0,operational,reported
davis-besse-nuclear-ottawa-county-oh,-83.08639,41.59667,Match,39,123,50800,1003,39123050800,Ohio, Ottawa County,"Sandusky, OH",4.6277666,99904.0,92749.0,93585.0,93585.0,1.0675215,0.0,1.0,operational,confirmed
logix-reality-frankfort-clinton-county-in,-86.5108,40.2792,Match,18,23,950800,1009,18023950800,Indiana, Clinton County,,18.468084,72706.0,90767.0,,90767.0,0.801018,0.0,1.0,cancelled,reported
flexential-denver-downtown-champa-co,-104.9941589,39.7459702,Match,8,31,1707,2000,8031001707,Colorado, Denver County,"Denver-Aurora-Centennial, CO",7.9661016,250000.0,119139.0,132002.0,132002.0,1.8939106,0.0,0.0,operational,reported
google-project-dazzler-franklin-furnace-oh,-82.72,38.68,Match,39,145,2700,3050,39145002700,Ohio, Scioto County,,10.206637,86202.0,92749.0,,92749.0,0.92941165,0.0,1.0,permitted,confirmed
lightedge-ames-ia,-93.6319,42.0308,Match,19,169,500,2009,19169000500,Iowa, Story County,"Ames, IA",58.213985,29189.0,97491.0,114739.0,114739.0,0.25439477,1.0,0.0,proposed,reported
intermountain-power-delta-ut,-112.57998,39.51034,Match,49,27,974100,1020,49027974100,Utah, Millard County,,9.0486336,78261.0,109675.0,,109675.0,0.71357191,0.0,1.0,operational,confirmed
tract-project-range-buckeye-goodyear-az,-112.512,33.435,Match,4,13,50613,3000,4013050613,Arizona, Maricopa County,"Phoenix-Mesa-Chandler, AZ",0.73900503,107012.0,95980.0,103615.0,103615.0,1.0327848,0.0,0.0,proposed,reported
h5-data-centers-st-paul-mn,-93.167,44.974,Match,27,123,30100,3000,27123030100,Minnesota, Ramsey County,"Minneapolis-St. Paul-Bloomington, MN-WI",5.7188067,137926.0,113993.0,126705.0,126705.0,1.08856,0.0,0.0,operational,reported
meta-kuna-id,-116.418,43.491,Match,16,1,10404,2013,16001010404,Idaho, Ada County,"Boise City, ID",14.984552,89203.0,92668.0,101292.0,101292.0,0.88065195,0.0,1.0,under_construction,confirmed
cyrusone-new-albany-col1-licking-county-oh,-82.718059,40.09294,Match,39,89,755601,1031,39089755601,Ohio, Licking County,"Columbus, OH",2.3718438,170039.0,92749.0,104588.0,104588.0,1.6257983,0.0,0.0,under_construction,confirmed
viking-energy-center-cedar-falls-ia,-92.4805,42.4905,Match,19,13,2606,1000,19013002606,Iowa, Black Hawk County,"Waterloo-Cedar Falls, IA",6.8850636,202067.0,97491.0,90741.0,90741.0,2.2268546,0.0,0.0,permitted,reported
flexential-las-vegas-north-las04-nv,-115.1012553,36.2481633,Match,32,3,3626,1021,32003003626,Nevada, Clark County,"Las Vegas-Henderson-North Las Vegas, NV",7.1932297,128480.0,92663.0,89785.0,89785.0,1.430974,0.0,0.0,operational,reported
vermaland-la-osa-eloy-az,-111.55,32.75,Match,4,21,2004,1066,4021002004,Arizona, Pinal County,"Phoenix-Mesa-Chandler, AZ",30.74262,54046.0,95980.0,103615.0,103615.0,0.521604,1.0,1.0,cancelled,reported
cleanspark-twin-city-ga,-82.1551,32.5829,Match,13,107,970101,2099,13107970101,Georgia, Emanuel County,,24.098961,68924.0,93754.0,,93754.0,0.73515797,1.0,1.0,operational,confirmed
digital-realty-ord11-il,-87.6299404,41.8743036,Match,17,31,839000,1000,17031839000,Illinois, Cook County,"Chicago-Naperville-Elgin, IL-IN",15.946844,170407.0,106018.0,113207.0,113207.0,1.5052691,0.0,0.0,operational,reported
compass-statesville-nc,-80.8873,35.7826,Match,37,97,60300,3000,37097060300,North Carolina, Iredell County,"Charlotte-Concord-Gastonia, NC-SC",25.135233,58234.0,90290.0,102246.0,102246.0,0.56954795,1.0,1.0,proposed,confirmed
duke-energy-buck-combustion-turbines-rowan-county-nc,-80.37694,35.71194,Match,37,159,50901,1007,37159050901,North Carolina, Rowan County,"Charlotte-Concord-Gastonia, NC-SC",17.91292,62277.0,90290.0,102246.0,102246.0,0.60908985,1.0,1.0,proposed,reported
dc-blox-atlanta-west-ga,-84.6608,33.7882,Match,13,97,80204,1020,13097080204,Georgia, Douglas County,"Atlanta-Sandy Springs-Roswell, GA",5.9840426,78728.0,93754.0,107388.0,107388.0,0.73311728,0.0,0.0,under_construction,confirmed
tierpoint-kansas-city-lenexa-ks,-94.7552326,38.9406295,Match,20,91,980001,1035,20091980001,Kansas, Johnson County,"Kansas City, MO-KS",,,95810.0,106867.0,106867.0,,0.0,0.0,operational,reported
cascade-advanced-energy-facility-wa,-119.3339,46.4706,Match,53,5,12000,1013,53005012000,Washington, Benton County,"Kennewick-Richland, WA",,,118075.0,101145.0,101145.0,,0.0,0.0,proposed,confirmed
tierpoint-baltimore-bwi-md,-76.682834,39.213455,Match,24,3,751200,2012,24003751200,Maryland, Anne Arundel County,"Baltimore-Columbia-Towson, MD",3.0109146,144336.0,127817.0,126229.0,126229.0,1.1434456,0.0,0.0,operational,reported
agriforce-east-palestine-columbiana-oh,-80.5432,40.8326,Match,39,29,951500,5025,39029951500,Ohio, Columbiana County,,17.938931,56106.0,92749.0,,92749.0,0.60492295,1.0,1.0,operational,reported
copt-defense-properties-van-meter-ia,-93.9469,41.5031,Match,19,121,60101,2013,19121060101,Iowa, Madison County,"Des Moines-West Des Moines, IA",5.3378029,122170.0,97491.0,110255.0,110255.0,1.1080676,0.0,0.0,proposed,reported
digihost-north-tonawanda-ny,-78.85360658271534,43.0483121591696,Match,36,63,22804,2019,36063022804,New York, Niagara County,"Buffalo-Cheektowaga, NY",8.7682676,81429.0,106873.0,96701.0,96701.0,0.84206986,0.0,0.0,operational,confirmed
equinix-sv2-ca,-121.9549839,37.3784704,Match,6,85,505202,2042,6085505202,California, Santa Clara County,"San Jose-Sunnyvale-Santa Clara, CA",19.125883,163550.0,113346.0,184762.0,184762.0,0.88519287,0.0,0.0,operational,reported
bitdeer-whitetail-creek-trumbull-county-oh,-80.77,41.19,Match,39,155,932801,2005,39155932801,Ohio, Trumbull County,"Youngstown-Warren, OH",12.769354,64239.0,92749.0,76609.0,76609.0,0.83853072,0.0,0.0,proposed,reported
microsoft-conover-catawba-county-nc,-81.2184,35.7065,Match,37,35,10102,1014,37035010102,North Carolina, Catawba County,"Hickory-Lenoir-Morganton, NC",13.216314,95162.0,90290.0,76116.0,76116.0,1.2502234,0.0,1.0,under_construction,confirmed
switch-las-vegas-14-nv,-115.2213882,36.0629139,Match,32,3,2979,1029,32003002979,Nevada, Clark County,"Las Vegas-Henderson-North Las Vegas, NV",4.1470127,104167.0,92663.0,89785.0,89785.0,1.1601827,0.0,0.0,operational,reported
aligned-conesville-oh,-81.83,40.27,Match,39,31,961700,1019,39031961700,Ohio, Coshocton County,,16.47315,90200.0,92749.0,,92749.0,0.97251725,0.0,1.0,under_construction,reported
cyrusone-pnw1-quincy-wa,-119.8528,47.2334,Match,53,25,10600,2019,53025010600,Washington, Grant County,,8.8303165,90379.0,118075.0,,118075.0,0.76543725,0.0,1.0,operational,confirmed
bobcat-energy-center-ia,-92.908,42.0494,Match,19,127,950500,4027,19127950500,Iowa, Marshall County,,12.927009,76912.0,97491.0,,97491.0,0.78891385,0.0,1.0,permitted,confirmed
vaultas-st-cloud-mn,-94.2023528,45.5405392,Match,27,145,401,1003,27145000401,Minnesota, Stearns County,"St. Cloud, MN",18.213207,77226.0,113993.0,99597.0,99597.0,0.77538478,0.0,0.0,proposed,reported
aws-pdx154-boardman-airport-or,-119.81621,45.81556,Match,41,49,970101,3064,41049970101,Oregon, Morrow County,,14.84708,76777.0,102281.0,,102281.0,0.75064772,0.0,1.0,permitted,reported
aws-resilient-technology-park-shreveport-la,-93.7477839,32.5135356,Match,22,17,25300,3039,22017025300,Louisiana, Caddo Parish,"Shreveport-Bossier City, LA",61.094223,14367.0,79407.0,75242.0,75242.0,0.19094388,1.0,0.0,proposed,reported
stack-svy01-ca,-121.891051,37.4027449,Match,6,85,504322,2001,6085504322,California, Santa Clara County,"San Jose-Sunnyvale-Santa Clara, CA",14.22895,177746.0,113346.0,184762.0,184762.0,0.96202683,0.0,0.0,operational,reported
data-holdings-milwaukee-wi,-87.9540068,43.0437366,Match,55,79,13600,3002,55079013600,Wisconsin, Milwaukee County,"Milwaukee-Waukesha, WI",41.099346,80000.0,100141.0,104346.0,104346.0,0.76668006,1.0,0.0,operational,confirmed
tract-buckeye-tech-corridor-az,-112.7203,33.4136,Match,4,13,50604,2022,4013050604,Arizona, Maricopa County,"Phoenix-Mesa-Chandler, AZ",9.8280096,86481.0,95980.0,103615.0,103615.0,0.83463782,0.0,0.0,permitted,reported
aws-butts-county-ga,-83.9663,33.2946,Match,13,35,150201,1032,13035150201,Georgia, Butts County,"Atlanta-Sandy Springs-Roswell, GA",19.040953,50618.0,93754.0,107388.0,107388.0,0.47135621,1.0,1.0,proposed,confirmed
spalding-investments-high-falls-road-campus-ga,-84.2641,33.2468,Match,13,255,161202,1011,13255161202,Georgia, Spalding County,"Atlanta-Sandy Springs-Roswell, GA",21.699545,76654.0,93754.0,107388.0,107388.0,0.71380413,1.0,1.0,permitted,reported
hostdime-eatonville-fl,-81.3806,28.6106,Match,12,95,18000,2022,12095018000,Florida, Orange County,"Orlando-Kissimmee-Sanford, FL",21.839081,56818.0,89891.0,91538.0,91538.0,0.620704,1.0,0.0,under_construction,confirmed
crg-festus-data-center-mo,-90.399,38.2192,Match,29,99,700801,5031,29099700801,Missouri, Jefferson County,"St. Louis, MO-IL",14.089858,84715.0,91360.0,105167.0,105167.0,0.80552834,0.0,0.0,permitted,reported
ryan-companies-project-swan-lakeland-fl,-82.0054,28.0305,Match,12,105,12003,1030,12105012003,Florida, Polk County,"Lakeland-Winter Haven, FL",8.0545225,77193.0,89891.0,76474.0,76474.0,1.0094019,0.0,0.0,proposed,reported
armstrong-power-south-bend-township-armstrong-county-pa,-79.417,40.667,Match,42,5,951700,1002,42005951700,Pennsylvania, Armstrong County,"Pittsburgh, PA",5.6881814,95521.0,100262.0,102107.0,102107.0,0.93549901,0.0,1.0,operational,reported
ocosa-321-south-boston-tulsa-ok,-95.9905,36.1535,Match,40,143,2500,1062,40143002500,Oklahoma, Tulsa County,"Tulsa, OK",23.428375,72317.0,82385.0,88320.0,88320.0,0.81880659,1.0,0.0,operational,reported
menlo-digital-jamestown-drive-petersburg-va,-77.363,37.199,Match,51,730,811200,1000,51730811200,Virginia, Petersburg city,"Richmond, VA",14.890852,47371.0,115213.0,110863.0,110863.0,0.42729315,1.0,0.0,permitted,confirmed
databank-pit2-summit-park-pittsburgh-pa,-80.1697,40.4433,Match,42,3,459201,2026,42003459201,Pennsylvania, Allegheny County,"Pittsburgh, PA",4.6615491,127574.0,100262.0,102107.0,102107.0,1.2494148,0.0,0.0,operational,reported
novva-west-jordan-power-ut,-112.04576,40.57389,Match,49,35,115211,3028,49035115211,Utah, Salt Lake County,"Salt Lake City-Murray, UT",7.4424343,137180.0,109675.0,116518.0,116518.0,1.1773288,0.0,0.0,permitted,confirmed
peak-mining-texas-1-corpus-christi-tx,-97.4263,27.8487,Match,48,355,6300,1001,48355006300,Texas, Nueces County,"Corpus Christi, TX",34.827194,49920.0,94599.0,79893.0,79893.0,0.62483573,1.0,0.0,operational,confirmed
stack-hillsboro-or,-122.9898,45.5229,Match,41,67,32604,3014,41067032604,Oregon, Washington County,"Portland-Vancouver-Hillsboro, OR-WA",6.2601986,109008.0,102281.0,119276.0,119276.0,0.91391397,0.0,0.0,proposed,reported
coresite-at1-atlanta-ga-ga,-84.3911712,33.7559857,Match,13,121,11901,1032,13121011901,Georgia, Fulton County,"Atlanta-Sandy Springs-Roswell, GA",23.299101,,93754.0,107388.0,107388.0,,1.0,0.0,operational,reported
coresite-la2-los-angeles-ca-ca,-118.2359144,34.0584789,Match,6,37,206020,1015,6037206020,California, Los Angeles County,"Los Angeles-Long Beach-Anaheim, CA",7.5555553,156316.0,113346.0,108949.0,108949.0,1.4347631,0.0,0.0,operational,reported
stack-stafford-technology-campus-va,-77.485,38.365,Match,51,179,10304,3004,51179010304,Virginia, Stafford County,"Washington-Arlington-Alexandria, DC-VA-MD-WV",9.7730227,103765.0,115213.0,154653.0,154653.0,0.67095369,1.0,1.0,permitted,confirmed
flexential-salt-lake-city-downtown-ut,-111.9548375,40.7563065,Match,49,35,114500,3015,49035114500,Utah, Salt Lake County,"Salt Lake City-Murray, UT",13.612904,101516.0,109675.0,116518.0,116518.0,0.87124735,0.0,0.0,operational,reported
rowan-bauxite-ii-frederick-md,-77.515,39.34,Match,24,21,752502,2021,24021752502,Maryland, Frederick County,"Washington-Arlington-Alexandria, DC-VA-MD-WV",4.7817836,157986.0,127817.0,154653.0,154653.0,1.0215515,0.0,1.0,permitted,confirmed
wylie-capital-broadway-merrillville-in,-87.3328,41.4828,Match,18,89,42503,1001,18089042503,Indiana, Lake County,"Chicago-Naperville-Elgin, IL-IN",6.3011971,88125.0,90767.0,113207.0,113207.0,0.77844125,0.0,0.0,proposed,reported
stack-nova-loudoun-va,-77.49,39.04,Match,51,107,611005,3001,51107611005,Virginia, Loudoun County,"Washington-Arlington-Alexandria, DC-VA-MD-WV",3.6146824,213000.0,115213.0,154653.0,154653.0,1.3772769,0.0,0.0,permitted,confirmed
iep-hummingbird-power-plant-greene-county-pa,-79.92,39.79,Match,42,59,970800,2022,42059970800,Pennsylvania, Greene County,,12.432153,78900.0,100262.0,,100262.0,0.78693825,0.0,1.0,proposed,reported
green-energy-ventures-king-george-technology-center-va,-77.29011580291154,38.250254083928,Match,51,99,40400,3029,51099040400,Virginia, King George County,,6.6543126,113840.0,115213.0,,115213.0,0.98808295,0.0,1.0,proposed,reported
qts-eagle-mountain-ut,-111.9847,40.3155,Match,49,49,10114,1000,49049010114,Utah, Utah County,"Provo-Orem-Lehi, UT",2.173167,106508.0,109675.0,110937.0,110937.0,0.96007645,0.0,1.0,under_construction,reported
apple-reno-nv,-119.554805,39.563085,Match,32,31,3501,3103,32031003501,Nevada, Washoe County,"Reno, NV",8.5920582,125379.0,92663.0,104602.0,104602.0,1.1986291,0.0,0.0,operational,confirmed
cleanspark-decatur-tn,-84.7902,35.5148,Match,47,121,960200,1092,47121960200,Tennessee, Meigs County,,18.958292,68886.0,87314.0,,87314.0,0.78894562,0.0,1.0,operational,confirmed
cyrusone-nva8-sterling-va,-77.4132443,39.0211789,Match,51,107,611502,1004,51107611502,Virginia, Loudoun County,"Washington-Arlington-Alexandria, DC-VA-MD-WV",7.9087348,151591.0,115213.0,154653.0,154653.0,0.98020083,0.0,0.0,operational,reported
digital-realty-sfo12-365-main-street-ca,-122.390469,37.788731,Match,6,75,61505,1000,6075061505,California, San Francisco County,"San Francisco-Oakland-Fremont, CA",1.7297298,250000.0,113346.0,164296.0,164296.0,1.5216439,0.0,0.0,operational,reported
markley-lowell-ma,-71.3162,42.6334,Match,25,17,311800,1000,25017311800,Massachusetts, Middlesex County,"Boston-Cambridge-Newton, MA-NH",29.927385,99545.0,131675.0,145780.0,145780.0,0.68284398,1.0,0.0,operational,confirmed
miningstore-grundy-center-ia,-92.925,42.37,Match,19,75,960400,1049,19075960400,Iowa, Grundy County,"Waterloo-Cedar Falls, IA",3.1122448,101042.0,97491.0,90741.0,90741.0,1.1135209,0.0,1.0,cancelled,confirmed
google-botetourt-greenfield-va,-79.89,37.42,Match,51,23,40303,1015,51023040303,Virginia, Botetourt County,"Roanoke, VA",4.6639509,118875.0,115213.0,89156.0,89156.0,1.3333371,0.0,0.0,permitted,confirmed
entergy-franklin-farms-power-station-la,-91.632333,32.477149,Match,22,83,970300,2072,22083970300,Louisiana, Richland Parish,"Monroe, LA",13.783784,80435.0,79407.0,67964.0,67964.0,1.1834942,0.0,1.0,under_construction,confirmed
serverfarm-ch1-chicago-il,-87.6392312,41.8717114,Match,17,31,841900,2002,17031841900,Illinois, Cook County,"Chicago-Naperville-Elgin, IL-IN",15.074981,191675.0,106018.0,113207.0,113207.0,1.6931374,0.0,0.0,operational,confirmed
vantage-douglasville-campus-ga,-84.7477,33.7515,Match,13,97,80304,2013,13097080304,Georgia, Douglas County,"Atlanta-Sandy Springs-Roswell, GA",13.08226,87083.0,93754.0,107388.0,107388.0,0.81091928,0.0,0.0,proposed,reported
karis-critical-deep-river-merrillville-in,-87.27,41.47,Match,18,89,42301,1010,18089042301,Indiana, Lake County,"Chicago-Naperville-Elgin, IL-IN",2.8268552,118259.0,90767.0,113207.0,113207.0,1.0446262,0.0,0.0,proposed,reported
nebius-vineland-nj,-74.992,39.4862,Match,34,11,40702,2012,34011040702,New Jersey, Cumberland County,"Vineland, NJ",11.467764,85109.0,127025.0,80948.0,80948.0,1.0514034,0.0,0.0,operational,confirmed
plan-c-crypto-fayetteville-cumberland-county-nc,-78.97722,35.085,Match,37,51,3304,3000,37051003304,North Carolina, Cumberland County,"Fayetteville, NC",16.048307,69760.0,90290.0,73956.0,73956.0,0.94326359,0.0,0.0,operational,reported
lumen-norristown-pa,-75.4086586,40.127067,Match,42,91,206006,2002,42091206006,Pennsylvania, Montgomery County,"Philadelphia-Camden-Wilmington, PA-NJ-DE-MD",5.0296783,160313.0,100262.0,116434.0,116434.0,1.3768573,0.0,0.0,operational,reported
novva-colorado-springs-co,-104.8164434,39.0130116,Match,8,41,7205,2023,8041007205,Colorado, El Paso County,"Colorado Springs, CO",8.1322489,126217.0,119139.0,108260.0,108260.0,1.1658692,0.0,0.0,operational,confirmed
culpeper-brandy-station-va,-77.8863,38.5095,Match,51,47,930400,1009,51047930400,Virginia, Culpeper County,"Washington-Arlington-Alexandria, DC-VA-MD-WV",8.0427446,108750.0,115213.0,154653.0,154653.0,0.70318711,0.0,1.0,cancelled,reported
radiusdc-nashville-i-tn,-86.7837,36.27987,Match,47,37,10201,2000,47037010201,Tennessee, Davidson County,"Nashville-Davidson--Murfreesboro--Franklin, TN",6.4509077,95722.0,87314.0,105115.0,105115.0,0.91064072,0.0,0.0,under_construction,confirmed
atlas-compute-ai-data-center-campus-fort-pierce-fl,-80.33,27.44,Match,12,111,380500,4022,12111380500,Florida, St. Lucie County,"Port St. Lucie, FL",40.649807,48182.0,89891.0,88673.0,88673.0,0.54336721,1.0,0.0,proposed,confirmed
ranalli-lysander-ny,-76.39,43.17,Match,36,67,11402,4017,36067011402,New York, Onondaga County,"Syracuse, NY",6.9284062,126667.0,106873.0,98393.0,98393.0,1.2873578,0.0,1.0,proposed,rumored
nuvu-county-drive-petersburg-va,-77.376,37.193,Match,51,730,811100,3008,51730811100,Virginia, Petersburg city,"Richmond, VA",4.7239614,74141.0,115213.0,110863.0,110863.0,0.66876233,1.0,0.0,permitted,confirmed
switch-pyramid-campus-grand-rapids-mi,-85.64,42.823,Match,26,81,14805,3002,26081014805,Michigan, Kent County,"Grand Rapids-Wyoming-Kentwood, MI",4.3761997,135071.0,93357.0,101026.0,101026.0,1.3369925,0.0,0.0,under_construction,confirmed
blusky-ai-milford-ut,-113.0111,38.3936,Match,49,1,100200,3071,49001100200,Utah, Beaver County,,7.0814714,85714.0,109675.0,,109675.0,0.78152722,0.0,1.0,proposed,reported
poolside-project-horizon-pecos-county-tx,-102.8796,30.8938,Match,48,371,950300,1136,48371950300,Texas, Pecos County,,34.636303,,94599.0,,94599.0,,1.0,1.0,proposed,reported
flexential-dallas-downtown-dallas-tx,-96.8193707,32.8004101,Match,48,113,10001,4009,48113010001,Texas, Dallas County,"Dallas-Fort Worth-Arlington, TX",34.268063,43662.0,94599.0,108711.0,108711.0,0.40163368,1.0,0.0,operational,reported
netrality-210-north-tucker-st-louis-mo,-90.1971749,38.6292617,Match,29,510,125600,3014,29510125600,Missouri, St. Louis city,"St. Louis, MO-IL",21.405428,121983.0,91360.0,105167.0,105167.0,1.159898,1.0,0.0,operational,reported
qts-blue-hole-blakely-ga,-84.9346,31.3763,Match,13,99,90400,1020,13099090400,Georgia, Early County,,25.425686,79018.0,93754.0,,93754.0,0.84282273,1.0,1.0,permitted,confirmed
immersionbtc-walnut-ridge-ar,-90.9526,36.0684,Match,5,75,470502,5039,5075470502,Arkansas, Lawrence County,,25.280899,60508.0,76968.0,,76968.0,0.78614491,1.0,1.0,operational,confirmed
pennhurst-data-center-east-vincent-chester-county-pa,-75.560162,40.193717,Match,42,29,311000,4007,42029311000,Pennsylvania, Chester County,"Philadelphia-Camden-Wilmington, PA-NJ-DE-MD",13.330621,183611.0,100262.0,116434.0,116434.0,1.5769534,0.0,0.0,proposed,reported
aws-umatilla-city-or,-119.34252,45.91735,Match,41,59,950900,1105,41059950900,Oregon, Umatilla County,,17.445255,72319.0,102281.0,,102281.0,0.70706195,0.0,1.0,operational,confirmed
coresite-bowers-santa-clara-ca,-121.974,37.389,Match,6,85,505010,2042,6085505010,California, Santa Clara County,"San Jose-Sunnyvale-Santa Clara, CA",9.913702,203478.0,113346.0,184762.0,184762.0,1.1012979,0.0,0.0,permitted,confirmed
coresite-or1-orlando-fl,-81.420781,28.429212,Match,12,95,17001,3074,12095017001,Florida, Orange County,"Orlando-Kissimmee-Sanford, FL",6.5131207,76503.0,89891.0,91538.0,91538.0,0.8357513,0.0,0.0,operational,confirmed
soluna-project-ellen-rio-hondo-tx,-97.5814,26.2373,Match,48,61,10101,3023,48061010101,Texas, Cameron County,"Brownsville-Harlingen, TX",16.195013,71573.0,94599.0,60288.0,60288.0,1.1871848,0.0,1.0,proposed,reported
jailhouse-studios-chattanooga-tn,-85.30949,35.04572,Match,47,65,3100,1004,47065003100,Tennessee, Hamilton County,"Chattanooga, TN-GA",14.425694,247695.0,87314.0,91131.0,91131.0,2.7180104,0.0,0.0,proposed,confirmed
long-ridge-hannibal-power-plant-monroe-oh,-80.869646,39.6603665,Match,39,111,966600,4035,39111966600,Ohio, Monroe County,,13.911439,72619.0,92749.0,,92749.0,0.78296262,0.0,1.0,operational,reported
meta-kansas-city-northland-mo,-94.705,39.247,Match,29,165,30208,2027,29165030208,Missouri, Platte County,"Kansas City, MO-KS",3.3230941,175707.0,91360.0,106867.0,106867.0,1.6441652,0.0,0.0,operational,confirmed
atlas-coosa-project-gracie-floyd-ga,-85.1647,34.257,Match,13,115,600,2043,13115000600,Georgia, Floyd County,"Rome, GA",27.820053,52034.0,93754.0,80531.0,80531.0,0.64613628,1.0,1.0,permitted,reported
mawson-midland-pa,-80.3968,40.6532,Match,42,7,602701,1019,42007602701,Pennsylvania, Beaver County,"Pittsburgh, PA",12.484549,92417.0,100262.0,102107.0,102107.0,0.90509957,0.0,1.0,operational,confirmed
metrobloks-liberty-mo,-94.4191,39.2459,Match,29,47,21401,1026,29047021401,Missouri, Clay County,"Kansas City, MO-KS",4.7149124,128833.0,91360.0,106867.0,106867.0,1.2055452,0.0,0.0,proposed,reported
aboutbit-merom-sullivan-county-in,-87.513056,39.067889,Match,18,153,50200,3047,18153050200,Indiana, Sullivan County,"Terre Haute, IN",11.007912,83750.0,90767.0,75147.0,75147.0,1.1144823,0.0,1.0,proposed,reported
trex-peakdigital-orofino-id,-116.254,46.4794,Match,16,35,940002,1034,16035940002,Idaho, Clearwater County,,15.499334,79901.0,92668.0,,92668.0,0.86222857,0.0,1.0,operational,confirmed
salcido-horizon-quincy-wa,-119.85,47.236,Match,53,25,10600,4023,53025010600,Washington, Grant County,,8.8303165,90379.0,118075.0,,118075.0,0.76543725,0.0,1.0,operational,reported
takanock-project-baccara-maricopa-county-az,-112.3703,33.5685,Match,4,13,61044,4017,4013061044,Arizona, Maricopa County,"Phoenix-Mesa-Chandler, AZ",7.7147155,123046.0,95980.0,103615.0,103615.0,1.1875308,0.0,0.0,permitted,confirmed
aws-benton-bossier-parish-la,-93.74,32.77,Match,22,15,11201,4008,22015011201,Louisiana, Bossier Parish,"Shreveport-Bossier City, LA",19.523809,62875.0,79407.0,75242.0,75242.0,0.83563703,0.0,1.0,under_construction,confirmed
liquidcool-loring-afb-me,-67.8849,46.9502,Match,23,3,951600,3005,23003951600,Maine, Aroostook County,,16.367266,74000.0,96912.0,,96912.0,0.76357931,0.0,1.0,proposed,confirmed
apple-mesa-az,-111.6012177,33.3615205,Match,4,13,422650,1000,4013422650,Arizona, Maricopa County,"Phoenix-Mesa-Chandler, AZ",2.2045536,104125.0,95980.0,103615.0,103615.0,1.004922,0.0,0.0,operational,confirmed
google-arcola-loudoun-va,-77.5253232,38.9432462,Match,51,107,611812,1000,51107611812,Virginia, Loudoun County,"Washington-Arlington-Alexandria, DC-VA-MD-WV",5.7665586,168958.0,115213.0,154653.0,154653.0,1.0924973,0.0,0.0,operational,reported
dc-blox-myrtle-beach-cls-sc,-78.9440697,33.6746096,Match,45,51,51000,2038,45051051000,South Carolina, Horry County,"Myrtle Beach-Conway-North Myrtle Beach, SC",5.4380665,104722.0,86707.0,79345.0,79345.0,1.3198311,0.0,1.0,operational,confirmed
suncap-stowe-township-allegheny-county-pa,-80.064,40.469,Match,42,3,464400,1039,42003464400,Pennsylvania, Allegheny County,"Pittsburgh, PA",38.309551,41010.0,100262.0,102107.0,102107.0,0.40163749,1.0,0.0,proposed,reported
tallgrass-cheyenne-power-hub-wy,-104.83,41.02,Match,56,21,1902,1201,56021001902,Wyoming, Laramie County,"Cheyenne, WY",2.5748377,123052.0,96997.0,99600.0,99600.0,1.2354618,0.0,0.0,permitted,confirmed
homer-city-energy-campus-pa,-79.1542,40.5383,Match,42,63,961700,1052,42063961700,Pennsylvania, Indiana County,,8.0427446,81111.0,100262.0,,100262.0,0.80899042,0.0,1.0,under_construction,reported
powerhouse-reno-storey-county-nv,-119.4990959,39.5602824,Match,32,29,970200,1049,32029970200,Nevada, Storey County,"Reno, NV",7.0582547,121477.0,92663.0,104602.0,104602.0,1.1613258,0.0,1.0,under_construction,reported
iron-mountain-chi1-des-plaines-il,-87.8811913,42.0116575,Match,17,31,806502,4031,17031806502,Illinois, Cook County,"Chicago-Naperville-Elgin, IL-IN",5.9662776,117778.0,106018.0,113207.0,113207.0,1.0403774,0.0,0.0,operational,confirmed
milligan-1-wind-saline-ne,-97.3903,40.5011,Match,31,59,91600,2175,31059091600,Nebraska, Fillmore County,,11.773117,90417.0,99751.0,,99751.0,0.90642703,0.0,1.0,operational,confirmed
t5-charlotte-nc,-81.395039,35.2504249,Match,37,45,950601,1028,37045950601,North Carolina, Cleveland County,,12.539109,77096.0,90290.0,,90290.0,0.85387087,0.0,1.0,operational,reported
element-critical-chicago-two-il,-87.9671756,41.9742269,Match,17,43,840101,4053,17043840101,Illinois, DuPage County,"Chicago-Naperville-Elgin, IL-IN",7.2818232,95225.0,106018.0,113207.0,113207.0,0.84115821,0.0,0.0,operational,reported
switch-las-vegas-5-nv,-115.0766965,36.1427635,Match,32,3,1615,2000,32003001615,Nevada, Clark County,"Las Vegas-Henderson-North Las Vegas, NV",23.127853,41289.0,92663.0,89785.0,89785.0,0.45986524,1.0,0.0,operational,reported
aws-laveen-az,-112.1669,33.3727,Match,4,13,116610,2022,4013116610,Arizona, Maricopa County,"Phoenix-Mesa-Chandler, AZ",8.6109972,118716.0,95980.0,103615.0,103615.0,1.1457415,0.0,0.0,proposed,reported
cloudhq-lc3-va,-77.4604251,39.0112123,Match,51,107,611020,3009,51107611020,Virginia, Loudoun County,"Washington-Arlington-Alexandria, DC-VA-MD-WV",0.73657423,155417.0,115213.0,154653.0,154653.0,1.00494,0.0,0.0,under_construction,reported
cipher-digital-odessa-tx,-102.3676,31.8457,Match,48,135,3100,1071,48135003100,Texas, Ector County,"Odessa, TX",11.898017,95465.0,94599.0,81330.0,81330.0,1.1737981,0.0,0.0,operational,confirmed
aligned-pdx-01-or,-122.9492507,45.5540594,Match,41,67,32603,5020,41067032603,Oregon, Washington County,"Portland-Vancouver-Hillsboro, OR-WA",2.2013981,143430.0,102281.0,119276.0,119276.0,1.2025051,0.0,0.0,operational,reported
databank-pit1-pittsburgh-pa,-80.0086,40.4479,Match,42,3,981200,1004,42003981200,Pennsylvania, Allegheny County,"Pittsburgh, PA",,,100262.0,102107.0,102107.0,,0.0,0.0,operational,reported
edgecore-shannon-hill-louisa-va,-77.988,37.836,Match,51,75,400500,2011,51075400500,Virginia, Goochland County,"Richmond, VA",5.748116,99167.0,115213.0,110863.0,110863.0,0.89450043,0.0,1.0,proposed,reported
radius-dc-raleigh-1-wake-county-nc,-78.5776,35.7289,Match,37,183,52807,2018,37183052807,North Carolina, Wake County,"Raleigh-Cary, NC",4.7447205,88970.0,90290.0,123586.0,123586.0,0.71990353,0.0,0.0,proposed,reported
terawulf-hawesville-ky,-86.7569,37.8999,Match,21,91,960100,2020,21091960100,Kentucky, Hancock County,,18.879416,63427.0,81505.0,,81505.0,0.77819765,0.0,1.0,under_construction,confirmed
flexential-portland-hillsboro-3-or,-122.9382011,45.5594805,Match,41,67,32603,5041,41067032603,Oregon, Washington County,"Portland-Vancouver-Hillsboro, OR-WA",2.2013981,143430.0,102281.0,119276.0,119276.0,1.2025051,0.0,0.0,operational,reported
beaver-valley-power-station-beaver-county-pa,-80.43056,40.62333,Match,42,7,602900,1002,42007602900,Pennsylvania, Beaver County,"Pittsburgh, PA",8.1204729,120625.0,100262.0,102107.0,102107.0,1.1813588,0.0,1.0,operational,confirmed
geobitmine-aberdeen-id,-112.8383,42.9442,Match,16,11,950300,5043,16011950300,Idaho, Bingham County,,12.050052,84563.0,92668.0,,92668.0,0.91253722,0.0,1.0,proposed,reported
equinix-ch7-il,-87.9728504,41.8125627,Match,17,43,844702,4008,17043844702,Illinois, DuPage County,"Chicago-Naperville-Elgin, IL-IN",3.574702,250000.0,106018.0,113207.0,113207.0,2.208344,0.0,0.0,operational,reported
cyrusone-sat2-sat4-san-antonio-tx,-98.6730474,29.4708878,Match,48,29,171928,1008,48029171928,Texas, Bexar County,"San Antonio-New Braunfels, TX",6.0285892,138589.0,94599.0,92961.0,92961.0,1.4908295,0.0,0.0,operational,reported
digital-realty-ch2-il,-87.9577513,41.9945332,Match,17,31,770500,2068,17031770500,Illinois, Cook County,"Chicago-Naperville-Elgin, IL-IN",13.979497,76026.0,106018.0,113207.0,113207.0,0.67156625,1.0,0.0,operational,reported
ntt-phoenix-ph1-data-center-az,-111.6124114,33.3536663,Match,4,13,422643,3009,4013422643,Arizona, Maricopa County,"Phoenix-Mesa-Chandler, AZ",4.384027,126538.0,95980.0,103615.0,103615.0,1.2212324,0.0,0.0,operational,reported
crusoe-abilene-onsite-generation-tx,-99.788717,32.502213,Match,48,441,13200,1010,48441013200,Texas, Taylor County,"Abilene, TX",15.31376,59271.0,94599.0,85182.0,85182.0,0.69581604,1.0,0.0,operational,confirmed
blue-ladder-wolcott-white-county-in,-87.0281,40.7581,Match,18,181,958300,1072,18181958300,Indiana, White County,,12.581433,90893.0,90767.0,,90767.0,1.0013882,0.0,1.0,permitted,reported
flexential-cottonwood-heights-ut,-111.82565,40.61347,Match,49,35,111305,2022,49035111305,Utah, Salt Lake County,"Salt Lake City-Murray, UT",7.8599582,149148.0,109675.0,116518.0,116518.0,1.2800425,0.0,0.0,operational,reported
sabey-intergate-east-building-5-sdc-east-5-wa,-122.2896655,47.491986,Match,53,33,27200,1004,53033027200,Washington, King County,"Seattle-Tacoma-Bellevue, WA",12.864721,91395.0,118075.0,140190.0,140190.0,0.65193665,1.0,0.0,operational,reported
iron-mountain-white-oak-henrico-va,-77.427,37.556,Match,51,760,10900,4034,51760010900,Virginia, Richmond city,"Richmond, VA",8.2168427,66705.0,115213.0,110863.0,110863.0,0.60168856,1.0,0.0,proposed,confirmed
stack-chi01-il,-87.9651767,42.006856,Match,17,31,770300,3002,17031770300,Illinois, Cook County,"Chicago-Naperville-Elgin, IL-IN",8.7209301,97601.0,106018.0,113207.0,113207.0,0.86214632,0.0,0.0,operational,reported
sangha-systems-hennepin-il,-89.339,41.2489,Match,17,155,954600,1092,17155954600,Illinois, Putnam County,,7.4468083,95598.0,106018.0,,106018.0,0.9017148,0.0,1.0,operational,confirmed
iron-mountain-azp-2-az,-111.9772945,33.4521575,Match,4,13,111203,1002,4013111203,Arizona, Maricopa County,"Phoenix-Mesa-Chandler, AZ",20.513998,79519.0,95980.0,103615.0,103615.0,0.76744682,1.0,0.0,operational,reported
wintersburg-313-tonopah-az,-112.911,33.472,Match,4,13,50603,3079,4013050603,Arizona, Maricopa County,"Phoenix-Mesa-Chandler, AZ",11.781109,71250.0,95980.0,103615.0,103615.0,0.68764174,1.0,0.0,proposed,reported
digital-realty-silicon-valley-sjc10-ca,-121.9533359,37.375822,Match,6,85,505202,2041,6085505202,California, Santa Clara County,"San Jose-Sunnyvale-Santa Clara, CA",19.125883,163550.0,113346.0,184762.0,184762.0,0.88519287,0.0,0.0,operational,reported
aws-carters-store-tech-campus-spotsylvania-va,-77.4687,38.1911,Match,51,177,20206,1023,51177020206,Virginia, Spotsylvania County,"Washington-Arlington-Alexandria, DC-VA-MD-WV",6.4631157,116182.0,115213.0,154653.0,154653.0,0.75124311,0.0,1.0,permitted,reported
senawave-salt-lake-city-ut,-111.8868,40.75962,Match,49,35,114000,2009,49035114000,Utah, Salt Lake County,"Salt Lake City-Murray, UT",11.681244,112355.0,109675.0,116518.0,116518.0,0.96427161,0.0,0.0,operational,reported
centersquare-lax5-irvine-ca,-117.8366956,33.6847703,Match,6,59,75516,4001,6059075516,California, Orange County,"Los Angeles-Long Beach-Anaheim, CA",24.078167,129453.0,113346.0,108949.0,108949.0,1.1881981,1.0,0.0,operational,reported
cyrusone-dfw3-dfw5-allen-tx,-96.6599516,33.1385206,Match,48,85,31418,2049,48085031418,Texas, Collin County,"Dallas-Fort Worth-Arlington, TX",4.4897957,208944.0,94599.0,108711.0,108711.0,1.9220134,0.0,0.0,operational,reported
equinix-la3-el-segundo-ca,-118.3940556,33.9263426,Match,6,37,980013,1020,6037980013,California, Los Angeles County,"Los Angeles-Long Beach-Anaheim, CA",,,113346.0,108949.0,108949.0,,0.0,0.0,operational,reported
abundant-mines-cascadelocks-or,-121.8931,45.6697,Match,41,27,950100,1067,41027950100,Oregon, Hood River County,,5.2491832,105938.0,102281.0,,102281.0,1.0357544,0.0,1.0,operational,confirmed
qts-aurora-co,-104.7241,39.7113,Match,8,5,7108,2017,8005007108,Colorado, Arapahoe County,"Denver-Aurora-Centennial, CO",4.5275073,95865.0,119139.0,132002.0,132002.0,0.72623903,0.0,0.0,under_construction,reported
segra-raleigh-garner-station-data-center-nc,-78.76194,35.85417,Match,37,183,980200,1014,37183980200,North Carolina, Wake County,"Raleigh-Cary, NC",,,90290.0,123586.0,123586.0,,0.0,0.0,operational,reported
digital-realty-sfo10-ca,-122.3979543,37.7236272,Match,6,75,23300,2003,6075023300,California, San Francisco County,"San Francisco-Oakland-Fremont, CA",18.989,92708.0,113346.0,164296.0,164296.0,0.56427425,1.0,0.0,operational,reported
cleanspark-maynardville-tn,-83.7974,36.2506,Match,47,173,40201,3011,47173040201,Tennessee, Union County,"Knoxville, TN",19.387754,62036.0,87314.0,92008.0,92008.0,0.67424572,1.0,1.0,operational,confirmed
switch-las-vegas-12-nv,-115.2132922,36.0617389,Match,32,3,2979,1028,32003002979,Nevada, Clark County,"Las Vegas-Henderson-North Las Vegas, NV",4.1470127,104167.0,92663.0,89785.0,89785.0,1.1601827,0.0,0.0,operational,reported
simple-mining-manchester-ia,-91.4515,42.4842,Match,19,55,950300,3030,19055950300,Iowa, Delaware County,,10.691244,81375.0,97491.0,,97491.0,0.83469242,0.0,1.0,permitted,confirmed
aws-crosby-court-franklin-county-oh,-83.198633,40.10187,Match,39,49,6240,2018,39049006240,Ohio, Franklin County,"Columbus, OH",4.49933,130931.0,92749.0,104588.0,104588.0,1.251874,0.0,0.0,operational,reported
databank-indo-cartersville-ga,-84.7996,34.1651,Match,13,15,960602,2010,13015960602,Georgia, Bartow County,"Atlanta-Sandy Springs-Roswell, GA",23.592756,95871.0,93754.0,107388.0,107388.0,0.89275336,1.0,1.0,proposed,reported
tierpoint-omaha-bellevue-ne,-95.925,41.153,Match,31,153,10105,3006,31153010105,Nebraska, Sarpy County,"Omaha, NE-IA",8.3411732,85774.0,99751.0,109980.0,109980.0,0.77990544,0.0,0.0,operational,reported
polaris-technologies-muskogee-ok,-95.3697,35.7479,Match,40,101,400,2060,40101000400,Oklahoma, Muskogee County,,43.928036,40938.0,82385.0,,82385.0,0.49691084,1.0,1.0,operational,confirmed
iron-mountain-va-6-va,-77.5386481,38.7681429,Match,51,153,901409,8000,51153901409,Virginia, Prince William County,"Washington-Arlington-Alexandria, DC-VA-MD-WV",3.2232347,143786.0,115213.0,154653.0,154653.0,0.92973304,0.0,0.0,operational,reported
mara-site-mat-1177-matagorda-tx,-95.97,28.95,Match,48,321,730400,1029,48321730400,Texas, Matagorda County,,37.252022,83309.0,94599.0,,94599.0,0.88065416,1.0,1.0,proposed,confirmed
digital-realty-iad55-va,-77.4339218,38.9921932,Match,51,107,611020,3043,51107611020,Virginia, Loudoun County,"Washington-Arlington-Alexandria, DC-VA-MD-WV",0.73657423,155417.0,115213.0,154653.0,154653.0,1.00494,0.0,0.0,operational,reported
bitdeer-knoxville-tn,-83.836066,35.941272,Match,47,93,5401,3022,47093005401,Tennessee, Knox County,"Knoxville, TN",10.528942,77969.0,87314.0,92008.0,92008.0,0.84741545,0.0,0.0,under_construction,reported
green-data-socorro-county-nm,-106.8914,34.0584,Match,35,53,978303,1014,35053978303,New Mexico, Socorro County,,19.1313,78724.0,79556.0,,79556.0,0.98954195,0.0,1.0,cancelled,reported
cyrusone-bosque-county-thad-hill-tx,-97.6564,31.9243,Match,48,35,950200,1051,48035950200,Texas, Bosque County,"Waco, TX",6.7447047,72153.0,94599.0,85306.0,85306.0,0.84581387,0.0,1.0,under_construction,reported
digital-realty-iad43-building-s-va,-77.4527034,39.0018258,Match,51,107,611020,3028,51107611020,Virginia, Loudoun County,"Washington-Arlington-Alexandria, DC-VA-MD-WV",0.73657423,155417.0,115213.0,154653.0,154653.0,1.00494,0.0,0.0,operational,reported
muncy-data-center-lycoming-county-pa,-76.804,41.23,Match,42,81,10800,1062,42081010800,Pennsylvania, Lycoming County,"Williamsport, PA",5.9913611,88861.0,100262.0,81556.0,81556.0,1.0895704,0.0,1.0,permitted,reported
applied-digital-polaris-forge-1-ellendale-nd,-98.509,46.003,Match,38,21,973400,1003,38021973400,North Dakota, Dickey County,,9.7895699,96000.0,104993.0,,104993.0,0.91434669,0.0,1.0,under_construction,confirmed
digital-realty-acc10-va,-77.4656035,39.0126563,Match,51,107,611020,3009,51107611020,Virginia, Loudoun County,"Washington-Arlington-Alexandria, DC-VA-MD-WV",0.73657423,155417.0,115213.0,154653.0,154653.0,1.00494,0.0,0.0,operational,reported
chirisa-volo-data-center-il,-88.1382,42.3486,Match,17,97,860906,2031,17097860906,Illinois, Lake County,"Chicago-Naperville-Elgin, IL-IN",5.9750137,145287.0,106018.0,113207.0,113207.0,1.2833747,0.0,0.0,operational,reported
diamond-farms-gateway-digital-villa-ridge-mo,-90.85,38.484,Match,29,71,800101,1031,29071800101,Missouri, Franklin County,"St. Louis, MO-IL",8.2764158,90156.0,91360.0,105167.0,105167.0,0.85726511,0.0,1.0,proposed,reported
microsoft-pecos-tx,-103.49,31.42,Match,48,389,950300,1012,48389950300,Texas, Reeves County,,16.403635,,94599.0,,94599.0,,0.0,1.0,proposed,confirmed
jigowatt-stanton-ne,-97.21722,41.94722,Match,31,167,962200,2052,31167962200,Nebraska, Stanton County,,9.1539192,95833.0,99751.0,,99751.0,0.96072221,0.0,1.0,operational,confirmed
coreweave-kenilworth-nj,-74.2913,40.6762,Match,34,39,33600,4008,34039033600,New Jersey, Union County,"New York-Newark-Jersey City, NY-NJ",6.3520436,140568.0,127025.0,120744.0,120744.0,1.1641821,0.0,0.0,under_construction,reported
hanton-city-smithfield-ri,-71.527,41.867,Match,44,7,12601,2044,44007012601,Rhode Island, Providence County,"Providence-Warwick, RI-MA",2.7671757,116667.0,112375.0,111449.0,111449.0,1.0468196,0.0,0.0,proposed,reported
sabey-intergate-west-building-a-wa,-122.2933176,47.4921833,Match,53,33,27100,1001,53033027100,Washington, King County,"Seattle-Tacoma-Bellevue, WA",25.108122,66607.0,118075.0,140190.0,140190.0,0.47511947,1.0,0.0,operational,reported
syringa-networks-west-valley-city-ut,-111.9867,40.69679,Match,49,35,113406,2021,49035113406,Utah, Salt Lake County,"Salt Lake City-Murray, UT",12.383107,70972.0,109675.0,116518.0,116518.0,0.60910761,1.0,0.0,operational,reported
vantage-pittsboro-in,-86.4675,39.8656,Match,18,63,210300,2009,18063210300,Indiana, Hendricks County,"Indianapolis-Carmel-Greenwood, IN",3.652019,125482.0,90767.0,102227.0,102227.0,1.227484,0.0,0.0,permitted,reported
mawson-bellefonte-pa,-77.7791,40.9145,Match,42,27,11102,2026,42027011102,Pennsylvania, Centre County,"State College, PA",7.135778,103025.0,100262.0,111076.0,111076.0,0.92751807,0.0,1.0,operational,confirmed
duke-energy-person-county-energy-complex-cc-nc,-79.0736,36.4836,Match,37,145,920200,2059,37145920200,North Carolina, Person County,"Durham-Chapel Hill, NC",6.0045319,110221.0,90290.0,113114.0,113114.0,0.974424,0.0,1.0,under_construction,reported
coinmint-massena-ny,-74.732659,44.977701,Match,36,89,490300,5002,36089490300,New York, St. Lawrence County,,22.759022,65786.0,106873.0,,106873.0,0.61555302,1.0,1.0,operational,reported
newrays-one-bono-ar,-92.476,35.256,Match,5,45,30104,1006,5045030104,Arkansas, Faulkner County,"Little Rock-North Little Rock-Conway, AR",11.84551,86250.0,76968.0,87649.0,87649.0,0.98403859,0.0,1.0,operational,confirmed
core-scientific-quinlan-tx,-96.138,32.911,Match,48,231,961503,3036,48231961503,Texas, Hunt County,"Dallas-Fort Worth-Arlington, TX",16.057362,80662.0,94599.0,108711.0,108711.0,0.74198562,0.0,1.0,proposed,confirmed
pointone-lower-moncure-road-lee-county-nc,-79.17833,35.48778,Match,37,105,30200,1018,37105030200,North Carolina, Lee County,,36.595509,35121.0,90290.0,,90290.0,0.38897994,1.0,1.0,proposed,reported
tract-mooresville-nc,-80.81,35.58,Match,37,97,61503,1004,37097061503,North Carolina, Iredell County,"Charlotte-Concord-Gastonia, NC-SC",11.432109,116875.0,90290.0,102246.0,102246.0,1.1430765,0.0,0.0,cancelled,reported
nydig-dfm-kraken-richland-mt,-103.924,47.873,Match,38,53,962500,1028,38053962500,North Dakota, McKenzie County,,7.1325994,120164.0,104993.0,,104993.0,1.1444954,0.0,1.0,permitted,reported
aligned-iad-03-va,-77.4407776,38.9886354,Match,51,107,611020,3038,51107611020,Virginia, Loudoun County,"Washington-Arlington-Alexandria, DC-VA-MD-WV",0.73657423,155417.0,115213.0,154653.0,154653.0,1.00494,0.0,0.0,operational,reported
tierpoint-charlotte-center-park-nc,-80.928121,35.1731955,Match,37,119,5928,1023,37119005928,North Carolina, Mecklenburg County,"Charlotte-Concord-Gastonia, NC-SC",11.3127,99000.0,90290.0,102246.0,102246.0,0.96825302,0.0,0.0,operational,reported
armory-innovation-district-st-louis-mo,-90.237,38.636,Match,29,510,119300,3008,29510119300,Missouri, St. Louis city,"St. Louis, MO-IL",37.576218,100913.0,91360.0,105167.0,105167.0,0.95955002,1.0,0.0,permitted,reported
blockfusion-niagara-falls-ny,-79.0377,43.0962,Match,36,63,21000,3007,36063021000,New York, Niagara County,"Buffalo-Cheektowaga, NY",26.57078,91339.0,106873.0,96701.0,96701.0,0.94455075,1.0,0.0,operational,confirmed
equinix-dc3-va,-77.460235,39.0220154,Match,51,107,611006,1020,51107611006,Virginia, Loudoun County,"Washington-Arlington-Alexandria, DC-VA-MD-WV",2.078522,211875.0,115213.0,154653.0,154653.0,1.3700025,0.0,0.0,operational,reported
fermi-matador-amarillo-tx,-101.543,35.396,Match,48,65,950200,2257,48065950200,Texas, Carson County,"Amarillo, TX",5.1750379,113966.0,94599.0,91941.0,91941.0,1.2395558,0.0,1.0,under_construction,reported
prime-lax01-vernon-ca,-118.2303092,34.0014335,Match,6,37,980016,1064,6037980016,California, Los Angeles County,"Los Angeles-Long Beach-Anaheim, CA",7.2507553,70250.0,113346.0,108949.0,108949.0,0.64479709,1.0,0.0,operational,reported
aligned-pataskala-licking-oh,-82.6743,39.9956,Match,39,89,756801,2015,39089756801,Ohio, Licking County,"Columbus, OH",13.131074,65577.0,92749.0,104588.0,104588.0,0.62700307,1.0,1.0,cancelled,confirmed
digital-realty-northern-virginia-iad14-va,-77.4870935,39.0033364,Match,51,107,611020,3070,51107611020,Virginia, Loudoun County,"Washington-Arlington-Alexandria, DC-VA-MD-WV",0.73657423,155417.0,115213.0,154653.0,154653.0,1.00494,0.0,0.0,operational,reported
coresite-va3-reston-va-va,-77.3724298,38.9483343,Match,51,59,481202,3004,51059481202,Virginia, Fairfax County,"Washington-Arlington-Alexandria, DC-VA-MD-WV",5.8932428,140227.0,115213.0,154653.0,154653.0,0.90672022,0.0,0.0,operational,reported
meta-cheyenne-wy,-104.769,41.099,Match,56,21,2001,2054,56021002001,Wyoming, Laramie County,"Cheyenne, WY",15.929009,81681.0,96997.0,99600.0,99600.0,0.82009035,0.0,0.0,under_construction,confirmed
standard-power-coshocton-oh,-81.8649437,40.2771782,Match,39,31,961300,2005,39031961300,Ohio, Coshocton County,,23.972973,76080.0,92749.0,,92749.0,0.82027841,1.0,1.0,operational,confirmed
cleanspark-sandersville-ga,-82.8071,32.9807,Match,13,303,950400,3024,13303950400,Georgia, Washington County,,15.076923,73779.0,93754.0,,93754.0,0.78694242,0.0,1.0,operational,confirmed
nebius-bhm01-birmingham-al,-86.8131,33.4556,Match,1,73,10704,2019,1073010704,Alabama, Jefferson County,"Birmingham, AL",7.9191236,93750.0,83032.0,91396.0,91396.0,1.025756,0.0,0.0,under_construction,confirmed
iron-mountain-azs-1-az,-111.8960985,33.6446663,Match,4,13,216845,1013,4013216845,Arizona, Maricopa County,"Phoenix-Mesa-Chandler, AZ",8.3149176,94632.0,95980.0,103615.0,103615.0,0.91330403,0.0,0.0,operational,reported
qts-dane-county-deforest-wi,-89.3401,43.2428,Match,55,25,13301,2010,55025013301,Wisconsin, Dane County,"Madison, WI",4.0393753,121488.0,100141.0,120280.0,120280.0,1.0100433,0.0,0.0,cancelled,confirmed
cleco-rapides-parish-gas-plant-la,-92.6693,31.3905,Match,22,79,10501,1012,22079010501,Louisiana, Rapides Parish,"Alexandria, LA",23.095823,79107.0,79407.0,73265.0,73265.0,1.0797379,1.0,1.0,proposed,reported
fluidstack-okmulgee-county-ok,-95.9605,35.6231,Match,40,111,400,3004,40111000400,Oklahoma, Okmulgee County,"Tulsa, OK",15.430696,63257.0,82385.0,88320.0,88320.0,0.71622509,0.0,1.0,proposed,confirmed
tract-mountain-road-technology-park-hanover-va,-77.53629,37.693493,Match,51,85,320400,1028,51085320400,Virginia, Hanover County,"Richmond, VA",5.7787175,118380.0,115213.0,110863.0,110863.0,1.0678045,0.0,0.0,cancelled,confirmed
fortitude-aurora-ne,-98.0075,40.86472,Match,31,81,969300,4087,31081969300,Nebraska, Hamilton County,,4.48036,105034.0,99751.0,,99751.0,1.0529618,0.0,1.0,operational,confirmed
meta-temple-tx,-97.3812992,31.1399225,Match,48,27,20302,2037,48027020302,Texas, Bell County,"Killeen-Temple, TX",4.0268455,89554.0,94599.0,81686.0,81686.0,1.09632,0.0,0.0,operational,confirmed
amazon-devlin-tech-park-va,-77.558,38.724,Match,51,153,901417,1007,51153901417,Virginia, Prince William County,"Washington-Arlington-Alexandria, DC-VA-MD-WV",1.212508,228625.0,115213.0,154653.0,154653.0,1.4783095,0.0,0.0,permitted,confirmed
coresite-ch2-chicago-il,-87.6413029,41.8628,Match,17,31,841900,2023,17031841900,Illinois, Cook County,"Chicago-Naperville-Elgin, IL-IN",15.074981,191675.0,106018.0,113207.0,113207.0,1.6931374,0.0,0.0,operational,confirmed
hut8-king-mountain-mccamey-tx,-102.244163,31.2547925,Match,48,461,950200,1162,48461950200,Texas, Upton County,,14.71536,49042.0,94599.0,,94599.0,0.51841986,1.0,1.0,operational,confirmed
archer-datacenter-faribault-mn,-93.2871543,44.3654972,Match,27,131,70400,3023,27131070400,Minnesota, Rice County,,5.0795159,111375.0,113993.0,,113993.0,0.97703367,0.0,1.0,proposed,reported
raeden-grand-crossing-south-city-of-industry-ca,-117.8333142,34.0051077,Match,6,37,403327,1061,6037403327,California, Los Angeles County,"Los Angeles-Long Beach-Anaheim, CA",4.2464614,120109.0,113346.0,108949.0,108949.0,1.1024332,0.0,0.0,proposed,reported
vantage-oh2-millersport-fairfield-oh,-82.5324,39.902,Match,39,45,30100,3028,39045030100,Ohio, Fairfield County,"Columbus, OH",5.4905024,92500.0,92749.0,104588.0,104588.0,0.88442266,0.0,1.0,under_construction,confirmed
interstate-holdings-blockchain-cabot-ar,-92.0179,34.9748,Match,5,85,20202,1029,5085020202,Arkansas, Lonoke County,"Little Rock-North Little Rock-Conway, AR",8.7420044,74316.0,76968.0,87649.0,87649.0,0.84788191,0.0,1.0,operational,reported
powerhouse-pax-carlisle-pa,-77.1889,40.2015,Match,42,41,12200,1008,42041012200,Pennsylvania, Cumberland County,"Harrisburg-Carlisle, PA",31.983599,37024.0,100262.0,102964.0,102964.0,0.35958198,1.0,0.0,under_construction,confirmed
digital-realty-pdx11-or,-122.9167725,45.5679542,Match,41,67,32700,3013,41067032700,Oregon, Washington County,"Portland-Vancouver-Hillsboro, OR-WA",4.8726654,157586.0,102281.0,119276.0,119276.0,1.3211879,0.0,0.0,operational,reported
duke-energy-davidson-county-cc4-nc,-80.3753,35.8163,Match,37,57,61704,1008,37057061704,North Carolina, Davidson County,"Winston-Salem, NC",7.6885881,98698.0,90290.0,83438.0,83438.0,1.1828903,0.0,1.0,proposed,reported
rcm-hill-project-aquila-hill-county-tx,-97.13,32.03,Match,48,217,960900,1004,48217960900,Texas, Hill County,,30.10157,48494.0,94599.0,,94599.0,0.51262701,1.0,1.0,proposed,confirmed
servistar-westfield-ma,-72.741619,42.157077,Match,25,13,812800,3012,25013812800,Massachusetts, Hampden County,"Springfield, MA",6.3760295,99453.0,131675.0,91397.0,91397.0,1.088143,0.0,1.0,proposed,reported
miningstore-union-township-hardin-ia,-93.0788,42.2453,Match,19,83,480500,4021,19083480500,Iowa, Hardin County,,7.3524084,90804.0,97491.0,,97491.0,0.93140906,0.0,1.0,permitted,reported
crypto-knight-hosting-cheyenne-wy,-104.82,41.14,Match,56,21,1000,4021,56021001000,Wyoming, Laramie County,"Cheyenne, WY",7.8263965,94276.0,96997.0,99600.0,99600.0,0.9465462,0.0,0.0,operational,reported
digital-realty-phx15-az,-111.8866379,33.2749228,Match,4,13,812200,2002,4013812200,Arizona, Maricopa County,"Phoenix-Mesa-Chandler, AZ",8.6242304,122471.0,95980.0,103615.0,103615.0,1.1819813,0.0,0.0,operational,reported
cyrusone-sat1-san-antonio-tx,-98.6880869,29.4666098,Match,48,29,171912,3016,48029171912,Texas, Bexar County,"San Antonio-New Braunfels, TX",8.7169867,102083.0,94599.0,92961.0,92961.0,1.0981271,0.0,0.0,operational,reported
meta-anthem-tulsa-ok,-95.88,36.14,Match,40,143,7102,2010,40143007102,Oklahoma, Tulsa County,"Tulsa, OK",20.882917,50865.0,82385.0,88320.0,88320.0,0.57591712,1.0,0.0,under_construction,confirmed
microsoft-ginger-east-ia,-93.7362003,41.5193146,Match,19,153,11028,1049,19153011028,Iowa, Polk County,"Des Moines-West Des Moines, IA",8.8767433,140817.0,97491.0,110255.0,110255.0,1.2771938,0.0,0.0,under_construction,reported
meta-aiken-county-sc,-81.8287,33.5629,Match,45,3,20402,2026,45003020402,South Carolina, Aiken County,"Augusta-Richmond County, GA-SC",39.159405,58750.0,86707.0,84944.0,84944.0,0.69163215,1.0,1.0,under_construction,confirmed
prime-santa-clara-silicon-valley-campus-ca,-121.9628653,37.3666621,Match,6,85,505202,2072,6085505202,California, Santa Clara County,"San Jose-Sunnyvale-Santa Clara, CA",19.125883,163550.0,113346.0,184762.0,184762.0,0.88519287,0.0,0.0,operational,reported
digital-realty-aus11-tx,-97.6957555,30.212156,Match,48,453,2448,1021,48453002448,Texas, Travis County,"Austin-Round Rock-San Marcos, TX",6.4102564,113161.0,94599.0,126591.0,126591.0,0.89391029,0.0,0.0,operational,reported
tierpoint-dallas-tx,-96.8573889,32.8079818,Match,48,113,10003,2175,48113010003,Texas, Dallas County,"Dallas-Fort Worth-Arlington, TX",20.317751,112253.0,94599.0,108711.0,108711.0,1.0325818,1.0,0.0,operational,reported
cyrusone-nva5-sterling-va,-77.4341,39.024356,Match,51,107,611018,3010,51107611018,Virginia, Loudoun County,"Washington-Arlington-Alexandria, DC-VA-MD-WV",14.010811,143750.0,115213.0,154653.0,154653.0,0.92950022,0.0,0.0,operational,reported
flexential-richmond-ric01-02-va,-77.4386952,37.6468902,Match,51,87,200904,3003,51087200904,Virginia, Henrico County,"Richmond, VA",5.8157487,107176.0,115213.0,110863.0,110863.0,0.96674275,0.0,0.0,operational,reported
riot-paducah-mccracken-ky,-88.703071,37.089242,Match,21,145,31401,2043,21145031401,Kentucky, McCracken County,"Paducah, KY-IL",15.516063,80074.0,81505.0,86080.0,86080.0,0.9302277,0.0,1.0,operational,confirmed
edged-columbus-new-albany-oh,-82.81578,40.10608,Match,39,49,7205,2034,39049007205,Ohio, Franklin County,"Columbus, OH",4.5401821,89286.0,92749.0,104588.0,104588.0,0.85369259,0.0,0.0,operational,confirmed
project-tango-loxahatchee-fl,-80.39,26.6284,Match,12,99,980400,1000,12099980400,Florida, Palm Beach County,"Miami-Fort Lauderdale-West Palm Beach, FL",,,89891.0,89212.0,89212.0,,0.0,1.0,cancelled,reported
triboro-industrial-park-jessup-olyphant-lackawanna-county-pa,-75.58,41.45,Match,42,69,111400,4045,42069111400,Pennsylvania, Lackawanna County,"Scranton--Wilkes-Barre, PA",8.7716036,84167.0,100262.0,85514.0,85514.0,0.98424822,0.0,0.0,permitted,reported
bitzero-nekoma-nd,-98.3567389,48.5894194,Match,38,19,951100,3255,38019951100,North Dakota, Cavalier County,,6.0739923,100417.0,104993.0,,104993.0,0.95641613,0.0,1.0,operational,reported
aligned-iad-01-va,-77.4705563,39.0136079,Match,51,107,611020,3009,51107611020,Virginia, Loudoun County,"Washington-Arlington-Alexandria, DC-VA-MD-WV",0.73657423,155417.0,115213.0,154653.0,154653.0,1.00494,0.0,0.0,operational,reported
crosland-southeast-matthews-project-accelerate-nc,-80.7082,35.1015,Match,37,119,5835,1002,37119005835,North Carolina, Mecklenburg County,"Charlotte-Concord-Gastonia, NC-SC",3.1286211,139818.0,90290.0,102246.0,102246.0,1.3674667,0.0,0.0,cancelled,reported
equinix-la4-el-segundo-ca,-118.383118,33.9219979,Match,6,37,980013,1001,6037980013,California, Los Angeles County,"Los Angeles-Long Beach-Anaheim, CA",,,113346.0,108949.0,108949.0,,0.0,0.0,operational,reported
aps-cholla-natural-gas-conversion-joseph-city-az,-110.3,34.94,Match,4,17,960500,1132,4017960500,Arizona, Navajo County,,18.469486,72407.0,95980.0,,95980.0,0.75439674,0.0,1.0,proposed,reported
lambda-kansas-city-mo,-94.72,39.33,Match,29,165,980000,1011,29165980000,Missouri, Platte County,"Kansas City, MO-KS",,,91360.0,106867.0,106867.0,,0.0,0.0,under_construction,confirmed
t5-atlanta-i-ga,-84.264267,34.0757915,Match,13,121,11652,1025,13121011652,Georgia, Fulton County,"Atlanta-Sandy Springs-Roswell, GA",4.375,178381.0,93754.0,107388.0,107388.0,1.6610887,0.0,0.0,operational,reported
aws-industrial-parkway-jerome-township-oh,-83.212394,40.134553,Match,39,159,50601,2020,39159050601,Ohio, Union County,"Columbus, OH",0.19295302,212576.0,92749.0,104588.0,104588.0,2.0325086,0.0,0.0,operational,reported
oracle-salt-lake-city-ut,-111.8868,40.75962,Match,49,35,114000,2009,49035114000,Utah, Salt Lake County,"Salt Lake City-Murray, UT",11.681244,112355.0,109675.0,116518.0,116518.0,0.96427161,0.0,0.0,operational,reported
soluna-project-sophie-murray-ky,-88.315,36.61,Match,21,35,10500,1006,21035010500,Kentucky, Calloway County,,24.125668,51250.0,81505.0,,81505.0,0.6287958,1.0,1.0,operational,confirmed
cologix-ash1-va,-77.4595164,39.0179257,Match,51,107,611006,1020,51107611006,Virginia, Loudoun County,"Washington-Arlington-Alexandria, DC-VA-MD-WV",2.078522,211875.0,115213.0,154653.0,154653.0,1.3700025,0.0,0.0,operational,reported
h5-la-vista-ne,-96.075,41.166,Match,31,153,10623,4003,31153010623,Nebraska, Sarpy County,"Omaha, NE-IA",5.9390049,131563.0,99751.0,109980.0,109980.0,1.1962447,0.0,0.0,operational,confirmed
cleanarc-ruther-glen-va,-77.4837,37.9374,Match,51,33,30503,2004,51033030503,Virginia, Caroline County,,27.86536,47695.0,115213.0,,115213.0,0.41397238,1.0,1.0,under_construction,confirmed
colovore-reno-1-storey-county-nv,-119.4771513,39.5341121,Match,32,29,970200,1042,32029970200,Nevada, Storey County,"Reno, NV",7.0582547,121477.0,92663.0,104602.0,104602.0,1.1613258,0.0,1.0,permitted,confirmed
perry-nuclear-lake-county-oh,-81.14333,41.80083,Match,39,85,206300,2011,39085206300,Ohio, Lake County,"Cleveland, OH",5.2443132,128800.0,92749.0,95803.0,95803.0,1.3444256,0.0,0.0,operational,confirmed
qts-sacramento-ca,-121.4862686,38.6463763,Match,6,67,7019,2052,6067007019,California, Sacramento County,"Sacramento-Roseville-Folsom, CA",25.901741,115536.0,113346.0,116511.0,116511.0,0.99163169,1.0,0.0,operational,reported
bitdeer-wenatchee-pangborn-wa,-120.209264,47.413902,Match,53,17,950300,3002,53017950300,Washington, Douglas County,"Wenatchee-East Wenatchee, WA",7.6990705,87371.0,118075.0,94263.0,94263.0,0.92688543,0.0,1.0,under_construction,confirmed
edgeconnex-por01-por02-hillsboro-campus-or,-122.9122077,45.5564226,Match,41,67,32612,2001,41067032612,Oregon, Washington County,"Portland-Vancouver-Hillsboro, OR-WA",3.994967,165166.0,102281.0,119276.0,119276.0,1.384738,0.0,0.0,operational,reported
equinix-sv4-ca,-122.0145563,37.4145109,Match,6,85,504602,1068,6085504602,California, Santa Clara County,"San Jose-Sunnyvale-Santa Clara, CA",7.4578471,144464.0,113346.0,184762.0,184762.0,0.78189236,0.0,0.0,operational,reported
genesis-digital-assets-union-lockhart-sc,-81.4620402,34.7865238,Match,45,87,30900,2127,45087030900,South Carolina, Union County,"Spartanburg, SC",24.182243,73170.0,86707.0,78303.0,78303.0,0.93444693,1.0,1.0,operational,reported
cloudhq-lc1-va,-77.4626713,39.0102471,Match,51,107,611020,3009,51107611020,Virginia, Loudoun County,"Washington-Arlington-Alexandria, DC-VA-MD-WV",0.73657423,155417.0,115213.0,154653.0,154653.0,1.00494,0.0,0.0,operational,reported
switch-apex-industrial-park-north-las-vegas-nv,-114.9277774,36.329138,Match,32,3,5902,1172,32003005902,Nevada, Clark County,"Las Vegas-Henderson-North Las Vegas, NV",16.885553,112778.0,92663.0,89785.0,89785.0,1.2560896,0.0,0.0,proposed,reported
oppd-turtle-creek-station-sarpy-ne,-96.191,41.056,Match,31,153,10701,2003,31153010701,Nebraska, Sarpy County,"Omaha, NE-IA",1.858736,151875.0,99751.0,109980.0,109980.0,1.3809329,0.0,0.0,operational,confirmed
tierpoint-dallas-allen-tx,-96.657329,33.1379102,Match,48,85,31418,2049,48085031418,Texas, Collin County,"Dallas-Fort Worth-Arlington, TX",4.4897957,208944.0,94599.0,108711.0,108711.0,1.9220134,0.0,0.0,operational,reported
province-group-merrillville-technology-park-in,-87.29,41.46,Match,18,89,42301,1018,18089042301,Indiana, Lake County,"Chicago-Naperville-Elgin, IL-IN",2.8268552,118259.0,90767.0,113207.0,113207.0,1.0446262,0.0,0.0,proposed,reported
marathon-digital-garden-city-tx,-101.4849,31.8724,Match,48,173,950100,1145,48173950100,Texas, Glasscock County,,8.8951311,124464.0,94599.0,,94599.0,1.315701,0.0,1.0,operational,confirmed
aws-green-new-florence-mo,-91.52,38.852,Match,29,139,970300,1103,29139970300,Missouri, Montgomery County,,11.190656,75945.0,91360.0,,91360.0,0.83127189,0.0,1.0,under_construction,confirmed
us-signal-wi02-fitchburg-wi,-89.42339,42.9947535,Match,55,25,10702,2027,55025010702,Wisconsin, Dane County,"Madison, WI",4.0277138,160787.0,100141.0,120280.0,120280.0,1.3367726,0.0,0.0,operational,reported
jones-eagle-dewitt-ar,-91.3383,34.2875,Match,5,1,480700,1091,5001480700,Arkansas, Arkansas County,,20.427807,56771.0,76968.0,,76968.0,0.73759222,1.0,1.0,operational,confirmed
tierpoint-hawthorne-westchester-ny,-73.815184,41.088456,Match,36,119,981000,1019,36119981000,New York, Westchester County,"New York-Newark-Jersey City, NY-NJ",81.743225,,106873.0,120744.0,120744.0,,1.0,0.0,operational,confirmed
lumen-baltimore-1-md,-76.6204024,39.2917592,Match,24,510,40100,4020,24510040100,Maryland, Baltimore city,"Baltimore-Columbia-Towson, MD",17.833099,90893.0,127817.0,126229.0,126229.0,0.72006434,0.0,0.0,operational,reported
google-skyway-pine-island-mn,-92.6496,44.2019,Match,27,49,80800,2009,27049080800,Minnesota, Goodhue County,,3.3205619,133661.0,113993.0,,113993.0,1.172537,0.0,1.0,proposed,confirmed
oppidan-beaver-dam-edge-wi,-88.8373,43.4578,Match,55,27,961000,3006,55027961000,Wisconsin, Dodge County,,12.539034,86906.0,100141.0,,100141.0,0.86783636,0.0,1.0,permitted,reported
cologix-col2-columbus-oh,-83.0020077,40.1164691,Match,39,49,7048,3023,39049007048,Ohio, Franklin County,"Columbus, OH",11.277815,108958.0,92749.0,104588.0,104588.0,1.041783,0.0,0.0,operational,confirmed
unisys-salt-lake-city-ut,-111.8868,40.75962,Match,49,35,114000,2009,49035114000,Utah, Salt Lake County,"Salt Lake City-Murray, UT",11.681244,112355.0,109675.0,116518.0,116518.0,0.96427161,0.0,0.0,operational,reported
terra-nexus-custer-avenue-fayetteville-cumberland-county-nc,-78.97722,35.085,Match,37,51,3304,3000,37051003304,North Carolina, Cumberland County,"Fayetteville, NC",16.048307,69760.0,90290.0,73956.0,73956.0,0.94326359,0.0,0.0,proposed,reported
60-hudson-street-ny,-74.008348,40.71767,Match,36,61,3300,2017,36061003300,New York, New York County,"New York-Newark-Jersey City, NY-NJ",3.4616032,250000.0,106873.0,120744.0,120744.0,2.0704963,0.0,0.0,operational,reported
cloverleaf-wrightstown-village-wi,-88.1631,44.3269,Match,55,9,21400,3035,55009021400,Wisconsin, Brown County,"Green Bay, WI",2.8328612,118459.0,100141.0,101584.0,101584.0,1.1661186,0.0,0.0,proposed,reported
dpo-wisconsin-rapids-hpc-wi,-89.8228767,44.3917589,Match,55,141,11000,5033,55141011000,Wisconsin, Wood County,,13.766098,67997.0,100141.0,,100141.0,0.6790126,1.0,1.0,proposed,reported
edgeconnex-sac01-ca,-121.27744,38.5922987,Match,6,67,9010,4014,6067009010,California, Sacramento County,"Sacramento-Roseville-Folsom, CA",12.049781,98505.0,113346.0,116511.0,116511.0,0.84545666,0.0,0.0,operational,reported
edged-mesa-az,-111.8315,33.4152,Match,4,13,421400,4019,4013421400,Arizona, Maricopa County,"Phoenix-Mesa-Chandler, AZ",17.322569,48345.0,95980.0,103615.0,103615.0,0.46658301,1.0,0.0,operational,reported
fogo-data-centers-new-orleans-la,-90.0730531,29.9529522,Match,22,71,13400,1006,22071013400,Louisiana, Orleans Parish,"New Orleans-Metairie, LA",28.213507,,79407.0,83780.0,83780.0,,1.0,0.0,operational,confirmed
ncar-wyoming-supercomputing-center-cheyenne-wy,-104.8974,41.1289,Match,56,21,1902,1019,56021001902,Wyoming, Laramie County,"Cheyenne, WY",2.5748377,123052.0,96997.0,99600.0,99600.0,1.2354618,0.0,0.0,operational,confirmed
meta-forest-city-nc,-81.826,35.317,Match,37,161,961104,1003,37161961104,North Carolina, Rutherford County,,21.022259,76651.0,90290.0,,90290.0,0.84894228,1.0,1.0,operational,confirmed
core-scientific-muskogee-ok,-95.42,35.72,Match,40,101,1100,2000,40101001100,Oklahoma, Muskogee County,,14.16252,82019.0,82385.0,,82385.0,0.99555743,0.0,1.0,under_construction,confirmed
t5-chicago-iii-northlake-il,-87.9145933,41.9310571,Match,17,31,811702,1000,17031811702,Illinois, Cook County,"Chicago-Naperville-Elgin, IL-IN",11.646734,92925.0,106018.0,113207.0,113207.0,0.82084149,0.0,0.0,under_construction,confirmed
segra-charlotte-international-airport-drive-nc,-80.84306,35.22722,Match,37,119,104,1014,37119000104,North Carolina, Mecklenburg County,"Charlotte-Concord-Gastonia, NC-SC",9.4455853,177969.0,90290.0,102246.0,102246.0,1.7405962,0.0,0.0,operational,reported
cipher-digital-hashworks-waterford-washington-oh,-81.64944,39.55139,Match,39,167,21600,1024,39167021600,Ohio, Washington County,,7.7198787,89730.0,92749.0,,92749.0,0.96744978,0.0,1.0,proposed,rumored
lumen-salt-lake-city-ut,-111.8868,40.75962,Match,49,35,114000,2009,49035114000,Utah, Salt Lake County,"Salt Lake City-Murray, UT",11.681244,112355.0,109675.0,116518.0,116518.0,0.96427161,0.0,0.0,operational,reported
mghpcc-holyoke-ma,-72.60693,42.20285,Match,25,13,811600,2011,25013811600,Massachusetts, Hampden County,"Springfield, MA",45.066753,36591.0,131675.0,91397.0,91397.0,0.4003523,1.0,0.0,operational,confirmed
h5-data-centers-seattle-denny-way-wa,-122.3379,47.6205,Match,53,33,7303,3002,53033007303,Washington, King County,"Seattle-Tacoma-Bellevue, WA",4.4043512,250000.0,118075.0,140190.0,140190.0,1.7832941,0.0,0.0,operational,confirmed
apricus-rock-point-data-center-west-plains-wa,-117.73,47.621,Match,53,63,10403,1047,53063010403,Washington, Spokane County,"Spokane-Spokane Valley, WA",5.1386414,105560.0,118075.0,98269.0,98269.0,1.0741943,0.0,1.0,proposed,rumored
databank-slc1-salt-lake-city-ut,-111.88585,40.76852,Match,49,35,114000,1000,49035114000,Utah, Salt Lake County,"Salt Lake City-Murray, UT",11.681244,112355.0,109675.0,116518.0,116518.0,0.96427161,0.0,0.0,operational,confirmed
microsoft-becker-mn,-93.8768904,45.3931821,Match,27,141,30407,2028,27141030407,Minnesota, Sherburne County,"Minneapolis-St. Paul-Bloomington, MN-WI",12.913159,109884.0,113993.0,126705.0,126705.0,0.86724281,0.0,1.0,proposed,reported
cyrusone-project-peach-palmetto-ga,-84.6693,33.5182,Match,13,121,10401,3025,13121010401,Georgia, Fulton County,"Atlanta-Sandy Springs-Roswell, GA",8.2975063,115793.0,93754.0,107388.0,107388.0,1.0782676,0.0,0.0,permitted,reported
t5-silicon-valley-newark-ca,-122.0312,37.5461,Match,6,1,444100,3007,6001444100,California, Alameda County,"San Francisco-Oakland-Fremont, CA",6.2956471,210523.0,113346.0,164296.0,164296.0,1.2813641,0.0,0.0,operational,reported
cleanspark-dalton-ga,-84.9702,34.769800000000004,Match,13,313,502,1084,13313000502,Georgia, Whitfield County,"Dalton, GA",29.090073,65129.0,93754.0,76435.0,76435.0,0.85208344,1.0,1.0,operational,confirmed
meta-rosemount-mn,-93.115,44.74,Match,27,37,61009,1023,27037061009,Minnesota, Dakota County,"Minneapolis-St. Paul-Bloomington, MN-WI",0.97453225,170707.0,113993.0,126705.0,126705.0,1.3472791,0.0,0.0,under_construction,confirmed
sabey-umatilla-or,-119.339,45.919,Match,41,59,950900,1051,41059950900,Oregon, Umatilla County,,17.445255,72319.0,102281.0,,102281.0,0.70706195,0.0,1.0,under_construction,reported
aligned-neo-01-oh,-82.7189574,41.4321977,Match,39,43,41600,3001,39043041600,Ohio, Erie County,"Sandusky, OH",2.1989715,109063.0,92749.0,93585.0,93585.0,1.1653898,0.0,1.0,under_construction,reported
switch-citadel-storey-county-nv,-119.3732,39.6183,Match,32,31,3501,3075,32031003501,Nevada, Washoe County,"Reno, NV",8.5920582,125379.0,92663.0,104602.0,104602.0,1.1986291,0.0,0.0,operational,confirmed
digital-realty-ord12-franklin-park-il,-87.8592552,41.9283705,Match,17,31,811302,2000,17031811302,Illinois, Cook County,"Chicago-Naperville-Elgin, IL-IN",22.873819,49457.0,106018.0,113207.0,113207.0,0.43687227,1.0,0.0,operational,confirmed
stack-svy03a-hayward-ca,-122.1195048,37.6281336,Match,6,1,437101,1026,6001437101,California, Alameda County,"San Francisco-Oakland-Fremont, CA",6.9461403,167344.0,113346.0,164296.0,164296.0,1.0185518,0.0,0.0,permitted,confirmed
switch-las-vegas-10-nv,-115.2230608,36.0555857,Match,32,3,2981,2000,32003002981,Nevada, Clark County,"Las Vegas-Henderson-North Las Vegas, NV",5.4070983,107440.0,92663.0,89785.0,89785.0,1.1966364,0.0,0.0,operational,reported
aws-arlington-gilliam-or,-120.20088,45.7168,Match,41,21,960100,1059,41021960100,Oregon, Gilliam County,,15.253361,90865.0,102281.0,,102281.0,0.88838589,0.0,1.0,proposed,confirmed
talen-montour-ct-expansion-derry-township-montour-pa,-76.6667,41.0333,Match,42,93,50100,3115,42093050100,Pennsylvania, Montour County,,12.118152,84623.0,100262.0,,100262.0,0.8440187,0.0,1.0,proposed,reported
monticello-tech-park-frattalone-mn,-93.7994056,45.298583,Match,27,171,100203,3048,27171100203,Minnesota, Wright County,"Minneapolis-St. Paul-Bloomington, MN-WI",6.148591,84318.0,113993.0,126705.0,126705.0,0.66546702,1.0,1.0,proposed,reported
coresite-dc1-washington-d-c-dc,-77.0291491,38.9028879,Match,11,1,10100,2004,11001010100,District of Columbia, District of Columbia,"Washington-Arlington-Alexandria, DC-VA-MD-WV",9.2680988,250000.0,155025.0,154653.0,154653.0,1.6165222,0.0,0.0,operational,reported
vantage-san-antonio-tx22-tx,-98.6977011,29.4790852,Match,48,29,171912,3011,48029171912,Texas, Bexar County,"San Antonio-New Braunfels, TX",8.7169867,102083.0,94599.0,92961.0,92961.0,1.0981271,0.0,0.0,under_construction,reported
flexential-atlanta-alpharetta-data-center-ga,-84.2518184,34.0869864,Match,13,121,11652,1023,13121011652,Georgia, Fulton County,"Atlanta-Sandy Springs-Roswell, GA",4.375,178381.0,93754.0,107388.0,107388.0,1.6610887,0.0,0.0,operational,reported
xai-colossus-2-power-station-southaven-ms,-90.042296,34.984394,Match,28,33,70421,1004,28033070421,Mississippi, DeSoto County,"Memphis, TN-MS-AR",21.064617,52933.0,73163.0,84517.0,84517.0,0.62630004,1.0,0.0,operational,confirmed
aligned-phx-01-02-03-az,-112.1111595,33.6590546,Match,4,13,616500,2002,4013616500,Arizona, Maricopa County,"Phoenix-Mesa-Chandler, AZ",17.481884,87773.0,95980.0,103615.0,103615.0,0.84710705,0.0,0.0,operational,reported
fairfield-energy-center-millersport-fairfield-oh,-82.53861,39.89806,Match,39,45,30100,3008,39045030100,Ohio, Fairfield County,"Columbus, OH",5.4905024,92500.0,92749.0,104588.0,104588.0,0.88442266,0.0,1.0,proposed,reported
amazon-gilroy-ca,-121.541,36.997,Match,6,85,512602,1046,6085512602,California, Santa Clara County,"San Jose-Sunnyvale-Santa Clara, CA",8.9772367,169886.0,113346.0,184762.0,184762.0,0.91948563,0.0,0.0,under_construction,confirmed
cipher-milsing-huntsville-walker-tx,-95.5508,30.7235,Match,48,471,790500,3000,48471790500,Texas, Walker County,,20.508957,60606.0,94599.0,,94599.0,0.64066213,1.0,1.0,proposed,reported
beale-project-atlas-coweta-ok,-95.6483,35.9526,Match,40,145,30604,1005,40145030604,Oklahoma, Wagoner County,"Tulsa, OK",16.411631,71667.0,82385.0,88320.0,88320.0,0.81144702,0.0,0.0,cancelled,reported
digital-realty-somerset-650-randolph-road-nj,-74.5555236,40.5375265,Match,34,35,53501,2030,34035053501,New Jersey, Somerset County,"New York-Newark-Jersey City, NY-NJ",6.5716157,210814.0,127025.0,120744.0,120744.0,1.7459584,0.0,0.0,operational,reported
american-tower-reedy-creek-charlotte-nc,-80.7229,35.2703,Match,37,119,5616,1017,37119005616,North Carolina, Mecklenburg County,"Charlotte-Concord-Gastonia, NC-SC",14.200368,58890.0,90290.0,102246.0,102246.0,0.57596385,1.0,0.0,proposed,reported
avaio-digital-leo-little-rock-ar,-92.296,34.68,Match,5,119,4001,1009,5119004001,Arkansas, Pulaski County,"Little Rock-North Little Rock-Conway, AR",11.165414,71875.0,76968.0,87649.0,87649.0,0.82003218,0.0,0.0,proposed,confirmed
meta-dekalb-data-center-il,-88.792,41.909,Match,17,37,1400,5003,17037001400,Illinois, DeKalb County,"Chicago-Naperville-Elgin, IL-IN",9.403285,106105.0,106018.0,113207.0,113207.0,0.93726534,0.0,1.0,operational,confirmed
hut8-vega-amarillo-tx,-101.834,35.207,Match,48,375,15400,1090,48375015400,Texas, Potter County,"Amarillo, TX",45.655998,62961.0,94599.0,91941.0,91941.0,0.68479788,1.0,0.0,operational,confirmed
fleet-data-centers-storey-county-nv,-119.43,39.53,Match,32,29,970200,1042,32029970200,Nevada, Storey County,"Reno, NV",7.0582547,121477.0,92663.0,104602.0,104602.0,1.1613258,0.0,1.0,under_construction,reported
us-signal-wi01-madison-wi,-89.3870807,43.0732716,Match,55,25,1704,3006,55025001704,Wisconsin, Dane County,"Madison, WI",34.752529,131538.0,100141.0,120280.0,120280.0,1.0935982,1.0,0.0,operational,reported
aws-richmond-county-nc,-79.775,34.9445,Match,37,153,970500,2000,37153970500,North Carolina, Richmond County,,28.151831,52967.0,90290.0,,90290.0,0.58663195,1.0,1.0,under_construction,confirmed
cassville-grant-county-wi,-91.007,42.716,Match,19,43,70500,2004,19043070500,Iowa, Clayton County,,13.699906,69803.0,97491.0,,97491.0,0.7159943,0.0,1.0,cancelled,reported
switch-tahoe-reno-1-the-citadel-campus-nv,-119.4755145,39.5140681,Match,32,29,970200,1145,32029970200,Nevada, Storey County,"Reno, NV",7.0582547,121477.0,92663.0,104602.0,104602.0,1.1613258,0.0,1.0,operational,reported
hut8-salt-creek-culberson-tx,-103.909,31.825,Match,48,389,950600,1036,48389950600,Texas, Reeves County,,20.362423,61250.0,94599.0,,94599.0,0.64746982,1.0,1.0,operational,confirmed
qts-hillsboro-3-or,-122.918438,45.5719248,Match,41,67,32700,3010,41067032700,Oregon, Washington County,"Portland-Vancouver-Hillsboro, OR-WA",4.8726654,157586.0,102281.0,119276.0,119276.0,1.3211879,0.0,0.0,under_construction,reported
terra-hosting-vermillion-rise-newport-in,-87.405,39.885,Match,18,165,20200,1103,18165020200,Indiana, Vermillion County,"Terre Haute, IN",15.830838,69329.0,90767.0,75147.0,75147.0,0.92257839,0.0,1.0,operational,confirmed
stack-por03-or,-122.9379069,45.5541322,Match,41,67,32603,5027,41067032603,Oregon, Washington County,"Portland-Vancouver-Hillsboro, OR-WA",2.2013981,143430.0,102281.0,119276.0,119276.0,1.2025051,0.0,0.0,operational,reported
powerhouse-abx-1-va,-77.4504568,39.0195992,Match,51,107,611006,1014,51107611006,Virginia, Loudoun County,"Washington-Arlington-Alexandria, DC-VA-MD-WV",2.078522,211875.0,115213.0,154653.0,154653.0,1.3700025,0.0,0.0,operational,reported
flexential-salt-lake-city-south-valley-slc09-ut,-111.986047,40.6203519,Match,49,35,980100,1004,49035980100,Utah, Salt Lake County,"Salt Lake City-Murray, UT",,,109675.0,116518.0,116518.0,,0.0,0.0,operational,reported
datayard-dayton-oh,-84.1953733,39.7602255,Match,39,113,1501,3026,39113001501,Ohio, Montgomery County,"Dayton-Kettering-Beavercreek, OH",23.210024,178145.0,92749.0,94596.0,94596.0,1.8832191,0.0,0.0,operational,confirmed
iron-mountain-va-3-va,-77.5451498,38.7755471,Match,51,153,901409,5006,51153901409,Virginia, Prince William County,"Washington-Arlington-Alexandria, DC-VA-MD-WV",3.2232347,143786.0,115213.0,154653.0,154653.0,0.92973304,0.0,0.0,operational,reported
ms-solar-grid-data-new-orleans-east-la,-89.9786145,30.0406363,Match,22,71,1739,2011,22071001739,Louisiana, Orleans Parish,"New Orleans-Metairie, LA",17.281349,86250.0,79407.0,83780.0,83780.0,1.029482,0.0,0.0,cancelled,reported
tract-caldwell-valley-uhland-tx,-97.7889,29.9499,Match,48,55,960104,1077,48055960104,Texas, Caldwell County,"Austin-Round Rock-San Marcos, TX",3.190767,91304.0,94599.0,126591.0,126591.0,0.7212519,0.0,1.0,proposed,confirmed
sabey-decatur-technology-park-marion-county-in,-86.28,39.7,Match,18,97,390802,4000,18097390802,Indiana, Marion County,"Indianapolis-Carmel-Greenwood, IN",13.631234,74524.0,90767.0,102227.0,102227.0,0.72900504,0.0,0.0,permitted,confirmed
aws-cosner-technology-campus-massaponax-va,-77.47623258858057,38.204738259414135,Match,51,177,20207,1001,51177020207,Virginia, Spotsylvania County,"Washington-Arlington-Alexandria, DC-VA-MD-WV",8.5904417,121400.0,115213.0,154653.0,154653.0,0.78498316,0.0,1.0,under_construction,confirmed
cleanspark-lenoir-city-tn,-84.256,35.7973,Match,47,105,60304,2044,47105060304,Tennessee, Loudon County,"Knoxville, TN",11.98036,154911.0,87314.0,92008.0,92008.0,1.6836689,0.0,0.0,operational,confirmed
townsite-solar-2-boulder-city-nv,-114.8337574,35.9787649,Match,32,3,5503,2000,32003005503,Nevada, Clark County,"Las Vegas-Henderson-North Las Vegas, NV",16.013565,105865.0,92663.0,89785.0,89785.0,1.1790946,0.0,1.0,proposed,reported
meta-prometheus-new-albany-oh,-82.836,40.092,Match,39,49,7205,3036,39049007205,Ohio, Franklin County,"Columbus, OH",4.5401821,89286.0,92749.0,104588.0,104588.0,0.85369259,0.0,0.0,under_construction,reported
cleanspark-winfield-tn,-84.4506,36.5619,Match,47,151,975000,3028,47151975000,Tennessee, Scott County,,18.006287,67813.0,87314.0,,87314.0,0.77665669,0.0,1.0,operational,confirmed
qts-eisenhower-augusta-ga,-82.0105,33.4735,Match,13,245,1100,1000,13245001100,Georgia, Richmond County,"Augusta-Richmond County, GA-SC",13.357589,156250.0,93754.0,84944.0,84944.0,1.8394471,0.0,0.0,under_construction,confirmed
netrality-717-south-wells-il,-87.63344,41.8728811,Match,17,31,839000,1005,17031839000,Illinois, Cook County,"Chicago-Naperville-Elgin, IL-IN",15.946844,170407.0,106018.0,113207.0,113207.0,1.5052691,0.0,0.0,operational,reported
panther-creek-hpc-ai-campus-nesquehoning-pa,-75.8283,40.8564,Match,42,25,20301,2014,42025020301,Pennsylvania, Carbon County,"Allentown-Bethlehem-Easton, PA-NJ",12.865873,57045.0,100262.0,103840.0,103840.0,0.54935479,1.0,1.0,under_construction,confirmed
nova-energy-cryptomine-frenchcreek-venango-county-pa,-79.82,41.44,Match,42,121,200600,4004,42121200600,Pennsylvania, Venango County,,9.8827105,74167.0,100262.0,,100262.0,0.73973191,0.0,1.0,operational,reported
equinix-ashburn-va,-77.4875,39.0437,Match,51,107,611005,3000,51107611005,Virginia, Loudoun County,"Washington-Arlington-Alexandria, DC-VA-MD-WV",3.6146824,213000.0,115213.0,154653.0,154653.0,1.3772769,0.0,0.0,operational,confirmed
creekstone-delta-ut,-112.5777,39.3527,Match,49,27,974100,3058,49027974100,Utah, Millard County,,9.0486336,78261.0,109675.0,,109675.0,0.71357191,0.0,1.0,under_construction,reported
aws-2550-beech-road-new-albany-oh,-82.750086,40.094442,Match,39,89,755601,1035,39089755601,Ohio, Licking County,"Columbus, OH",2.3718438,170039.0,92749.0,104588.0,104588.0,1.6257983,0.0,0.0,operational,reported
cloverleaf-troy-mo,-90.9832,38.9784,Match,29,113,810305,5015,29113810305,Missouri, Lincoln County,"St. Louis, MO-IL",18.452303,85906.0,91360.0,105167.0,105167.0,0.81685317,0.0,1.0,proposed,reported
duane-arnold-energy-center-palo-ia,-91.77764,42.10125,Match,19,113,10600,1033,19113010600,Iowa, Linn County,"Cedar Rapids, IA",1.8993206,145139.0,97491.0,100430.0,100430.0,1.4451758,0.0,0.0,under_construction,confirmed
digital-realty-atl11-ga,-84.5797407,33.7465605,Match,13,97,80105,2023,13097080105,Georgia, Douglas County,"Atlanta-Sandy Springs-Roswell, GA",10.400721,144618.0,93754.0,107388.0,107388.0,1.3466868,0.0,0.0,operational,reported
digital-realty-va3-va,-77.3273071,38.9484941,Match,51,59,481900,2009,51059481900,Virginia, Fairfax County,"Washington-Arlington-Alexandria, DC-VA-MD-WV",5.2605209,220173.0,115213.0,154653.0,154653.0,1.4236581,0.0,0.0,operational,reported
microsoft-cheyenne-expansion-wy,-104.79,41.09,Match,56,21,2001,2054,56021002001,Wyoming, Laramie County,"Cheyenne, WY",15.929009,81681.0,96997.0,99600.0,99600.0,0.82009035,0.0,0.0,permitted,reported
aws-scioto-darby-hilliard-oh,-83.12439,40.01895,Match,39,49,7931,1023,39049007931,Ohio, Franklin County,"Columbus, OH",2.0174232,140192.0,92749.0,104588.0,104588.0,1.3404214,0.0,0.0,operational,confirmed
project-delta-walnut-cove-nc,-80.1494,36.282,Match,37,169,70701,2006,37169070701,North Carolina, Stokes County,"Winston-Salem, NC",15.387401,74643.0,90290.0,83438.0,83438.0,0.8945924,0.0,1.0,proposed,reported
truss-energy-carpenter-wy,-104.3627365,41.0461861,Match,56,21,2001,1167,56021002001,Wyoming, Laramie County,"Cheyenne, WY",15.929009,81681.0,96997.0,99600.0,99600.0,0.82009035,0.0,0.0,proposed,reported
natelli-appeal-digital-park-lusby-md,-76.435,38.39,Match,24,9,861100,1067,24009861100,Maryland, Calvert County,"Lexington Park, MD",2.3570135,150096.0,127817.0,147758.0,147758.0,1.0158231,0.0,1.0,proposed,reported
digihost-erie-county-ny,-78.81999,42.919825,Match,36,29,3600,4000,36029003600,New York, Erie County,"Buffalo-Cheektowaga, NY",27.415255,66567.0,106873.0,96701.0,96701.0,0.68837965,1.0,0.0,operational,confirmed
riverhawk-energy-center-ia,-93.201,43.1536,Match,19,33,950402,1016,19033950402,Iowa, Cerro Gordo County,,20.735786,63894.0,97491.0,,97491.0,0.65538359,1.0,1.0,proposed,reported
highwire-evansville-wy,-106.2735,42.8508,Match,56,25,502,1009,56025000502,Wyoming, Natrona County,"Casper, WY",19.267685,68945.0,96997.0,94037.0,94037.0,0.73316884,0.0,0.0,cancelled,reported
switch-las-19-enterprise-nv,-115.2125,36.0571,Match,32,3,2979,1028,32003002979,Nevada, Clark County,"Las Vegas-Henderson-North Las Vegas, NV",4.1470127,104167.0,92663.0,89785.0,89785.0,1.1601827,0.0,0.0,permitted,reported
databank-ord3-mount-prospect-il,-87.9238121,42.0771274,Match,17,31,802702,1000,17031802702,Illinois, Cook County,"Chicago-Naperville-Elgin, IL-IN",10.039784,130104.0,106018.0,113207.0,113207.0,1.1492575,0.0,0.0,operational,confirmed
fleet-peru-ridge-self-generation-storey-county-nv,-119.4922,39.5312,Match,32,29,970200,1145,32029970200,Nevada, Storey County,"Reno, NV",7.0582547,121477.0,92663.0,104602.0,104602.0,1.1613258,0.0,1.0,proposed,reported
blockchain-digital-infrastructure-collin-county-tx,-96.6398,33.1972,Match,48,85,30608,1006,48085030608,Texas, Collin County,"Dallas-Fort Worth-Arlington, TX",6.7604356,88407.0,94599.0,108711.0,108711.0,0.81322956,0.0,0.0,under_construction,reported
riot-platforms-rockdale-tx,-97.0025,30.6549,Match,48,331,950700,1029,48331950700,Texas, Milam County,,8.4982748,102819.0,94599.0,,94599.0,1.0868931,0.0,1.0,operational,confirmed
cologix-sv1-ca,-121.9616726,37.3654018,Match,6,85,505202,2071,6085505202,California, Santa Clara County,"San Jose-Sunnyvale-Santa Clara, CA",19.125883,163550.0,113346.0,184762.0,184762.0,0.88519287,0.0,0.0,operational,reported
solis-arx-progress-park-wythe-va,-80.899,36.958,Match,51,197,50102,2000,51197050102,Virginia, Wythe County,,10.969724,75990.0,115213.0,,115213.0,0.65956098,1.0,1.0,proposed,reported
tecfusions-keystone-connect-upper-burrell-pa,-79.705,40.5817,Match,42,129,801002,2007,42129801002,Pennsylvania, Westmoreland County,"Pittsburgh, PA",11.121495,94450.0,100262.0,102107.0,102107.0,0.92501003,0.0,0.0,proposed,confirmed
iren-woods-county-ok,-98.667,36.8031,Match,40,151,954300,2041,40151954300,Oklahoma, Woods County,,23.410139,70833.0,82385.0,,82385.0,0.85978031,1.0,1.0,proposed,reported
cologix-col3-columbus-oh,-83.0017691,40.1164586,Match,39,49,7048,3023,39049007048,Ohio, Franklin County,"Columbus, OH",11.277815,108958.0,92749.0,104588.0,104588.0,1.041783,0.0,0.0,operational,confirmed
regence-salt-lake-city-ut,-111.8868,40.75962,Match,49,35,114000,2009,49035114000,Utah, Salt Lake County,"Salt Lake City-Murray, UT",11.681244,112355.0,109675.0,116518.0,116518.0,0.96427161,0.0,0.0,operational,reported
centersquare-phx3-az,-111.8590191,33.4212542,Match,4,13,421303,3000,4013421303,Arizona, Maricopa County,"Phoenix-Mesa-Chandler, AZ",8.8706446,92083.0,95980.0,103615.0,103615.0,0.88870335,0.0,0.0,operational,reported
beale-project-pilot-de-soto-ks,-94.967,38.966,Match,20,91,52701,4000,20091052701,Kansas, Johnson County,"Kansas City, MO-KS",4.7627807,122463.0,95810.0,106867.0,106867.0,1.1459384,0.0,0.0,under_construction,confirmed
equinix-mi1-nap-of-the-americas-fl,-80.1930886,25.782359,Match,12,86,3710,2010,12086003710,Florida, Miami-Dade County,"Miami-Fort Lauderdale-West Palm Beach, FL",16.43198,122942.0,89891.0,89212.0,89212.0,1.3780881,0.0,0.0,operational,confirmed
mesh-capital-cabin-field-road-data-center-campbell-va,-78.9909489,37.3407675,Match,51,31,20101,2054,51031020101,Virginia, Campbell County,"Lynchburg, VA",11.162362,81587.0,115213.0,85472.0,85472.0,0.95454651,0.0,1.0,proposed,reported
edged-energy-ankeny-ia,-93.6058,41.7297,Match,19,153,10205,1028,19153010205,Iowa, Polk County,"Des Moines-West Des Moines, IA",6.5378056,140888.0,97491.0,110255.0,110255.0,1.2778378,0.0,0.0,under_construction,confirmed
digico-lax1-monterey-park-ca,-118.115058,34.03951,Match,6,37,482801,2004,6037482801,California, Los Angeles County,"Los Angeles-Long Beach-Anaheim, CA",11.25,96875.0,113346.0,108949.0,108949.0,0.8891775,0.0,0.0,cancelled,confirmed
meta-lebanon-in,-86.45,40.07,Match,18,11,810300,1027,18011810300,Indiana, Boone County,"Indianapolis-Carmel-Greenwood, IN",7.7795219,110423.0,90767.0,102227.0,102227.0,1.0801746,0.0,1.0,under_construction,confirmed
merkle-standard-usk-wa,-117.2848,48.3079,Match,53,51,970200,4041,53051970200,Washington, Pend Oreille County,,19.663742,105731.0,118075.0,,118075.0,0.89545625,0.0,1.0,operational,reported
new-carlisle-chicago-trail-data-center-st-joseph-county-in,-86.5089,41.7003,Match,18,141,10800,3027,18141010800,Indiana, St. Joseph County,"South Bend-Mishawaka, IN-MI",3.5204568,100673.0,90767.0,87126.0,87126.0,1.1554874,0.0,1.0,cancelled,reported
boomtown-lawton-ok,-98.3903,34.6086,Match,40,31,2500,2001,40031002500,Oklahoma, Comanche County,"Lawton, OK",31.913216,51554.0,82385.0,74482.0,74482.0,0.69216722,1.0,0.0,cancelled,rumored
fiberstate-draper-ut,-111.8628,40.52478,Match,49,35,112816,1009,49035112816,Utah, Salt Lake County,"Salt Lake City-Murray, UT",3.6015198,146875.0,109675.0,116518.0,116518.0,1.2605349,0.0,0.0,operational,reported
cloudhq-manassas-mcc-va,-77.4982,38.7196,Match,51,153,901304,2006,51153901304,Virginia, Prince William County,"Washington-Arlington-Alexandria, DC-VA-MD-WV",4.4359951,136458.0,115213.0,154653.0,154653.0,0.88234949,0.0,0.0,under_construction,confirmed
cipher-stingray-andrews-county-tx,-102.5457,32.3187,Match,48,3,950300,3047,48003950300,Texas, Andrews County,,15.377894,97986.0,94599.0,,94599.0,1.0358038,0.0,1.0,under_construction,reported
microsoft-san-antonio-expansion-tx,-98.88,29.35,Match,48,325,101,3063,48325000101,Texas, Medina County,"San Antonio-New Braunfels, TX",8.6132402,91682.0,94599.0,92961.0,92961.0,0.98624152,0.0,1.0,under_construction,reported
coreweave-dalton-ii-old-tilton-road-whitfield-ga,-84.94183002,34.69265485,Match,13,313,1500,4003,13313001500,Georgia, Whitfield County,"Dalton, GA",21.857197,64628.0,93754.0,76435.0,76435.0,0.8455289,1.0,1.0,under_construction,confirmed
cipher-colchis-tom-green-tx,-100.3212098,31.5290977,Match,48,451,1600,2105,48451001600,Texas, Tom Green County,"San Angelo, TX",7.5621891,108472.0,94599.0,83906.0,83906.0,1.29278,0.0,0.0,proposed,confirmed
cirrus-data-services-midvale-ut,-111.8994,40.6111,Match,49,35,112404,2008,49035112404,Utah, Salt Lake County,"Salt Lake City-Murray, UT",11.925176,65446.0,109675.0,116518.0,116518.0,0.56168145,1.0,0.0,operational,reported
stack-dfw02-lancaster-tx,-96.7561083,32.5920798,Match,48,113,16803,3050,48113016803,Texas, Dallas County,"Dallas-Fort Worth-Arlington, TX",15.457185,54351.0,94599.0,108711.0,108711.0,0.4999586,1.0,0.0,under_construction,reported
crusoe-warrenton-mo,-91.1432,38.8125,Match,29,219,820106,1047,29219820106,Missouri, Warren County,"St. Louis, MO-IL",7.2174563,100040.0,91360.0,105167.0,105167.0,0.95124894,0.0,1.0,permitted,reported
sentinum-bni-montana-richland-mt,-104.155973,47.716735,Match,30,83,70400,2006,30083070400,Montana, Richland County,,5.3780451,90926.0,92794.0,,92794.0,0.97986937,0.0,1.0,operational,confirmed
beale-project-clydesdale-tulsa-county-ok,-95.83,36.28,Match,40,143,5812,1008,40143005812,Oklahoma, Tulsa County,"Tulsa, OK",1.3579576,145245.0,82385.0,88320.0,88320.0,1.6445313,0.0,0.0,under_construction,confirmed
we-energies-oak-creek-natural-gas-wi,-87.8347,42.8858,Match,55,79,990000,5,55079990000,Wisconsin, Milwaukee County,"Milwaukee-Waukesha, WI",,,100141.0,104346.0,104346.0,,0.0,1.0,under_construction,confirmed
stargate-milam-county-tx,-96.972,30.852,Match,48,331,950401,2066,48331950401,Texas, Milam County,,12.401456,72604.0,94599.0,,94599.0,0.76749223,0.0,1.0,under_construction,reported
expedient-cmh1-upper-arlington-oh,-83.078426,40.0578366,Match,39,49,6340,1000,39049006340,Ohio, Franklin County,"Columbus, OH",2.3945267,201250.0,92749.0,104588.0,104588.0,1.924217,0.0,0.0,operational,reported
novva-west-jordan-ut,-112.04576,40.57389,Match,49,35,115211,3028,49035115211,Utah, Salt Lake County,"Salt Lake City-Murray, UT",7.4424343,137180.0,109675.0,116518.0,116518.0,1.1773288,0.0,0.0,operational,confirmed
talen-susquehanna-aws-pa,-76.14889,41.08889,Match,42,79,216100,2016,42079216100,Pennsylvania, Luzerne County,"Scranton--Wilkes-Barre, PA",6.2263675,99441.0,100262.0,85514.0,85514.0,1.1628622,0.0,1.0,operational,confirmed
google-columbia-county-ga,-82.2563979,33.5313102,Match,13,73,30403,2014,13073030403,Georgia, Columbia County,"Augusta-Richmond County, GA-SC",7.1749907,120145.0,93754.0,84944.0,84944.0,1.4144025,0.0,0.0,proposed,confirmed
fortitude-grand-island-ne,-98.35861,40.92167,Match,31,79,300,5072,31079000300,Nebraska, Hall County,"Grand Island, NE",13.731295,73889.0,99751.0,87758.0,87758.0,0.84196311,0.0,0.0,operational,reported
element-critical-chicago-one-il,-87.9646913,41.9757324,Match,17,43,840101,4033,17043840101,Illinois, DuPage County,"Chicago-Naperville-Elgin, IL-IN",7.2818232,95225.0,106018.0,113207.0,113207.0,0.84115821,0.0,0.0,operational,reported
simple-mining-cedar-falls-ia,-92.4453,42.5347,Match,19,13,2200,3005,19013002200,Iowa, Black Hawk County,"Waterloo-Cedar Falls, IA",12.563215,100903.0,97491.0,90741.0,90741.0,1.111989,0.0,0.0,cancelled,confirmed
google-project-louie-monrovia-in,-86.35,39.57,Match,18,109,510202,5021,18109510202,Indiana, Morgan County,"Indianapolis-Carmel-Greenwood, IN",17.826284,90163.0,90767.0,102227.0,102227.0,0.88198811,0.0,0.0,under_construction,confirmed
virginia-technology-park-clear-brook-frederick-va,-78.096111,39.2564912,Match,51,69,50100,2051,51069050100,Virginia, Frederick County,"Winchester, VA-WV",4.5338116,112330.0,115213.0,105992.0,105992.0,1.0597969,0.0,1.0,proposed,reported
firstlight-portsmouth-nh-data-center-nh,-70.8080395,43.0761287,Match,33,15,107400,2037,33015107400,New Hampshire, Rockingham County,"Boston-Cambridge-Newton, MA-NH",5.7350564,101000.0,122715.0,145780.0,145780.0,0.69282478,1.0,1.0,operational,reported
microsoft-firecracker-rome-ga,-85.16,34.27,Match,13,115,600,2000,13115000600,Georgia, Floyd County,"Rome, GA",27.820053,52034.0,93754.0,80531.0,80531.0,0.64613628,1.0,1.0,permitted,reported
qts-eagle-mountain-ii-fairfield-ut,-112.093,40.26217,Match,49,49,10107,4039,49049010107,Utah, Utah County,"Provo-Orem-Lehi, UT",7.4069095,132173.0,109675.0,110937.0,110937.0,1.191424,0.0,1.0,under_construction,reported
aws-sprigg-township-adams-county-oh,-83.69306,38.63778,Match,39,1,770600,2048,39001770600,Ohio, Adams County,,37.03828,37181.0,92749.0,,92749.0,0.40087762,1.0,1.0,permitted,confirmed
digital-realty-new-york-ewr12-nj,-74.4592038,40.5529283,Match,34,23,603,2026,34023000603,New Jersey, Middlesex County,"New York-Newark-Jersey City, NY-NJ",1.9766397,154318.0,127025.0,120744.0,120744.0,1.2780594,0.0,0.0,operational,reported
cleanspark-campbell-junction-tn,-85.1692,36.0436,Match,47,35,970301,2043,47035970301,Tennessee, Cumberland County,,16.276596,65058.0,87314.0,,87314.0,0.7451039,0.0,1.0,operational,confirmed
gw-ranch-pacifico-energy-pecos-county-tx,-102.88,31.05,Match,48,371,950100,1242,48371950100,Texas, Pecos County,,13.205352,83036.0,94599.0,,94599.0,0.87776828,0.0,1.0,proposed,rumored
lightedge-chaska-mn,-93.635,44.828,Match,27,19,90802,1002,27019090802,Minnesota, Carver County,"Minneapolis-St. Paul-Bloomington, MN-WI",2.1876314,206845.0,113993.0,126705.0,126705.0,1.6324928,0.0,0.0,operational,confirmed
ntt-ashburn-va7-data-center-va,-77.471954,39.0160142,Match,51,107,611019,3000,51107611019,Virginia, Loudoun County,"Washington-Arlington-Alexandria, DC-VA-MD-WV",1.6687378,244107.0,115213.0,154653.0,154653.0,1.5784175,0.0,0.0,under_construction,reported
google-armstrong-county-tx,-101.367,34.973,Match,48,11,950100,3109,48011950100,Texas, Armstrong County,"Amarillo, TX",5.1948051,92188.0,94599.0,91941.0,91941.0,1.0026865,0.0,1.0,under_construction,confirmed
enbridge-cowboy-solar-bess-laramie-county-wy,-104.82,41.14,Match,56,21,1000,4021,56021001000,Wyoming, Laramie County,"Cheyenne, WY",7.8263965,94276.0,96997.0,99600.0,99600.0,0.9465462,0.0,0.0,under_construction,confirmed
iron-mountain-mia-1-miami-fl,-80.247556,25.88416,Match,12,86,508,2016,12086000508,Florida, Miami-Dade County,"Miami-Fort Lauderdale-West Palm Beach, FL",38.679245,41269.0,89891.0,89212.0,89212.0,0.46259472,1.0,0.0,under_construction,confirmed
microsoft-heath-oh,-82.46,40.015,Match,39,89,753100,3047,39089753100,Ohio, Licking County,"Columbus, OH",8.5076981,64814.0,92749.0,104588.0,104588.0,0.61970782,1.0,1.0,under_construction,confirmed
cleanspark-oneida-tn,-84.5127,36.4981,Match,47,151,975102,3012,47151975102,Tennessee, Scott County,,19.262011,70720.0,87314.0,,87314.0,0.80995029,0.0,1.0,operational,confirmed
soluna-project-kati-willacy-tx,-97.7836,26.4804,Match,48,489,950300,4017,48489950300,Texas, Willacy County,,35.519432,49167.0,94599.0,,94599.0,0.51974124,1.0,1.0,under_construction,confirmed
oakland-university-computing-auburn-hills-mi,-83.215,42.675,Match,26,125,981300,1017,26125981300,Michigan, Oakland County,"Detroit-Warren-Dearborn, MI",100.0,,93357.0,99913.0,99913.0,,1.0,0.0,proposed,confirmed
entergy-pointe-coupee-cccts-la,-91.3693885,30.7288063,Match,22,77,951900,1005,22077951900,Louisiana, Pointe Coupee Parish,"Baton Rouge, LA",16.970182,94863.0,79407.0,89597.0,89597.0,1.0587742,0.0,1.0,proposed,reported
epic-hosting-verona-wi,-89.562,42.98,Match,55,25,13700,1025,55025013700,Wisconsin, Dane County,"Madison, WI",1.042654,156047.0,100141.0,120280.0,120280.0,1.2973645,0.0,0.0,permitted,reported
greenidge-columbus-ms,-88.4273,33.4957,Match,28,87,902,3050,28087000902,Mississippi, Lowndes County,,50.893211,,73163.0,,73163.0,,1.0,1.0,cancelled,confirmed
mara-granbury-hood-tx,-97.7871,32.4427,Match,48,221,160100,3070,48221160100,Texas, Hood County,,7.3523335,86856.0,94599.0,,94599.0,0.91814923,0.0,1.0,operational,confirmed
aws-wheatfield-in,-87.0586,41.1955,Match,18,73,100800,4015,18073100800,Indiana, Jasper County,"Chicago-Naperville-Elgin, IL-IN",7.255332,97750.0,90767.0,113207.0,113207.0,0.86346251,0.0,1.0,permitted,confirmed
centersquare-gallatin-tn,-86.39812,36.40406,Match,47,165,20602,3019,47165020602,Tennessee, Sumner County,"Nashville-Davidson--Murfreesboro--Franklin, TN",8.0913277,103594.0,87314.0,105115.0,105115.0,0.98553014,0.0,0.0,operational,confirmed
big-watt-digital-onida-sd,-100.3115,44.705,Match,46,119,979100,1219,46119979100,South Dakota, Sully County,,6.3199472,98906.0,96562.0,,96562.0,1.0242746,0.0,1.0,operational,confirmed
flexential-atlanta-douglasville-2-ga,-84.6112398,33.7307027,Match,13,97,80105,2028,13097080105,Georgia, Douglas County,"Atlanta-Sandy Springs-Roswell, GA",10.400721,144618.0,93754.0,107388.0,107388.0,1.3466868,0.0,0.0,operational,reported
google-loch-midlothian-va,-77.71,37.454,Match,51,41,101003,4007,51041101003,Virginia, Chesterfield County,"Richmond, VA",1.4231755,176139.0,115213.0,110863.0,110863.0,1.5887988,0.0,0.0,permitted,confirmed
vantage-stafford-va4-va,-77.44,38.44,Match,51,179,10210,1018,51179010210,Virginia, Stafford County,"Washington-Arlington-Alexandria, DC-VA-MD-WV",1.4542483,172130.0,115213.0,154653.0,154653.0,1.1130078,0.0,1.0,under_construction,confirmed
aws-project-cosmos-marysville-oh,-83.35,40.237,Match,39,159,50602,1026,39159050602,Ohio, Union County,"Columbus, OH",4.0842648,133183.0,92749.0,104588.0,104588.0,1.2734061,0.0,1.0,under_construction,confirmed
bitfarms-sharon-pa,-80.497,41.2334,Match,42,85,30300,4006,42085030300,Pennsylvania, Mercer County,,13.042061,60000.0,100262.0,,100262.0,0.59843212,1.0,1.0,operational,confirmed
flexential-nashville-franklin-tn,-86.8155401,35.9204203,Match,47,187,51001,1036,47187051001,Tennessee, Williamson County,"Nashville-Davidson--Murfreesboro--Franklin, TN",3.3946877,193883.0,87314.0,105115.0,105115.0,1.8444846,0.0,0.0,operational,reported
prsm-group-cumberland-county-nc,-78.8394,35.0462,Match,37,51,1402,2018,37051001402,North Carolina, Cumberland County,"Fayetteville, NC",35.185184,41953.0,90290.0,73956.0,73956.0,0.56726974,1.0,0.0,proposed,reported
prince-william-digital-gateway-va,-77.68,38.8,Match,51,153,901509,1022,51153901509,Virginia, Prince William County,"Washington-Arlington-Alexandria, DC-VA-MD-WV",4.281991,217105.0,115213.0,154653.0,154653.0,1.4038202,0.0,0.0,cancelled,confirmed
csquare-sfo4-ca,-121.9551844,37.3757986,Match,6,85,505202,2041,6085505202,California, Santa Clara County,"San Jose-Sunnyvale-Santa Clara, CA",19.125883,163550.0,113346.0,184762.0,184762.0,0.88519287,0.0,0.0,operational,reported
tigerdc-project-spero-spartanburg-county-sc,-82.092603,34.9109275,Match,45,83,23101,4043,45083023101,South Carolina, Spartanburg County,"Spartanburg, SC",14.660944,71818.0,86707.0,78303.0,78303.0,0.91718072,0.0,0.0,cancelled,reported
flexential-salt-lake-city-millcreek-ut,-111.8850505,40.685569,Match,49,35,111906,1000,49035111906,Utah, Salt Lake County,"Salt Lake City-Murray, UT",13.884083,77167.0,109675.0,116518.0,116518.0,0.66227537,1.0,0.0,operational,reported
amazon-bridgefield-tech-center-ashburn-loudoun-va,-77.4744148,39.029784,Match,51,107,611006,3001,51107611006,Virginia, Loudoun County,"Washington-Arlington-Alexandria, DC-VA-MD-WV",2.078522,211875.0,115213.0,154653.0,154653.0,1.3700025,0.0,0.0,proposed,reported
equinix-dallas-da12-tx,-96.8586608,32.8209286,Match,48,113,10001,2045,48113010001,Texas, Dallas County,"Dallas-Fort Worth-Arlington, TX",34.268063,43662.0,94599.0,108711.0,108711.0,0.40163368,1.0,0.0,proposed,reported
equinix-ch1-il,-87.6180475,41.8535578,Match,17,31,330101,1020,17031330101,Illinois, Cook County,"Chicago-Naperville-Elgin, IL-IN",9.9771833,189131.0,106018.0,113207.0,113207.0,1.6706653,0.0,0.0,operational,reported
blusky-ai-walsenburg-co,-104.780995,37.6235234,Match,8,55,960600,3099,8055960600,Colorado, Huerfano County,,24.559307,66633.0,119139.0,,119139.0,0.55928791,1.0,1.0,proposed,reported
microsoft-el-mirage-az,-112.3204,33.5695,Match,4,13,61043,3029,4013061043,Arizona, Maricopa County,"Phoenix-Mesa-Chandler, AZ",12.049215,89353.0,95980.0,103615.0,103615.0,0.86235583,0.0,0.0,operational,confirmed
allegheny-dc-springdale-cheswick-pa,-79.7844,40.5425,Match,42,3,417100,2009,42003417100,Pennsylvania, Allegheny County,"Pittsburgh, PA",1.2235295,88933.0,100262.0,102107.0,102107.0,0.87097847,0.0,0.0,proposed,confirmed
tpa-social-circle-technology-park-ga,-83.7182,33.6562,Match,13,297,110801,2025,13297110801,Georgia, Walton County,"Atlanta-Sandy Springs-Roswell, GA",6.92974,106489.0,93754.0,107388.0,107388.0,0.99162847,0.0,1.0,proposed,reported
bloomberg-orangeburg-ny,-73.986828,41.036652,Match,36,87,12800,5044,36087012800,New York, Rockland County,"New York-Newark-Jersey City, NY-NJ",3.946816,227143.0,106873.0,120744.0,120744.0,1.8811949,0.0,0.0,operational,confirmed
aligned-ord-03-elk-grove-village-il,-87.9703,42.0039,Match,17,31,770300,3018,17031770300,Illinois, Cook County,"Chicago-Naperville-Elgin, IL-IN",8.7209301,97601.0,106018.0,113207.0,113207.0,0.86214632,0.0,0.0,under_construction,reported
digital-realty-silicon-valley-sjc11-ca,-121.9485649,37.3763668,Match,6,85,505202,2000,6085505202,California, Santa Clara County,"San Jose-Sunnyvale-Santa Clara, CA",19.125883,163550.0,113346.0,184762.0,184762.0,0.88519287,0.0,0.0,operational,reported
summit-ridge-santaquin-ut,-111.78521,39.97551,Match,49,49,10506,1005,49049010506,Utah, Utah County,"Provo-Orem-Lehi, UT",5.8193979,90577.0,109675.0,110937.0,110937.0,0.81647241,0.0,1.0,under_construction,confirmed
air-products-cetronia-road-upper-macungie-pa,-75.5965424,40.5510536,Match,42,77,6204,2025,42077006204,Pennsylvania, Lehigh County,"Allentown-Bethlehem-Easton, PA-NJ",0.75078714,169663.0,100262.0,103840.0,103840.0,1.6338887,0.0,0.0,cancelled,reported
microsoft-ruthenium-west-des-moines-ia,-93.8098423,41.4999095,Match,19,121,60101,2034,19121060101,Iowa, Madison County,"Des Moines-West Des Moines, IA",5.3378029,122170.0,97491.0,110255.0,110255.0,1.1080676,0.0,0.0,proposed,confirmed
crusoe-nolan-county-tx,-100.405938,32.4709519,Match,48,353,950300,2063,48353950300,Texas, Nolan County,,38.479923,39391.0,94599.0,,94599.0,0.41639975,1.0,1.0,proposed,reported
bitdeer-shalersville-portage-county-oh,-81.245,41.199,Match,39,133,601100,1006,39133601100,Ohio, Portage County,"Akron, OH",10.594892,73621.0,92749.0,95658.0,95658.0,0.76962721,0.0,0.0,proposed,reported
lambda-chicago-edgeconnex-il,-87.6298,41.8781,Match,17,31,839100,1094,17031839100,Illinois, Cook County,"Chicago-Naperville-Elgin, IL-IN",9.0022612,188216.0,106018.0,113207.0,113207.0,1.6625828,0.0,0.0,under_construction,confirmed
canaan-alborz-happy-tx,-101.9165,35.012,Match,48,381,21707,3061,48381021707,Texas, Randall County,"Amarillo, TX",3.4041119,146009.0,94599.0,91941.0,91941.0,1.5880728,0.0,0.0,operational,confirmed
lumen-austin-3-tx,-97.7235975,30.261396,Match,48,453,902,4022,48453000902,Texas, Travis County,"Austin-Round Rock-San Marcos, TX",10.967197,111286.0,94599.0,126591.0,126591.0,0.87909883,0.0,0.0,operational,reported
cloudburst-san-marcos-tx,-97.94,29.88,Match,48,209,10500,1020,48209010500,Texas, Hays County,"Austin-Round Rock-San Marcos, TX",21.372192,55809.0,94599.0,126591.0,126591.0,0.44086072,1.0,0.0,under_construction,reported
tract-eagle-mountain-ut,-112.01198,40.30935,Match,49,49,10114,1031,49049010114,Utah, Utah County,"Provo-Orem-Lehi, UT",2.173167,106508.0,109675.0,110937.0,110937.0,0.96007645,0.0,1.0,proposed,confirmed
xai-colossus-memphis-tn,-90.0148,35.0565,Match,47,157,22026,1014,47157022026,Tennessee, Shelby County,"Memphis, TN-MS-AR",40.218521,36653.0,87314.0,84517.0,84517.0,0.43367606,1.0,0.0,operational,reported
mara-findlay-oh,-83.6499,41.0442,Match,39,63,500,1012,39063000500,Ohio, Hancock County,,17.484535,60569.0,92749.0,,92749.0,0.65304208,1.0,1.0,under_construction,confirmed
microsoft-goodyear-az,-112.39,33.4353,Match,4,13,61024,1005,4013061024,Arizona, Maricopa County,"Phoenix-Mesa-Chandler, AZ",8.2928648,104792.0,95980.0,103615.0,103615.0,1.0113593,0.0,0.0,operational,confirmed
stream-data-centers-dfwa-dfw-vii-tx,-96.6542632,32.9836243,Match,48,113,19042,5005,48113019042,Texas, Dallas County,"Dallas-Fort Worth-Arlington, TX",19.637823,93929.0,94599.0,108711.0,108711.0,0.86402482,0.0,0.0,operational,reported
netrality-401-north-broad-philadelphia-pa,-75.1619,39.9601,Match,42,101,12501,3004,42101012501,Pennsylvania, Philadelphia County,"Philadelphia-Camden-Wilmington, PA-NJ-DE-MD",13.845401,146058.0,100262.0,116434.0,116434.0,1.2544274,0.0,0.0,operational,reported
entergy-cypress-harvest-solar-iberville-la,-91.2636506,30.2318568,Match,22,47,952901,2045,22047952901,Louisiana, Iberville Parish,"Baton Rouge, LA",19.749216,46563.0,79407.0,89597.0,89597.0,0.51969373,1.0,0.0,proposed,confirmed
prime-ord-elk-grove-village-il,-87.9621839,42.0224688,Match,17,31,770400,3000,17031770400,Illinois, Cook County,"Chicago-Naperville-Elgin, IL-IN",9.4145918,91406.0,106018.0,113207.0,113207.0,0.80742359,0.0,0.0,under_construction,confirmed
edged-atlanta-tilford-yard-ga,-84.388,33.749,Match,13,121,3500,1015,13121003500,Georgia, Fulton County,"Atlanta-Sandy Springs-Roswell, GA",40.707966,213162.0,93754.0,107388.0,107388.0,1.9849703,0.0,0.0,operational,reported
vint-hill-corners-fauquier-va,-77.664,38.746,Match,51,61,930401,3012,51061930401,Virginia, Fauquier County,"Washington-Arlington-Alexandria, DC-VA-MD-WV",4.4526606,188973.0,115213.0,154653.0,154653.0,1.2219162,0.0,1.0,proposed,reported
cologix-des-moines-ia,-93.625,41.5868,Match,19,153,5101,4030,19153005101,Iowa, Polk County,"Des Moines-West Des Moines, IA",22.28772,88661.0,97491.0,110255.0,110255.0,0.80414492,1.0,0.0,operational,confirmed
equinix-sv15-ca,-121.9884063,37.3754952,Match,6,85,508708,1079,6085508708,California, Santa Clara County,"San Jose-Sunnyvale-Santa Clara, CA",7.3480992,250000.0,113346.0,184762.0,184762.0,1.3530921,0.0,0.0,operational,reported
powerhouse-chirisa-chester-va,-77.4416,37.3554,Match,51,41,100505,1012,51041100505,Virginia, Chesterfield County,"Richmond, VA",8.8402405,90515.0,115213.0,110863.0,110863.0,0.81645817,0.0,0.0,under_construction,confirmed
holtwood-hydroelectric-lancaster-county-pa,-76.3339,39.8331,Match,42,71,14501,3088,42071014501,Pennsylvania, Lancaster County,"Lancaster, PA",9.4761171,91042.0,100262.0,104406.0,104406.0,0.87199968,0.0,1.0,operational,reported
microsoft-fairwater-fayetteville-ga,-84.4549,33.4487,Match,13,113,140406,2023,13113140406,Georgia, Fayette County,"Atlanta-Sandy Springs-Roswell, GA",10.793651,79867.0,93754.0,107388.0,107388.0,0.74372369,0.0,0.0,operational,confirmed
bitfarms-panther-creek-nesquehoning-pa,-75.828,40.8557,Match,42,25,20301,2014,42025020301,Pennsylvania, Carbon County,"Allentown-Bethlehem-Easton, PA-NJ",12.865873,57045.0,100262.0,103840.0,103840.0,0.54935479,1.0,1.0,operational,confirmed
expedient-mke1-milwaukee-franklin-wi,-87.9778759,42.8631424,Match,55,79,187200,1032,55079187200,Wisconsin, Milwaukee County,"Milwaukee-Waukesha, WI",8.4749556,144844.0,100141.0,104346.0,104346.0,1.3881127,0.0,0.0,operational,reported
cipher-barber-lake-colorado-city-tx,-100.8687,32.3954,Match,48,335,950200,2018,48335950200,Texas, Mitchell County,,13.505195,96319.0,94599.0,,94599.0,1.018182,0.0,1.0,under_construction,confirmed
compass-datacenters-loudoun-county-i-true-north-va,-77.5372623,39.0436134,Match,51,107,611028,2041,51107611028,Virginia, Loudoun County,"Washington-Arlington-Alexandria, DC-VA-MD-WV",2.9555845,250000.0,115213.0,154653.0,154653.0,1.6165222,0.0,0.0,operational,reported
convergent-technology-park-remington-fauquier-va,-77.8046447409979,38.55073067963831,Match,51,61,930706,2015,51061930706,Virginia, Fauquier County,"Washington-Arlington-Alexandria, DC-VA-MD-WV",10.96208,86597.0,115213.0,154653.0,154653.0,0.55994385,1.0,1.0,proposed,reported
nscale-monarch-mason-county-wv,-82.1,38.87,Match,54,53,954902,2003,54053954902,West Virginia, Mason County,,16.413307,85677.0,77710.0,,77710.0,1.1025223,0.0,1.0,proposed,confirmed
cleanspark-washington-ga,-82.7379,33.7376,Match,13,317,10301,1052,13317010301,Georgia, Wilkes County,,11.201144,66583.0,93754.0,,93754.0,0.71018839,0.0,1.0,operational,confirmed
prologis-mila-trenton-oh,-84.4638,39.48,Match,39,17,15100,3009,39017015100,Ohio, Butler County,"Cincinnati, OH-KY-IN",8.9135733,90360.0,92749.0,104379.0,104379.0,0.86569136,0.0,0.0,permitted,confirmed
revolve-labs-glencoe-mn,-94.1497,44.7691,Match,27,85,950700,4040,27085950700,Minnesota, McLeod County,,8.9980631,94185.0,113993.0,,113993.0,0.82623494,0.0,1.0,operational,reported
helion-orion-malaga-wa,-120.2011,47.3722,Match,53,7,961200,1008,53007961200,Washington, Chelan County,"Wenatchee-East Wenatchee, WA",4.9735208,109000.0,118075.0,94263.0,94263.0,1.1563392,0.0,1.0,under_construction,confirmed
manse-technology-campus-pahrump-nv,-115.9758446,36.1925194,Match,32,23,960407,1051,32023960407,Nevada, Nye County,,16.635006,61917.0,92663.0,,92663.0,0.66819549,1.0,1.0,proposed,reported
granite-renewables-logan-county-co,-103.207709,40.6255415,Match,8,75,966200,2064,8075966200,Colorado, Logan County,,15.91709,47550.0,119139.0,,119139.0,0.39911366,1.0,1.0,proposed,reported
ntt-global-mesa-az,-111.62,33.3025,Match,4,13,817600,3086,4013817600,Arizona, Maricopa County,"Phoenix-Mesa-Chandler, AZ",2.7640264,135093.0,95980.0,103615.0,103615.0,1.3037977,0.0,0.0,proposed,reported
quiet-data-centers-enfield-halifax-county-nc,-77.66889,36.18,Match,37,83,930902,3000,37083930902,North Carolina, Halifax County,,36.190121,39100.0,90290.0,,90290.0,0.43304905,1.0,1.0,proposed,reported
hickory-grove-generating-station-ia,-90.7318,41.6803,Match,19,163,10300,2052,19163010300,Iowa, Scott County,"Davenport-Moline-Rock Island, IA-IL",15.243342,102159.0,97491.0,94063.0,94063.0,1.0860699,0.0,0.0,proposed,confirmed
element-critical-austin-one-tx,-97.6961735,30.3428035,Match,48,453,40300,3015,48453040300,Texas, Travis County,"Austin-Round Rock-San Marcos, TX",28.590855,70132.0,94599.0,126591.0,126591.0,0.55400461,1.0,0.0,operational,reported
oklahoma-ai-ventures-black-bear-noble-county-ok,-97.2836,36.2892,Match,40,103,957000,2001,40103957000,Oklahoma, Noble County,,14.237479,118011.0,82385.0,,82385.0,1.4324331,0.0,1.0,proposed,reported
terawulf-lansing-ny,-76.4968,42.5453,Match,36,109,2300,2060,36109002300,New York, Tompkins County,"Ithaca, NY",11.536297,100694.0,106873.0,114291.0,114291.0,0.88103175,0.0,1.0,proposed,confirmed
cyrusone-sangamon-talkington-township-il,-89.84,39.64,Match,17,167,3500,5061,17167003500,Illinois, Sangamon County,"Springfield, IL",5.8848891,104000.0,106018.0,103586.0,103586.0,1.0039967,0.0,1.0,permitted,confirmed
prometheus-hyperscale-casper-wy,-106.15,42.87,Match,56,25,1401,1407,56025001401,Wyoming, Natrona County,"Casper, WY",4.9239807,100893.0,96997.0,94037.0,94037.0,1.0729074,0.0,0.0,proposed,reported
digital-realty-lax12-ca,-118.3846186,33.9156593,Match,6,37,980013,1026,6037980013,California, Los Angeles County,"Los Angeles-Long Beach-Anaheim, CA",,,113346.0,108949.0,108949.0,,0.0,0.0,operational,reported
digital-realty-sea1-intergate-seattle-east-bldg-4-wa,-122.2888803,47.4934032,Match,53,33,27200,1004,53033027200,Washington, King County,"Seattle-Tacoma-Bellevue, WA",12.864721,91395.0,118075.0,140190.0,140190.0,0.65193665,1.0,0.0,operational,reported
dcblox-atlanta-east-conyers-ga,-84.02,33.66,Match,13,247,60310,1013,13247060310,Georgia, Rockdale County,"Atlanta-Sandy Springs-Roswell, GA",4.9747658,90842.0,93754.0,107388.0,107388.0,0.84592319,0.0,0.0,under_construction,reported
ark-data-centers-marion-ia,-91.5871,42.0341,Match,19,113,400,3041,19113000400,Iowa, Linn County,"Cedar Rapids, IA",3.5377359,104712.0,97491.0,100430.0,100430.0,1.0426366,0.0,0.0,operational,confirmed
meta-middleton-township-oh,-83.701,41.432,Match,39,173,21200,2050,39173021200,Ohio, Wood County,"Toledo, OH",6.0977101,150428.0,92749.0,89262.0,89262.0,1.6852412,0.0,0.0,under_construction,confirmed
32-avenue-of-the-americas-ny,-74.004641,40.720012,Match,36,61,3300,1001,36061003300,New York, New York County,"New York-Newark-Jersey City, NY-NJ",3.4616032,250000.0,106873.0,120744.0,120744.0,2.0704963,0.0,0.0,operational,reported
cyrusone-vint-hill-fauquier-va,-77.67347422456572,38.75228751094812,Match,51,61,930401,3015,51061930401,Virginia, Fauquier County,"Washington-Arlington-Alexandria, DC-VA-MD-WV",4.4526606,188973.0,115213.0,154653.0,154653.0,1.2219162,0.0,1.0,proposed,reported
aligned-project-caprock-hale-county-tx,-101.84,33.84,Match,48,189,950900,3299,48189950900,Texas, Hale County,,4.4176707,88109.0,94599.0,,94599.0,0.93139464,0.0,1.0,under_construction,confirmed
qts-chicago-1-il,-87.6689701,41.8422152,Match,17,31,843200,2038,17031843200,Illinois, Cook County,"Chicago-Naperville-Elgin, IL-IN",17.002342,53864.0,106018.0,113207.0,113207.0,0.47580096,1.0,0.0,operational,confirmed
white-oak-technology-park-columbia-county-ga,-82.28,33.6,Match,13,73,30403,2001,13073030403,Georgia, Columbia County,"Augusta-Richmond County, GA-SC",7.1749907,120145.0,93754.0,84944.0,84944.0,1.4144025,0.0,0.0,permitted,confirmed
aligned-shippingport-pa,-80.44,40.63,Match,42,7,602701,2020,42007602701,Pennsylvania, Beaver County,"Pittsburgh, PA",12.484549,92417.0,100262.0,102107.0,102107.0,0.90509957,0.0,1.0,permitted,reported
h6-coin-newcastle-wy,-104.2,43.85,Match,56,45,951300,2056,56045951300,Wyoming, Weston County,,8.0105639,108036.0,96997.0,,96997.0,1.1138077,0.0,1.0,operational,reported
cogent-akron-summit-county-oh,-81.5183,41.0876,Match,39,153,507400,1032,39153507400,Ohio, Summit County,"Akron, OH",18.436874,70521.0,92749.0,95658.0,95658.0,0.73722011,0.0,0.0,operational,confirmed
google-spring-sand-springs-ok,-96.11,36.256,Match,40,113,940005,2007,40113940005,Oklahoma, Osage County,"Tulsa, OK",13.530958,101964.0,82385.0,88320.0,88320.0,1.1544837,0.0,0.0,proposed,reported
tierpoint-milwaukee-wi,-87.9610932,43.0097937,Match,55,79,110100,3014,55079110100,Wisconsin, Milwaukee County,"Milwaukee-Waukesha, WI",20.386425,76042.0,100141.0,104346.0,104346.0,0.72874856,1.0,0.0,operational,reported
andover-hpc-development-nj,-74.7381,41.0419,Match,34,37,373600,1027,34037373600,New Jersey, Sussex County,"New York-Newark-Jersey City, NY-NJ",13.279888,161016.0,127025.0,120744.0,120744.0,1.3335321,0.0,1.0,proposed,reported
soluna-project-dorothy-silverton-tx,-101.318337,34.391589,Match,48,45,950200,2360,48045950200,Texas, Briscoe County,,16.795666,64643.0,94599.0,,94599.0,0.68333703,1.0,1.0,operational,confirmed
ta-realty-elk-grove-village-il,-87.9703,42.0039,Match,17,31,770300,3018,17031770300,Illinois, Cook County,"Chicago-Naperville-Elgin, IL-IN",8.7209301,97601.0,106018.0,113207.0,113207.0,0.86214632,0.0,0.0,under_construction,reported
google-lagrange-ga,-85.0313269,33.039291,Match,13,285,960401,1030,13285960401,Georgia, Troup County,,24.606619,101981.0,93754.0,,93754.0,1.0877509,1.0,1.0,proposed,confirmed
lancium-crusoe-abilene-tx,-99.788717,32.502213,Match,48,441,13200,1010,48441013200,Texas, Taylor County,"Abilene, TX",15.31376,59271.0,94599.0,85182.0,85182.0,0.69581604,1.0,0.0,operational,reported
sentinel-east-whiteland-chester-county-pa,-75.545,40.041,Match,42,29,302103,4026,42029302103,Pennsylvania, Chester County,"Philadelphia-Camden-Wilmington, PA-NJ-DE-MD",3.1653275,164521.0,100262.0,116434.0,116434.0,1.412998,0.0,0.0,under_construction,reported
galaxy-helios-dickens-tx,-100.8790507,33.7814083,Match,48,125,950300,1055,48125950300,Texas, Dickens County,,17.984768,65469.0,94599.0,,94599.0,0.69206864,1.0,1.0,operational,reported
stak-energy-north-slope-ak,-148.5,69.84,Match,2,185,200,3102,2185000200,Alaska, North Slope Borough,,16.557669,83839.0,112321.0,,112321.0,0.74642318,0.0,1.0,proposed,reported
zenith-tooele-valley-burmester-ut,-112.674,40.748,Match,49,45,130600,2114,49045130600,Utah, Tooele County,"Salt Lake City-Murray, UT",18.315218,56111.0,109675.0,116518.0,116518.0,0.48156509,1.0,1.0,proposed,reported
aspen-creek-digital-olathe-co,-107.973,38.5986,Match,8,85,966202,2085,8085966202,Colorado, Montrose County,,10.778844,88151.0,119139.0,,119139.0,0.73990047,0.0,1.0,operational,reported
google-fort-wayne-in,-85.056,40.99,Match,18,3,11801,2022,18003011801,Indiana, Allen County,"Fort Wayne, IN",11.542417,90724.0,90767.0,88876.0,88876.0,1.020793,0.0,1.0,operational,confirmed
simple-mining-cascade-ia,-91.0143,42.2997,Match,19,61,10400,4036,19061010400,Iowa, Dubuque County,"Dubuque, IA",5.1143665,113500.0,97491.0,101913.0,101913.0,1.113695,0.0,1.0,proposed,reported
atterix-raton-digital-hub-nm,-104.4392,36.9033,Match,35,7,950500,4008,35007950500,New Mexico, Colfax County,,17.29977,61115.0,79556.0,,79556.0,0.76820099,0.0,1.0,proposed,reported
digital-realty-new-york-ewr10-nj,-74.0250281,40.7618178,Match,34,17,17900,1012,34017017900,New Jersey, Hudson County,"New York-Newark-Jersey City, NY-NJ",2.6214483,250000.0,127025.0,120744.0,120744.0,2.0704963,0.0,0.0,operational,reported
thornberry-data-center-campus-caroline-va,-77.52,37.885,Match,51,85,320100,2006,51085320100,Virginia, Hanover County,"Richmond, VA",1.3905789,126052.0,115213.0,110863.0,110863.0,1.1370069,0.0,1.0,proposed,reported
green-digital-harrison-ar,-93.1077,36.2298,Match,5,9,790502,2093,5009790502,Arkansas, Boone County,,17.265387,49815.0,76968.0,,76968.0,0.64721704,1.0,1.0,cancelled,confirmed
digital-realty-iad38-va,-77.4772014,39.0010841,Match,51,107,611020,3070,51107611020,Virginia, Loudoun County,"Washington-Arlington-Alexandria, DC-VA-MD-WV",0.73657423,155417.0,115213.0,154653.0,154653.0,1.00494,0.0,0.0,operational,reported
qts-hillsboro-1-or,-122.9277661,45.5588149,Match,41,67,32603,5013,41067032603,Oregon, Washington County,"Portland-Vancouver-Hillsboro, OR-WA",2.2013981,143430.0,102281.0,119276.0,119276.0,1.2025051,0.0,0.0,operational,reported
applied-digital-polaris-forge-2-harwood-nd,-97.025,47.02,Match,38,17,40200,1232,38017040200,North Dakota, Cass County,"Fargo, ND-MN",4.0501046,124286.0,104993.0,109334.0,109334.0,1.1367552,0.0,1.0,under_construction,confirmed
tulsaconnect-dc2-tulsa-ok,-95.9932,36.1523,Match,40,143,2500,1064,40143002500,Oklahoma, Tulsa County,"Tulsa, OK",23.428375,72317.0,82385.0,88320.0,88320.0,0.81880659,1.0,0.0,operational,reported
google-muskogee-county-ok,-95.65,35.57,Match,40,101,1600,1121,40101001600,Oklahoma, Muskogee County,,13.771742,80114.0,82385.0,,82385.0,0.97243428,0.0,1.0,proposed,reported
edgeconnex-west-valley-city-ut,-111.9867,40.69679,Match,49,35,113406,2021,49035113406,Utah, Salt Lake County,"Salt Lake City-Murray, UT",12.383107,70972.0,109675.0,116518.0,116518.0,0.60910761,1.0,0.0,operational,reported
stonebridge-pacific-columbia-county-wi,-89.4,43.55,Match,55,21,970600,3060,55021970600,Wisconsin, Columbia County,"Madison, WI",6.7293315,111875.0,100141.0,120280.0,120280.0,0.93012136,0.0,1.0,cancelled,reported
cleanspark-cheyenne-wy,-104.8202,41.14,Match,56,21,1000,4021,56021001000,Wyoming, Laramie County,"Cheyenne, WY",7.8263965,94276.0,96997.0,99600.0,99600.0,0.9465462,0.0,0.0,operational,reported
flexential-portland-hillsboro-2-or,-122.9171647,45.558302,Match,41,67,32612,2001,41067032612,Oregon, Washington County,"Portland-Vancouver-Hillsboro, OR-WA",3.994967,165166.0,102281.0,119276.0,119276.0,1.384738,0.0,0.0,operational,reported
google-the-dalles-or,-121.1776,45.5975,Match,41,65,970200,3055,41065970200,Oregon, Wasco County,,15.64784,87981.0,102281.0,,102281.0,0.86018908,0.0,1.0,operational,confirmed
lambda-aligned-plano-tx,-96.6989,33.0198,Match,48,85,32003,3009,48085032003,Texas, Collin County,"Dallas-Fort Worth-Arlington, TX",15.241986,73114.0,94599.0,108711.0,108711.0,0.67255384,1.0,0.0,under_construction,confirmed
wise-innovation-hub-wise-va,-82.53,36.99,Match,51,195,931400,3014,51195931400,Virginia, Wise County,,19.130249,71071.0,115213.0,,115213.0,0.61686617,1.0,1.0,proposed,reported
rb-inyokern-data-center-ca,-117.807864,35.631817,Match,6,29,5510,1081,6029005510,California, Kern County,"Bakersfield-Delano, CA",16.110134,74583.0,113346.0,77234.0,77234.0,0.96567571,0.0,1.0,proposed,reported
digital-realty-acc9-va,-77.4673732,39.0154331,Match,51,107,611020,3009,51107611020,Virginia, Loudoun County,"Washington-Arlington-Alexandria, DC-VA-MD-WV",0.73657423,155417.0,115213.0,154653.0,154653.0,1.00494,0.0,0.0,operational,reported
microsoft-granger-in,-86.13,41.73,Match,18,141,11406,1021,18141011406,Indiana, St. Joseph County,"South Bend-Mishawaka, IN-MI",7.1636362,116008.0,90767.0,87126.0,87126.0,1.331497,0.0,0.0,under_construction,reported
digital-realty-atlanta-atl13-ga,-84.3914814,33.7555186,Match,13,121,11901,1031,13121011901,Georgia, Fulton County,"Atlanta-Sandy Springs-Roswell, GA",23.299101,,93754.0,107388.0,107388.0,,1.0,0.0,operational,reported
salcido-cashmere-cashmere-wa,-120.4692,47.5262,Match,53,7,960501,3030,53007960501,Washington, Chelan County,"Wenatchee-East Wenatchee, WA",4.2601628,156019.0,118075.0,94263.0,94263.0,1.6551458,0.0,1.0,operational,reported
aws-lake-anna-technology-campus-louisa-va,-77.81682351474,38.04763641638,Match,51,109,950202,3039,51109950202,Virginia, Louisa County,,7.9941249,95100.0,115213.0,,115213.0,0.82542771,0.0,1.0,under_construction,confirmed
sandow-lakes-energy-station-lee-county-tx,-96.9588587,30.3031353,Match,48,287,200,3025,48287000200,Texas, Lee County,,4.0109391,87672.0,94599.0,,94599.0,0.9267751,0.0,1.0,under_construction,reported
security-land-woodlawn-baltimore-county-md,-76.7448,39.3196,Match,24,5,401102,2008,24005401102,Maryland, Baltimore County,"Baltimore-Columbia-Towson, MD",5.3977275,175039.0,127817.0,126229.0,126229.0,1.3866782,0.0,0.0,proposed,reported
dulles-cloud-south-gainesville-prince-william-va,-77.61,38.83,Match,51,153,901505,2000,51153901505,Virginia, Prince William County,"Washington-Arlington-Alexandria, DC-VA-MD-WV",0.48851332,231776.0,115213.0,154653.0,154653.0,1.4986842,0.0,0.0,cancelled,reported
aws-cosgray-hilliard-oh,-83.1761,40.04946,Match,39,49,7961,1010,39049007961,Ohio, Franklin County,"Columbus, OH",1.0373067,185278.0,92749.0,104588.0,104588.0,1.7715034,0.0,0.0,operational,reported
flexential-nashville-brentwood-nas01-04-tn,-86.8084949,35.9727294,Match,47,187,50306,1025,47187050306,Tennessee, Williamson County,"Nashville-Davidson--Murfreesboro--Franklin, TN",1.1944578,163083.0,87314.0,105115.0,105115.0,1.5514722,0.0,0.0,operational,reported
iren-sweetwater-tx,-100.4059,32.4707,Match,48,353,950300,2063,48353950300,Texas, Nolan County,,38.479923,39391.0,94599.0,,94599.0,0.41639975,1.0,1.0,under_construction,confirmed
t5-atlanta-iv-palmetto-ga,-84.724,33.548,Match,13,121,10402,3052,13121010402,Georgia, Fulton County,"Atlanta-Sandy Springs-Roswell, GA",3.038738,112313.0,93754.0,107388.0,107388.0,1.0458617,0.0,0.0,proposed,reported
tallgrass-project-jade-cheyenne-wy,-104.82,41.12,Match,56,21,200,4010,56021000200,Wyoming, Laramie County,"Cheyenne, WY",14.022988,53980.0,96997.0,99600.0,99600.0,0.54196787,1.0,0.0,under_construction,reported
tenaska-nebraska-ai-campus-power-plant-proposed,-96.371,40.474,Match,31,97,967500,2017,31097967500,Nebraska, Johnson County,,7.2952852,89000.0,99751.0,,99751.0,0.89222163,0.0,1.0,proposed,confirmed
applied-digital-polaris-forge-3-oliver-nd,-101.426,47.111,Match,38,65,961200,1204,38065961200,North Dakota, Oliver County,"Bismarck, ND",5.2230687,87500.0,104993.0,113325.0,113325.0,0.77211559,0.0,1.0,proposed,confirmed
aligned-west-jordan-ut,-111.96973,40.5861,Match,49,35,112921,1008,49035112921,Utah, Salt Lake County,"Salt Lake City-Murray, UT",9.7670441,104639.0,109675.0,116518.0,116518.0,0.89805007,0.0,0.0,operational,confirmed
coreweave-digital-crossroads-hammond-in,-87.5,41.5836,Match,18,89,21300,3021,18089021300,Indiana, Lake County,"Chicago-Naperville-Elgin, IL-IN",11.080502,82163.0,90767.0,113207.0,113207.0,0.72577667,0.0,0.0,cancelled,confirmed
dmg-blockchain-boardman-or,-119.70058,45.83986,Match,41,49,970101,1039,41049970101,Oregon, Morrow County,,14.84708,76777.0,102281.0,,102281.0,0.75064772,0.0,1.0,proposed,reported
flexential-las-vegas-downtown-nv,-115.1431445,36.1686438,Match,32,3,700,2001,32003000700,Nevada, Clark County,"Las Vegas-Henderson-North Las Vegas, NV",37.066341,,92663.0,89785.0,89785.0,,1.0,0.0,operational,reported
coresite-ch1-chicago-il,-87.6314808,41.8763329,Match,17,31,839100,2024,17031839100,Illinois, Cook County,"Chicago-Naperville-Elgin, IL-IN",9.0022612,188216.0,106018.0,113207.0,113207.0,1.6625828,0.0,0.0,operational,confirmed
canadys-station-colleton-county-sc,-80.6196529,33.0565161,Match,45,29,970401,1016,45029970401,South Carolina, Colleton County,,25.192356,36790.0,86707.0,,86707.0,0.42430255,1.0,1.0,permitted,confirmed
compass-red-oak-tx,-96.804371,32.537981,Match,48,139,60206,3000,48139060206,Texas, Ellis County,"Dallas-Fort Worth-Arlington, TX",5.938983,112615.0,94599.0,108711.0,108711.0,1.0359117,0.0,0.0,proposed,reported
cleanspark-vicksburg-ms,-90.8779,32.3526,Match,28,149,950300,1034,28149950300,Mississippi, Warren County,,47.229694,33750.0,73163.0,,73163.0,0.46129873,1.0,1.0,operational,confirmed
cyrusone-nas-lemoore-ca,-119.953,36.303,Match,6,31,980000,1017,6031980000,California, Kings County,"Hanford-Corcoran, CA",9.4441004,69564.0,113346.0,78609.0,78609.0,0.88493681,0.0,1.0,proposed,confirmed
coreweave-lancaster-pa,-76.3055,40.0379,Match,42,71,100,2008,42071000100,Pennsylvania, Lancaster County,"Lancaster, PA",15.35596,82255.0,100262.0,104406.0,104406.0,0.78783786,0.0,0.0,proposed,reported
lancium-fort-stockton-tx,-102.879,30.894,Match,48,371,950300,1018,48371950300,Texas, Pecos County,,34.636303,,94599.0,,94599.0,,1.0,1.0,operational,confirmed
verrus-oakline-mill-creek-salem-or,-122.96941,44.88315,Match,41,47,1803,2005,41047001803,Oregon, Marion County,"Salem, OR",12.4632,57283.0,102281.0,93261.0,93261.0,0.61422247,1.0,0.0,proposed,confirmed
energysolutions-kewaunee-new-nuclear-wi,-87.5369,44.3419,Match,55,61,960500,1005,55061960500,Wisconsin, Kewaunee County,"Green Bay, WI",7.6192093,104766.0,100141.0,101584.0,101584.0,1.0313238,0.0,1.0,proposed,reported
blockchain-digital-infrastructure-wise-county-tx,-97.5864,33.2343,Match,48,497,150201,1005,48497150201,Texas, Wise County,"Dallas-Fort Worth-Arlington, TX",9.3944349,124732.0,94599.0,108711.0,108711.0,1.1473724,0.0,1.0,under_construction,reported
aliquippa-data-center-beaver-county-pa,-80.2456,40.6023,Match,42,7,604800,3000,42007604800,Pennsylvania, Beaver County,"Pittsburgh, PA",9.4617891,69297.0,100262.0,102107.0,102107.0,0.67867041,1.0,0.0,proposed,rumored
srp-marigold-energy-center-stanfield-az,-111.964,32.8834,Match,4,21,941402,1103,4021941402,Arizona, Pinal County,"Phoenix-Mesa-Chandler, AZ",16.673666,75714.0,95980.0,103615.0,103615.0,0.73072433,0.0,0.0,proposed,confirmed
stack-por01-or,-122.9278183,45.5493273,Match,41,67,32608,1000,41067032608,Oregon, Washington County,"Portland-Vancouver-Hillsboro, OR-WA",6.5566459,118636.0,102281.0,119276.0,119276.0,0.99463427,0.0,0.0,operational,reported
lavue-massaponax-tech-campus-spotsylvania-va,-77.5505,38.1869,Match,51,177,20315,2007,51177020315,Virginia, Spotsylvania County,"Washington-Arlington-Alexandria, DC-VA-MD-WV",4.2884989,160789.0,115213.0,154653.0,154653.0,1.039676,0.0,1.0,proposed,reported
hut8-beacon-point-robstown-tx,-97.6689,27.7897,Match,48,355,5604,2022,48355005604,Texas, Nueces County,"Corpus Christi, TX",8.4923668,84167.0,94599.0,79893.0,79893.0,1.0534966,0.0,0.0,under_construction,confirmed
microsoft-gaines-township-mi,-85.571,42.802,Match,26,81,14803,2004,26081014803,Michigan, Kent County,"Grand Rapids-Wyoming-Kentwood, MI",3.0680919,142222.0,93357.0,101026.0,101026.0,1.4077762,0.0,0.0,proposed,confirmed
expedient-bwi1-owings-mills-md,-76.8115503,39.4273178,Match,24,5,404101,1015,24005404101,Maryland, Baltimore County,"Baltimore-Columbia-Towson, MD",7.3601856,127621.0,127817.0,126229.0,126229.0,1.0110276,0.0,0.0,operational,reported
hut8-river-bend-west-feliciana-la,-91.38,30.79,Match,22,125,951803,3012,22125951803,Louisiana, West Feliciana Parish,"Baton Rouge, LA",16.759089,112713.0,79407.0,89597.0,89597.0,1.2579997,0.0,1.0,under_construction,confirmed
flexential-portland-hillsboro-4-pdx04-or,-122.9401317,45.5553133,Match,41,67,32603,5027,41067032603,Oregon, Washington County,"Portland-Vancouver-Hillsboro, OR-WA",2.2013981,143430.0,102281.0,119276.0,119276.0,1.2025051,0.0,0.0,operational,reported
microsoft-skipwith-road-campus-mecklenburg-va,-78.4194,36.6798,Match,51,117,930600,3001,51117930600,Virginia, Mecklenburg County,,15.711947,83281.0,115213.0,,115213.0,0.72284377,0.0,1.0,permitted,confirmed
thunderhead-wind-energy-center-antelope-ne,-98.0298,42.1289,Match,31,3,979700,2085,31003979700,Nebraska, Antelope County,,7.0175438,71125.0,99751.0,,99751.0,0.71302545,0.0,1.0,operational,reported
terra-nexus-rockingham-richmond-county-nc,-79.7948,34.9151,Match,37,153,970800,1033,37153970800,North Carolina, Richmond County,,31.311306,41513.0,90290.0,,90290.0,0.45977405,1.0,1.0,proposed,reported
blusky-ai-nephi-ut,-111.83632,39.71023,Match,49,23,10100,3028,49023010100,Utah, Juab County,"Provo-Orem-Lehi, UT",4.6632123,112418.0,109675.0,110937.0,110937.0,1.0133499,0.0,1.0,permitted,confirmed
trammell-crow-lewis-clark-ranch-west-richland-wa,-119.3667,46.3046,Match,53,5,10703,3012,53005010703,Washington, Benton County,"Kennewick-Richland, WA",21.693735,88818.0,118075.0,101145.0,101145.0,0.87812549,1.0,0.0,proposed,rumored
riot-calvert-city-marshall-ky,-88.35,37.0334,Match,21,157,950102,3042,21157950102,Kentucky, Marshall County,,29.142078,76645.0,81505.0,,81505.0,0.94037175,1.0,1.0,operational,confirmed
cloverleaf-carlton-kewaunee-county-wi,-87.58,44.35,Match,55,61,960500,1050,55061960500,Wisconsin, Kewaunee County,"Green Bay, WI",7.6192093,104766.0,100141.0,101584.0,101584.0,1.0313238,0.0,1.0,cancelled,reported
google-henderson-nv,-115.042545,36.056187,Match,32,3,5116,4001,32003005116,Nevada, Clark County,"Las Vegas-Henderson-North Las Vegas, NV",13.773001,112446.0,92663.0,89785.0,89785.0,1.2523918,0.0,0.0,operational,confirmed
digital-realty-oak10-ca,-122.2829762,37.7992148,Match,6,1,982000,1021,6001982000,California, Alameda County,"San Francisco-Oakland-Fremont, CA",0.0,,113346.0,164296.0,164296.0,,0.0,0.0,operational,confirmed
miningstore-st-anthony-ia,-93.1988,42.1355,Match,19,127,950200,2083,19127950200,Iowa, Marshall County,,3.9208634,102054.0,97491.0,,97491.0,1.0468043,0.0,1.0,operational,reported
project-hazelnut-hazle-township-pa,-75.955,40.985,Match,42,79,216900,1047,42079216900,Pennsylvania, Luzerne County,"Scranton--Wilkes-Barre, PA",12.47316,87708.0,100262.0,85514.0,85514.0,1.0256566,0.0,1.0,proposed,reported
beale-gardner-johnson-county-ks,-94.93,38.81,Match,20,91,53709,1018,20091053709,Kansas, Johnson County,"Kansas City, MO-KS",2.8702641,124704.0,95810.0,106867.0,106867.0,1.1669084,0.0,0.0,proposed,reported
blackstone-data-services-bluestone-tazewell-va,-81.33,37.26,Match,51,185,20200,4016,51185020200,Virginia, Tazewell County,,20.807682,61430.0,115213.0,,115213.0,0.53318638,1.0,1.0,operational,reported
hixson-bloom-fuel-cells-mcminnville-tn,-85.76998,35.6834,Match,47,177,930500,1026,47177930500,Tennessee, Warren County,,14.147078,59414.0,87314.0,,87314.0,0.68046361,1.0,1.0,proposed,confirmed
salcido-columbia-wenatchee-wa,-120.3103,47.4235,Match,53,7,961002,4014,53007961002,Washington, Chelan County,"Wenatchee-East Wenatchee, WA",16.408585,83704.0,118075.0,94263.0,94263.0,0.88798362,0.0,1.0,operational,reported
powerhouse-uhland-caldwell-county-tx,-97.85,29.87,Match,48,55,960501,1018,48055960501,Texas, Caldwell County,"Austin-Round Rock-San Marcos, TX",29.872101,63750.0,94599.0,126591.0,126591.0,0.50359029,1.0,0.0,proposed,reported
breaker-street-data-center-jessup-lackawanna-pa,-75.5588,41.4712,Match,42,69,111300,3014,42069111300,Pennsylvania, Lackawanna County,"Scranton--Wilkes-Barre, PA",18.131256,87270.0,100262.0,85514.0,85514.0,1.0205346,0.0,0.0,proposed,reported
cogent-cheyenne-114-w-10th-wy,-104.8110116,41.1278101,Match,56,21,200,2041,56021000200,Wyoming, Laramie County,"Cheyenne, WY",14.022988,53980.0,96997.0,99600.0,99600.0,0.54196787,1.0,0.0,operational,confirmed
coresite-va1-reston-va-va,-77.3645496,38.9506059,Match,51,59,481202,3001,51059481202,Virginia, Fairfax County,"Washington-Arlington-Alexandria, DC-VA-MD-WV",5.8932428,140227.0,115213.0,154653.0,154653.0,0.90672022,0.0,0.0,operational,reported
aws-boardman-morrow-county-or,-119.702,45.84,Match,41,49,970101,1038,41049970101,Oregon, Morrow County,,14.84708,76777.0,102281.0,,102281.0,0.75064772,0.0,1.0,proposed,reported
t5-chicago-iv-grayslake-il,-88.0417,42.3442,Match,17,97,861105,1003,17097861105,Illinois, Lake County,"Chicago-Naperville-Elgin, IL-IN",10.3905,113650.0,106018.0,113207.0,113207.0,1.0039132,0.0,0.0,under_construction,confirmed
vantage-santa-clara-ii-ca2-ca,-121.94689,37.3640012,Match,6,85,505202,2076,6085505202,California, Santa Clara County,"San Jose-Sunnyvale-Santa Clara, CA",19.125883,163550.0,113346.0,184762.0,184762.0,0.88519287,0.0,0.0,operational,reported
google-storey-county-nv,-119.5157991,39.4572167,Match,32,29,970200,1123,32029970200,Nevada, Storey County,"Reno, NV",7.0582547,121477.0,92663.0,104602.0,104602.0,1.1613258,0.0,1.0,operational,confirmed
stack-bossier-parish-la,-93.74,32.69,Match,22,15,11107,2000,22015011107,Louisiana, Bossier Parish,"Shreveport-Bossier City, LA",23.811493,76023.0,79407.0,75242.0,75242.0,1.0103798,1.0,1.0,under_construction,confirmed
digital-realty-northern-virginia-acc4-va,-77.4624708,39.0178592,Match,51,107,611006,1020,51107611006,Virginia, Loudoun County,"Washington-Arlington-Alexandria, DC-VA-MD-WV",2.078522,211875.0,115213.0,154653.0,154653.0,1.3700025,0.0,0.0,operational,reported
cleanspark-west-crossville-tn,-85.0269,35.9487,Match,47,35,970502,3044,47035970502,Tennessee, Cumberland County,,24.397989,65696.0,87314.0,,87314.0,0.75241083,1.0,1.0,operational,confirmed
google-port-of-little-rock-data-center-ar,-92.29,34.746,Match,5,119,4400,2037,5119004400,Arkansas, Pulaski County,"Little Rock-North Little Rock-Conway, AR",11.551312,210375.0,76968.0,87649.0,87649.0,2.4001985,0.0,0.0,under_construction,confirmed
prologis-rue-ferrari-san-jose-ca,-121.778138,37.247993,Match,6,85,512001,4025,6085512001,California, Santa Clara County,"San Jose-Sunnyvale-Santa Clara, CA",1.7258383,208074.0,113346.0,184762.0,184762.0,1.1261731,0.0,0.0,permitted,confirmed
arizona-land-consulting-camelback-creek-tonopah-az,-112.962,33.509,Match,4,13,50603,4039,4013050603,Arizona, Maricopa County,"Phoenix-Mesa-Chandler, AZ",11.781109,71250.0,95980.0,103615.0,103615.0,0.68764174,1.0,0.0,proposed,reported
oregon-industrial-park-data-center-lucas-oh,-83.4614,41.649,Match,39,95,9902,2009,39095009902,Ohio, Lucas County,"Toledo, OH",6.1827955,124293.0,92749.0,89262.0,89262.0,1.3924514,0.0,0.0,proposed,reported
google-haskell-county-tx,-99.7337,33.1576,Match,48,207,950300,2077,48207950300,Texas, Haskell County,,10.664557,78250.0,94599.0,,94599.0,0.82717574,0.0,1.0,under_construction,confirmed
microsoft-lowell-township-mi,-85.352,42.93,Match,26,81,12004,4012,26081012004,Michigan, Kent County,"Grand Rapids-Wyoming-Kentwood, MI",4.1758728,83223.0,93357.0,101026.0,101026.0,0.82377803,0.0,1.0,proposed,reported
socrates-the-younger-new-albany-oh,-82.764,40.066,Match,39,89,755601,2036,39089755601,Ohio, Licking County,"Columbus, OH",2.3718438,170039.0,92749.0,104588.0,104588.0,1.6257983,0.0,0.0,permitted,confirmed
wallace-jackson-data-center-campus-spalding-ga,-84.2641,33.2468,Match,13,255,161202,1011,13255161202,Georgia, Spalding County,"Atlanta-Sandy Springs-Roswell, GA",21.699545,76654.0,93754.0,107388.0,107388.0,0.71380413,1.0,1.0,permitted,reported
terrapower-natrium-kemmerer-wy,-110.6,41.75,Match,56,23,978200,1473,56023978200,Wyoming, Lincoln County,,2.3209877,102054.0,96997.0,,96997.0,1.0521356,0.0,1.0,under_construction,reported
beale-project-mustang-claremore-ok,-95.62,36.31,Match,40,131,50104,2024,40131050104,Oklahoma, Rogers County,"Tulsa, OK",23.161764,51823.0,82385.0,88320.0,88320.0,0.58676404,1.0,1.0,proposed,reported
qts-atlanta-1-atlanta-metro-dc1-ga,-84.4211544,33.7776897,Match,13,121,700,1011,13121000700,Georgia, Fulton County,"Atlanta-Sandy Springs-Roswell, GA",11.054248,206208.0,93754.0,107388.0,107388.0,1.9202145,0.0,0.0,operational,reported
joliet-technology-center-il,-88.128,41.432,Match,17,197,883307,2095,17197883307,Illinois, Will County,"Chicago-Naperville-Elgin, IL-IN",4.696774,124306.0,106018.0,113207.0,113207.0,1.0980417,0.0,0.0,permitted,confirmed
seminoe-generating-station-carbon-county-wy,-107.2,41.65,Match,56,7,967600,2219,56007967600,Wyoming, Carbon County,,9.7906408,77350.0,96997.0,,96997.0,0.79744732,0.0,1.0,proposed,reported
hp-cherokee-data-center-tulsa-ok,-95.9137,36.2085,Match,40,143,11300,2015,40143011300,Oklahoma, Tulsa County,"Tulsa, OK",28.048334,46433.0,82385.0,88320.0,88320.0,0.52573597,1.0,0.0,operational,reported
qts-ashburn-2-ashburn-lockridge-va,-77.4562445,38.9959297,Match,51,107,611020,3064,51107611020,Virginia, Loudoun County,"Washington-Arlington-Alexandria, DC-VA-MD-WV",0.73657423,155417.0,115213.0,154653.0,154653.0,1.00494,0.0,0.0,operational,reported
entergy-waterford-power-station-st-charles-la,-90.47111,29.99528,Match,22,89,62700,2049,22089062700,Louisiana, St. Charles Parish,"New Orleans-Metairie, LA",6.4659686,112125.0,79407.0,83780.0,83780.0,1.3383266,0.0,0.0,permitted,reported
databank-las1-las-vegas-nv,-115.1470938,36.0597501,Match,32,3,2847,1058,32003002847,Nevada, Clark County,"Las Vegas-Henderson-North Las Vegas, NV",13.6408,65611.0,92663.0,89785.0,89785.0,0.73075682,0.0,0.0,operational,reported
jackson-technical-enguard-tulsa-ok,-95.9856,36.1509,Match,40,143,2500,1057,40143002500,Oklahoma, Tulsa County,"Tulsa, OK",23.428375,72317.0,82385.0,88320.0,88320.0,0.81880659,1.0,0.0,operational,reported
new-era-energy-digital-lea-county-data-center-nm,-103.3,32.7,Match,35,25,702,2082,35025000702,New Mexico, Lea County,,6.5613284,95135.0,79556.0,,79556.0,1.1958243,0.0,1.0,proposed,reported
google-cedar-rapids-ia,-91.723,41.936,Match,19,113,3005,2020,19113003005,Iowa, Linn County,"Cedar Rapids, IA",6.5825067,81667.0,97491.0,100430.0,100430.0,0.81317335,0.0,0.0,under_construction,confirmed
digital-realty-iad73-va,-77.4664074,39.0066187,Match,51,107,611020,3007,51107611020,Virginia, Loudoun County,"Washington-Arlington-Alexandria, DC-VA-MD-WV",0.73657423,155417.0,115213.0,154653.0,154653.0,1.00494,0.0,0.0,operational,reported
microsoft-mount-pleasant-wi,-87.9023,42.7209,Match,55,101,1703,3012,55101001703,Wisconsin, Racine County,"Racine-Mount Pleasant, WI",2.5704298,129310.0,100141.0,96973.0,96973.0,1.3334639,0.0,0.0,operational,reported
tierpoint-valley-forge-pa,-75.4208776,40.1218812,Match,42,91,206006,1000,42091206006,Pennsylvania, Montgomery County,"Philadelphia-Camden-Wilmington, PA-NJ-DE-MD",5.0296783,160313.0,100262.0,116434.0,116434.0,1.3768573,0.0,0.0,operational,reported
cango-greenvolt-soperton-ga,-82.5917,32.3811,Match,13,283,960200,1036,13283960200,Georgia, Treutlen County,,15.922084,68618.0,93754.0,,93754.0,0.73189414,0.0,1.0,operational,reported
thor-equities-augusta-township-mi,-83.72,42.163,Match,26,161,422201,2005,26161422201,Michigan, Washtenaw County,"Ann Arbor, MI",3.7557251,166875.0,93357.0,126625.0,126625.0,1.3178678,0.0,0.0,cancelled,reported
entergy-river-bend-ap1000-west-feliciana-la,-91.3323105,30.7550442,Match,22,125,951803,1030,22125951803,Louisiana, West Feliciana Parish,"Baton Rouge, LA",16.759089,112713.0,79407.0,89597.0,89597.0,1.2579997,0.0,1.0,proposed,reported
qts-new-albany-4-licking-county-oh,-82.74301,40.11064,Match,39,89,755601,1011,39089755601,Ohio, Licking County,"Columbus, OH",2.3718438,170039.0,92749.0,104588.0,104588.0,1.6257983,0.0,0.0,permitted,reported
tierpoint-tulsa-state-farm-ok,-95.9928,36.154,Match,40,143,2500,1044,40143002500,Oklahoma, Tulsa County,"Tulsa, OK",23.428375,72317.0,82385.0,88320.0,88320.0,0.81880659,1.0,0.0,operational,confirmed
montana-property-group-high-falls-road-spalding-ga,-84.2641,33.2468,Match,13,255,161202,1011,13255161202,Georgia, Spalding County,"Atlanta-Sandy Springs-Roswell, GA",21.699545,76654.0,93754.0,107388.0,107388.0,0.71380413,1.0,1.0,permitted,reported
fervo-project-red-humboldt-county-nv,-118.1428,40.9953,Match,32,13,10501,2440,32013010501,Nevada, Humboldt County,,8.1358614,82083.0,92663.0,,92663.0,0.88582283,0.0,1.0,operational,confirmed
salcido-pangborn-east-wenatchee-wa,-120.2075,47.3985,Match,53,17,950300,3044,53017950300,Washington, Douglas County,"Wenatchee-East Wenatchee, WA",7.6990705,87371.0,118075.0,94263.0,94263.0,0.92688543,0.0,1.0,operational,reported
aligned-atl-01-lithia-springs-ga,-84.6602,33.7943,Match,13,97,80106,2007,13097080106,Georgia, Douglas County,"Atlanta-Sandy Springs-Roswell, GA",19.543472,70093.0,93754.0,107388.0,107388.0,0.65270793,1.0,0.0,operational,reported
amazon-becker-mn,-93.876,45.397,Match,27,141,30407,2010,27141030407,Minnesota, Sherburne County,"Minneapolis-St. Paul-Bloomington, MN-WI",12.913159,109884.0,113993.0,126705.0,126705.0,0.86724281,0.0,1.0,cancelled,confirmed
hematite-bitcoin-mining-jefferson-county-mo,-90.508,38.126,Match,29,99,701300,2006,29099701300,Missouri, Jefferson County,"St. Louis, MO-IL",14.06658,90016.0,91360.0,105167.0,105167.0,0.8559339,0.0,1.0,permitted,reported
prometheus-hyperscale-evanston-wy,-110.81,41.27,Match,56,41,975301,3120,56041975301,Wyoming, Uinta County,,23.218481,62125.0,96997.0,,96997.0,0.64048374,1.0,1.0,permitted,confirmed
google-lancaster-oh,-82.68839,39.72057,Match,39,45,32501,1018,39045032501,Ohio, Fairfield County,"Columbus, OH",8.6581583,112500.0,92749.0,104588.0,104588.0,1.0756493,0.0,1.0,operational,confirmed
white-cloud-acres-barnard-mo,-94.9436,40.2528,Match,29,147,470200,3124,29147470200,Missouri, Nodaway County,,8.3472452,86019.0,91360.0,,91360.0,0.94153899,0.0,1.0,proposed,reported
nebius-independence-mo,-94.342,39.089,Match,29,95,11407,2004,29095011407,Missouri, Jackson County,"Kansas City, MO-KS",8.0065355,67113.0,91360.0,106867.0,106867.0,0.62800491,1.0,0.0,under_construction,confirmed
tract-silver-springs-nv,-119.229,39.407,Match,32,19,960204,1030,32019960204,Nevada, Lyon County,"Reno, NV",22.941721,67639.0,92663.0,104602.0,104602.0,0.64663202,1.0,1.0,proposed,reported
csquare-sfo2-ca,-121.980963,37.397572,Match,6,85,505010,2035,6085505010,California, Santa Clara County,"San Jose-Sunnyvale-Santa Clara, CA",9.913702,203478.0,113346.0,184762.0,184762.0,1.1012979,0.0,0.0,operational,reported
new-day-ports-technology-campus-piketon-oh,-83.02,39.06,Match,39,131,952300,3044,39131952300,Ohio, Pike County,,23.976362,56512.0,92749.0,,92749.0,0.60930037,1.0,1.0,under_construction,confirmed
flexential-dallas-richardson-tx,-96.7524974,32.9948122,Match,48,85,31813,1005,48085031813,Texas, Collin County,"Dallas-Fort Worth-Arlington, TX",76.291992,,94599.0,108711.0,108711.0,,1.0,0.0,operational,reported
google-eagle-mountain-ut,-112.01198,40.30935,Match,49,49,10114,1031,49049010114,Utah, Utah County,"Provo-Orem-Lehi, UT",2.173167,106508.0,109675.0,110937.0,110937.0,0.96007645,0.0,1.0,proposed,confirmed
penzance-1500-gateway-fredericksburg-va,-77.509,38.301,Match,51,630,500,2036,51630000500,Virginia, Fredericksburg city,"Washington-Arlington-Alexandria, DC-VA-MD-WV",15.209427,180275.0,115213.0,154653.0,154653.0,1.1656741,0.0,1.0,cancelled,confirmed
microsoft-hebron-oh,-82.5,40.01,Match,39,89,753100,3052,39089753100,Ohio, Licking County,"Columbus, OH",8.5076981,64814.0,92749.0,104588.0,104588.0,0.61970782,1.0,1.0,under_construction,confirmed
wahawk-power-waterloo-ia,-92.4006906,42.4429861,Match,19,13,3001,1072,19013003001,Iowa, Black Hawk County,"Waterloo-Cedar Falls, IA",13.09284,81189.0,97491.0,90741.0,90741.0,0.89473337,0.0,0.0,proposed,reported
tract-virginia-highlands-storey-county-nv,-119.6464691,39.5071009,Match,32,29,970200,1108,32029970200,Nevada, Storey County,"Reno, NV",7.0582547,121477.0,92663.0,104602.0,104602.0,1.1613258,0.0,1.0,proposed,reported
9ldg-niagara-falls-ny,-79.0433349,43.123029,Match,36,63,20200,2009,36063020200,New York, Niagara County,"Buffalo-Cheektowaga, NY",51.712212,24891.0,106873.0,96701.0,96701.0,0.25740167,1.0,0.0,proposed,reported
amazon-potomac-church-fredericksburg-va,-77.4042471172777,38.4113223386809,Match,51,179,10106,1003,51179010106,Virginia, Stafford County,"Washington-Arlington-Alexandria, DC-VA-MD-WV",2.2463939,209551.0,115213.0,154653.0,154653.0,1.3549753,0.0,1.0,under_construction,confirmed
ebay-topaz-south-jordan-ut,-111.93671,40.55849,Match,49,35,113011,3006,49035113011,Utah, Salt Lake County,"Salt Lake City-Murray, UT",2.1527667,160145.0,109675.0,116518.0,116518.0,1.3744228,0.0,0.0,operational,confirmed
hydravault-chicago-il,-87.6254598,41.846546,Match,17,31,841000,1054,17031841000,Illinois, Cook County,"Chicago-Naperville-Elgin, IL-IN",19.84375,133281.0,106018.0,113207.0,113207.0,1.1773212,0.0,0.0,under_construction,confirmed
sabey-intergate-ashburn-building-a-va,-77.4799874,39.0144996,Match,51,107,611019,3012,51107611019,Virginia, Loudoun County,"Washington-Arlington-Alexandria, DC-VA-MD-WV",1.6687378,244107.0,115213.0,154653.0,154653.0,1.5784175,0.0,0.0,under_construction,reported
terawulf-lake-mariner-ny,-78.61459634619537,43.35055916999524,Match,36,63,24102,2001,36063024102,New York, Niagara County,"Buffalo-Cheektowaga, NY",12.843137,78500.0,106873.0,96701.0,96701.0,0.81178063,0.0,1.0,operational,confirmed
powerhouse-charlotte-nc,-80.8431,35.2271,Match,37,119,101,2000,37119000101,North Carolina, Mecklenburg County,"Charlotte-Concord-Gastonia, NC-SC",4.921875,128333.0,90290.0,102246.0,102246.0,1.2551396,0.0,0.0,under_construction,confirmed
fort-spunky-pacifico-energy-hood-county-tx,-97.78,32.42,Match,48,221,160206,2012,48221160206,Texas, Hood County,,10.224119,91038.0,94599.0,,94599.0,0.96235693,0.0,1.0,proposed,reported
ntt-ashburn-va8-data-center-va,-77.475509,39.0201893,Match,51,107,611019,3000,51107611019,Virginia, Loudoun County,"Washington-Arlington-Alexandria, DC-VA-MD-WV",1.6687378,244107.0,115213.0,154653.0,154653.0,1.5784175,0.0,0.0,operational,reported
h5-data-centers-quincy-campus-wa,-119.8528,47.2334,Match,53,25,10600,2019,53025010600,Washington, Grant County,,8.8303165,90379.0,118075.0,,118075.0,0.76543725,0.0,1.0,operational,confirmed
aws-project-eagle-boling-wharton-county-tx,-96.0553,29.3167,Match,48,481,740400,5005,48481740400,Texas, Wharton County,,8.3253584,83250.0,94599.0,,94599.0,0.88003045,0.0,1.0,proposed,reported
aws-project-atlas-madison-county-ms,-90.039,32.6121,Match,28,89,31100,3006,28089031100,Mississippi, Madison County,"Jackson, MS",36.805782,46441.0,73163.0,79993.0,79993.0,0.58056331,1.0,1.0,under_construction,confirmed
evolution-technology-bourbon-county-ks,-94.9753,37.8473,Match,20,11,955700,1205,20011955700,Kansas, Bourbon County,,10.395315,98438.0,95810.0,,95810.0,1.0274293,0.0,1.0,operational,confirmed
hyperblock-bonner-mt,-113.873623,46.872644,Match,30,63,1402,2126,30063001402,Montana, Missoula County,"Missoula, MT",9.0724783,99107.0,92794.0,102407.0,102407.0,0.96777564,0.0,0.0,cancelled,confirmed
stack-svy02-ca,-121.9537306,37.3619343,Match,6,85,505202,2067,6085505202,California, Santa Clara County,"San Jose-Sunnyvale-Santa Clara, CA",19.125883,163550.0,113346.0,184762.0,184762.0,0.88519287,0.0,0.0,operational,reported
beacon-westline-dove-creek-san-angelo-tx,-100.478,31.335,Match,48,451,1708,4032,48451001708,Texas, Tom Green County,"San Angelo, TX",1.7317246,149551.0,94599.0,83906.0,83906.0,1.7823637,0.0,0.0,proposed,reported
aligned-iad-06-frederick-md,-77.5089,39.3417,Match,24,21,752502,2008,24021752502,Maryland, Frederick County,"Washington-Arlington-Alexandria, DC-VA-MD-WV",4.7817836,157986.0,127817.0,154653.0,154653.0,1.0215515,0.0,1.0,under_construction,confirmed
microsoft-irving-tx,-96.9442177,32.8295183,Match,48,113,14601,1027,48113014601,Texas, Dallas County,"Dallas-Fort Worth-Arlington, TX",7.8906651,72375.0,94599.0,108711.0,108711.0,0.66575599,1.0,0.0,proposed,reported
google-new-albany-oh,-82.77106,40.05832,Match,39,49,7211,1032,39049007211,Ohio, Franklin County,"Columbus, OH",3.7548449,250000.0,92749.0,104588.0,104588.0,2.3903315,0.0,0.0,operational,confirmed
google-bosc-lima-oh,-84.1052,40.744,Match,39,3,14100,2021,39003014100,Ohio, Allen County,"Lima, OH",42.389526,44327.0,92749.0,81395.0,81395.0,0.54459119,1.0,1.0,permitted,confirmed
tierpoint-boston-andover-ma,-71.2086024,42.6857078,Match,25,9,254402,1010,25009254402,Massachusetts, Essex County,"Boston-Cambridge-Newton, MA-NH",2.1715262,211750.0,131675.0,145780.0,145780.0,1.4525312,0.0,0.0,operational,reported
vantage-quincy-wa11-wa,-119.8144903,47.2501646,Match,53,25,10500,1036,53025010500,Washington, Grant County,,7.2359843,99739.0,118075.0,,118075.0,0.84470886,0.0,1.0,operational,reported
lumen-mclean-1-va,-77.2115713,38.9208538,Match,51,59,471201,2004,51059471201,Virginia, Fairfax County,"Washington-Arlington-Alexandria, DC-VA-MD-WV",7.9903979,151607.0,115213.0,154653.0,154653.0,0.9803043,0.0,0.0,operational,reported
tulsaconnect-dc1-tulsa-ok,-95.9905,36.1535,Match,40,143,2500,1062,40143002500,Oklahoma, Tulsa County,"Tulsa, OK",23.428375,72317.0,82385.0,88320.0,88320.0,0.81880659,1.0,0.0,operational,reported
databank-ord4-oak-brook-il,-87.9221234,41.85392,Match,17,43,844602,2004,17043844602,Illinois, DuPage County,"Chicago-Naperville-Elgin, IL-IN",1.80067,160139.0,106018.0,113207.0,113207.0,1.4145679,0.0,0.0,operational,confirmed
google-hermantown-mn,-92.2382464,46.8068852,Match,27,137,10302,2003,27137010302,Minnesota, St. Louis County,"Duluth, MN-WI",2.5155833,115625.0,113993.0,97130.0,97130.0,1.1904149,0.0,0.0,proposed,reported
aws-mattermeade-caroline-va,-77.3527,38.044,Match,51,33,30300,3004,51033030300,Virginia, Caroline County,,9.3343735,93356.0,115213.0,,115213.0,0.81029052,0.0,1.0,proposed,confirmed
bristolville-25-lordstown-oh,-80.87,41.18,Match,39,155,933400,1002,39155933400,Ohio, Trumbull County,"Youngstown-Warren, OH",8.103241,81107.0,92749.0,76609.0,76609.0,1.0587137,0.0,0.0,proposed,confirmed
greenidge-underwood-nd,-101.1371,47.4564,Match,38,55,960800,4248,38055960800,North Dakota, McLean County,,8.3566113,114327.0,104993.0,,104993.0,1.0889012,0.0,1.0,operational,confirmed
cleanspark-lafayette-ga,-85.2819,34.7048,Match,13,295,20702,3011,13295020702,Georgia, Walker County,"Chattanooga, TN-GA",18.499598,59485.0,93754.0,91131.0,91131.0,0.65274167,1.0,1.0,operational,confirmed
digital-realty-ord10-il,-87.6183067,41.8533507,Match,17,31,330101,1020,17031330101,Illinois, Cook County,"Chicago-Naperville-Elgin, IL-IN",9.9771833,189131.0,106018.0,113207.0,113207.0,1.6706653,0.0,0.0,operational,reported
lunavi-cheyenne-wy,-104.78,41.11,Match,56,21,403,1028,56021000403,Wyoming, Laramie County,"Cheyenne, WY",13.170458,73125.0,96997.0,99600.0,99600.0,0.73418677,0.0,0.0,operational,reported
atlas-power-williston-nd,-103.618,48.147,Match,38,105,954100,4069,38105954100,North Dakota, Williams County,,12.244535,87847.0,104993.0,,104993.0,0.83669388,0.0,1.0,operational,confirmed
aws-galaxy-sidney-oh,-84.16,40.29,Match,39,149,971800,3012,39149971800,Ohio, Shelby County,,14.709969,59189.0,92749.0,,92749.0,0.63816321,1.0,1.0,under_construction,reported
h5-buffalo-i-lockport-ny,-78.7516290070774,43.16879237433895,Match,36,63,23401,3002,36063023401,New York, Niagara County,"Buffalo-Cheektowaga, NY",13.527935,115048.0,106873.0,96701.0,96701.0,1.1897292,0.0,1.0,operational,confirmed
cyrusone-freestone-energy-center-fairfield-tx,-96.1611,31.7285,Match,48,161,300,1042,48161000300,Texas, Freestone County,,26.916376,44185.0,94599.0,,94599.0,0.46707681,1.0,1.0,under_construction,reported
eagle-rock-pairmont-data-center-campus-spotsylvania-va,-77.44283210846356,38.1791903850787,Match,51,177,20206,1012,51177020206,Virginia, Spotsylvania County,"Washington-Arlington-Alexandria, DC-VA-MD-WV",6.4631157,116182.0,115213.0,154653.0,154653.0,0.75124311,0.0,1.0,proposed,reported
red-post-maverick-project-wise-va,-82.53,36.99,Match,51,195,931400,3014,51195931400,Virginia, Wise County,,19.130249,71071.0,115213.0,,115213.0,0.61686617,1.0,1.0,proposed,reported
constellation-clinton-clean-energy-center-il,-88.8342,40.1722,Match,17,39,971500,2071,17039971500,Illinois, De Witt County,,4.4834309,106250.0,106018.0,,106018.0,1.0021883,0.0,1.0,operational,confirmed
tenkey-franklin-ky,-86.591,36.703,Match,21,213,970401,2015,21213970401,Kentucky, Simpson County,,18.448683,80086.0,81505.0,,81505.0,0.98259002,0.0,1.0,proposed,reported
dartpoints-greenville-sc,-82.3434922,34.8075277,Match,45,45,2901,1003,45045002901,South Carolina, Greenville County,"Greenville-Anderson-Greer, SC",12.302937,73299.0,86707.0,88723.0,88723.0,0.82615554,0.0,0.0,operational,confirmed
prime-dfw01-01-tx,-96.8784007,32.8379581,Match,48,113,10003,2004,48113010003,Texas, Dallas County,"Dallas-Fort Worth-Arlington, TX",20.317751,112253.0,94599.0,108711.0,108711.0,1.0325818,1.0,0.0,operational,reported
aws-blanchard-caddo-parish-la,-94.04,32.6,Match,22,17,24504,4027,22017024504,Louisiana, Caddo Parish,"Shreveport-Bossier City, LA",17.287331,64451.0,79407.0,75242.0,75242.0,0.85658276,0.0,0.0,under_construction,confirmed
qts-clinton-clinton-county-ia,-90.24,41.88,Match,19,45,1200,1015,19045001200,Iowa, Clinton County,,9.7665558,103333.0,97491.0,,97491.0,1.0599235,0.0,1.0,proposed,reported
revolve-labs-windom-mn,-95.1169366,43.8663464,Match,27,33,270400,3046,27033270400,Minnesota, Cottonwood County,,20.397669,81635.0,113993.0,,113993.0,0.71614045,1.0,1.0,cancelled,reported
databank-den5-centennial-co,-104.8469635,39.5900652,Match,8,5,6864,2004,8005006864,Colorado, Arapahoe County,"Denver-Aurora-Centennial, CO",3.2453637,172692.0,119139.0,132002.0,132002.0,1.3082529,0.0,0.0,operational,confirmed
soluna-project-annie-paris-tx,-95.5555,33.6609,Match,48,277,800,3004,48277000800,Texas, Lamar County,,40.186916,31908.0,94599.0,,94599.0,0.33729744,1.0,1.0,proposed,reported
soluna-project-fei-childress-tx,-100.2013,34.4262,Match,48,75,950200,1047,48075950200,Texas, Childress County,,15.362319,67865.0,94599.0,,94599.0,0.71739662,0.0,1.0,proposed,reported
tierpoint-sioux-falls-west-sd,-96.8091949,43.6069708,Match,46,99,10405,3007,46099010405,South Dakota, Minnehaha County,"Sioux Falls, SD-MN",10.139379,100429.0,96562.0,106578.0,106578.0,0.94230515,0.0,0.0,operational,reported
meta-huntsville-al,-86.647,34.726,Match,1,89,1404,3026,1089001404,Alabama, Madison County,"Huntsville, AL",12.714078,89123.0,83032.0,109450.0,109450.0,0.81428051,0.0,0.0,operational,confirmed
coresite-de3-denver-co,-104.9903,39.7392,Match,8,31,2000,1009,8031002000,Colorado, Denver County,"Denver-Aurora-Centennial, CO",10.902256,213856.0,119139.0,132002.0,132002.0,1.6200967,0.0,0.0,under_construction,confirmed
cyrusone-nva1-nva2-nva3-sterling-va,-77.4144697,39.0259023,Match,51,107,611501,3001,51107611501,Virginia, Loudoun County,"Washington-Arlington-Alexandria, DC-VA-MD-WV",2.6223304,100475.0,115213.0,154653.0,154653.0,0.64968026,1.0,0.0,operational,reported
hyperscale-data-dowagiac-mi,-86.109,41.984,Match,26,27,1901,1036,26027001901,Michigan, Cass County,"South Bend-Mishawaka, IN-MI",22.129726,80682.0,93357.0,87126.0,87126.0,0.92603815,1.0,1.0,under_construction,confirmed
revolve-labs-moose-lake-mn,-92.761976,46.4543725,Match,27,17,70501,1053,27017070501,Minnesota, Carlton County,"Duluth, MN-WI",36.201782,92768.0,113993.0,97130.0,97130.0,0.95509112,1.0,1.0,cancelled,reported
ln-compute-cuthbert-ga,-84.79361,31.77083,Match,13,243,790200,5043,13243790200,Georgia, Randolph County,,30.17845,39620.0,93754.0,,93754.0,0.42259529,1.0,1.0,operational,reported
google-red-oak-tx,-96.8011,32.5163,Match,48,139,60207,2010,48139060207,Texas, Ellis County,"Dallas-Fort Worth-Arlington, TX",6.681191,112830.0,94599.0,108711.0,108711.0,1.0378895,0.0,0.0,operational,confirmed
flexential-kaufman-county-talty-tx,-96.3378,32.689,Match,48,257,50701,1035,48257050701,Texas, Kaufman County,"Dallas-Fort Worth-Arlington, TX",8.6857376,121731.0,94599.0,108711.0,108711.0,1.1197671,0.0,1.0,proposed,reported
geronimo-nobles-county-powered-data-park-mn,-95.6,43.62,Match,27,105,105500,3023,27105105500,Minnesota, Nobles County,,11.518152,76602.0,113993.0,,113993.0,0.67198861,1.0,1.0,proposed,reported
invitium-energy-carroll-township-perry-county-pa,-77.17,40.32,Match,42,99,30501,3028,42099030501,Pennsylvania, Perry County,"Harrisburg-Carlisle, PA",13.891496,95563.0,100262.0,102964.0,102964.0,0.92812049,0.0,1.0,proposed,reported
edged-dallas-irving-tx,-96.9169508,32.8211516,Match,48,113,20100,1058,48113020100,Texas, Dallas County,"Dallas-Fort Worth-Arlington, TX",18.798151,74028.0,94599.0,108711.0,108711.0,0.68096143,1.0,0.0,operational,reported
rowan-temple-tx,-97.3428,31.0982,Match,48,27,20701,1028,48027020701,Texas, Bell County,"Killeen-Temple, TX",37.635185,31214.0,94599.0,81686.0,81686.0,0.38212177,1.0,0.0,under_construction,confirmed
voonami-orem-ut,-111.69443,40.29816,Match,49,49,901,2013,49049000901,Utah, Utah County,"Provo-Orem-Lehi, UT",11.70778,73952.0,109675.0,110937.0,110937.0,0.66661257,1.0,0.0,operational,reported
expedient-cmh2-dublin-oh,-83.1539198,40.0907697,Match,39,49,6239,2004,39049006239,Ohio, Franklin County,"Columbus, OH",7.5740943,109035.0,92749.0,104588.0,104588.0,1.0425192,0.0,0.0,operational,confirmed
cyrusone-cin2-cincinnati-oh,-84.5179229,39.1027886,Match,39,61,700,3044,39061000700,Ohio, Hamilton County,"Cincinnati, OH-KY-IN",6.5982904,130469.0,92749.0,104379.0,104379.0,1.2499545,0.0,0.0,operational,confirmed
qts-irving-1-tx,-96.9826475,32.8972479,Match,48,113,14159,2024,48113014159,Texas, Dallas County,"Dallas-Fort Worth-Arlington, TX",0.18552876,231472.0,94599.0,108711.0,108711.0,2.1292417,0.0,0.0,operational,reported
dominion-chesterfield-energy-reliability-center-va,-77.38444091694713,37.38189170453291,Match,51,41,100403,3015,51041100403,Virginia, Chesterfield County,"Richmond, VA",2.0841961,128984.0,115213.0,110863.0,110863.0,1.1634539,0.0,0.0,permitted,confirmed
global-ai-windsor-co,-104.909,40.4653149,Match,8,123,2206,2029,8123002206,Colorado, Weld County,"Greeley, CO",10.055683,105845.0,119139.0,112953.0,112953.0,0.93707114,0.0,0.0,under_construction,confirmed
servpac-mtp2-mililani-hi,-158.017,21.448,Match,15,3,8906,2003,15003008906,Hawaii, Honolulu County,"Urban Honolulu, HI",0.82580644,126413.0,118909.0,125683.0,125683.0,1.0058082,0.0,1.0,proposed,confirmed
metrobloks-mia-a1-miami-fl,-80.41,25.79,Match,12,86,14100,1010,12086014100,Florida, Miami-Dade County,"Miami-Fort Lauderdale-West Palm Beach, FL",34.782608,,89891.0,89212.0,89212.0,,1.0,0.0,proposed,confirmed
rack59-oklahoma-city-ok,-97.5164,35.4676,Match,40,109,980007,1008,40109980007,Oklahoma, Oklahoma County,"Oklahoma City, OK",28.117359,165278.0,82385.0,90681.0,90681.0,1.822631,0.0,0.0,operational,confirmed
agriforce-west-point-columbiana-oh,-80.702,40.662,Match,39,29,951300,2020,39029951300,Ohio, Columbiana County,,15.368098,75354.0,92749.0,,92749.0,0.81245083,0.0,1.0,operational,reported
aligned-ord-01-il,-87.9175163,41.9140034,Match,17,31,811800,2009,17031811800,Illinois, Cook County,"Chicago-Naperville-Elgin, IL-IN",6.7065196,105575.0,106018.0,113207.0,113207.0,0.93258369,0.0,0.0,operational,reported
switch-atlanta-the-keep-ga,-84.5872685,33.7550251,Match,13,97,80105,1034,13097080105,Georgia, Douglas County,"Atlanta-Sandy Springs-Roswell, GA",10.400721,144618.0,93754.0,107388.0,107388.0,1.3466868,0.0,0.0,operational,reported
prologis-stem-park-zanker-road-san-jose-ca,-121.943,37.423,Match,6,85,504602,1018,6085504602,California, Santa Clara County,"San Jose-Sunnyvale-Santa Clara, CA",7.4578471,144464.0,113346.0,184762.0,184762.0,0.78189236,0.0,0.0,proposed,reported
novva-apex-industrial-park-north-las-vegas-nv,-114.9278,36.3291,Match,32,3,5902,1172,32003005902,Nevada, Clark County,"Las Vegas-Henderson-North Las Vegas, NV",16.885553,112778.0,92663.0,89785.0,89785.0,1.2560896,0.0,0.0,proposed,reported
tulsa-technology-exchange-tulsa-ok,-95.9903,36.1512,Match,40,143,2500,1073,40143002500,Oklahoma, Tulsa County,"Tulsa, OK",23.428375,72317.0,82385.0,88320.0,88320.0,0.81880659,1.0,0.0,operational,reported
tulsaconnect-downtown-dc5-tulsa-ok,-95.9928,36.154,Match,40,143,2500,1044,40143002500,Oklahoma, Tulsa County,"Tulsa, OK",23.428375,72317.0,82385.0,88320.0,88320.0,0.81880659,1.0,0.0,operational,reported
stream-data-centers-phxa-phoenix-i-vii-goodyear-campus-az,-112.3599883,33.4194907,Match,4,13,61058,2006,4013061058,Arizona, Maricopa County,"Phoenix-Mesa-Chandler, AZ",6.9172931,117325.0,95980.0,103615.0,103615.0,1.1323167,0.0,0.0,operational,reported
ecp-york-2-energy-center-data-center-peach-bottom-york-pa,-76.35,39.75,Match,42,133,24001,2001,42133024001,Pennsylvania, York County,"York-Hanover, PA",4.4394541,89233.0,100262.0,102186.0,102186.0,0.87324095,0.0,1.0,proposed,reported
safe-harbor-hydroelectric-lancaster-county-pa,-76.3856,39.9331,Match,42,71,13800,3054,42071013800,Pennsylvania, Lancaster County,"Lancaster, PA",6.9736843,121259.0,100262.0,104406.0,104406.0,1.161418,0.0,0.0,operational,reported
cipher-mikeska-mcculloch-county-tx,-99.3349,31.1317,Match,48,307,950300,2029,48307950300,Texas, McCulloch County,,14.68254,82965.0,94599.0,,94599.0,0.87701774,0.0,1.0,proposed,reported
radiusdc-miami-i-sweetwater-fl,-80.3839,25.7871,Match,12,86,9010,1097,12086009010,Florida, Miami-Dade County,"Miami-Fort Lauderdale-West Palm Beach, FL",4.8770547,120705.0,89891.0,89212.0,89212.0,1.353013,0.0,0.0,operational,confirmed
equinix-sv1-ca,-121.7833277,37.2415975,Match,6,85,512032,3002,6085512032,California, Santa Clara County,"San Jose-Sunnyvale-Santa Clara, CA",12.269938,176667.0,113346.0,184762.0,184762.0,0.95618689,0.0,0.0,operational,reported
canaan-bear-andrews-tx,-102.6042,32.2691,Match,48,3,950400,2069,48003950400,Texas, Andrews County,,11.656773,85625.0,94599.0,,94599.0,0.90513641,0.0,1.0,operational,confirmed
fibernet-orem-ut,-111.67595,40.27619,Match,49,49,1300,5002,49049001300,Utah, Utah County,"Provo-Orem-Lehi, UT",5.0949912,78346.0,109675.0,110937.0,110937.0,0.70622063,0.0,0.0,operational,confirmed
meta-montgomery-al,-86.273,32.185,Match,1,101,5903,2005,1101005903,Alabama, Montgomery County,"Montgomery, AL",13.534219,105901.0,83032.0,81959.0,81959.0,1.2921216,0.0,1.0,under_construction,confirmed
cipher-black-pearl-wink-tx,-103.1607,31.751,Match,48,495,950400,1099,48495950400,Texas, Winkler County,,15.324046,123086.0,94599.0,,94599.0,1.3011342,0.0,1.0,under_construction,confirmed
microsoft-silver-springs-lyon-county-nv,-119.2267443,39.373597,Match,32,19,960205,1013,32019960205,Nevada, Lyon County,"Reno, NV",20.627062,63365.0,92663.0,104602.0,104602.0,0.60577238,1.0,1.0,proposed,reported
gigaland-data-centers-remington-fauquier-va,-77.78314256153212,38.56070838764574,Match,51,61,930706,3015,51061930706,Virginia, Fauquier County,"Washington-Arlington-Alexandria, DC-VA-MD-WV",10.96208,86597.0,115213.0,154653.0,154653.0,0.55994385,1.0,1.0,proposed,reported
flexential-nashville-cool-springs-tn,-86.833406,35.951045,Match,47,187,50307,2047,47187050307,Tennessee, Williamson County,"Nashville-Davidson--Murfreesboro--Franklin, TN",3.1750128,115459.0,87314.0,105115.0,105115.0,1.0984066,0.0,0.0,operational,reported
cleanspark-college-park-ga,-84.4277,33.6407,Match,13,63,980000,1017,13063980000,Georgia, Clayton County,"Atlanta-Sandy Springs-Roswell, GA",,,93754.0,107388.0,107388.0,,0.0,0.0,operational,confirmed
aws-hobart-in,-87.263,41.517,Match,18,89,42000,4000,18089042000,Indiana, Lake County,"Chicago-Naperville-Elgin, IL-IN",7.3950796,93750.0,90767.0,113207.0,113207.0,0.82812899,0.0,0.0,under_construction,confirmed
edgeconnex-mad01-madison-wi,-89.2982832,43.0481038,Match,55,25,3100,3034,55025003100,Wisconsin, Dane County,"Madison, WI",8.0101185,113958.0,100141.0,120280.0,120280.0,0.94743931,0.0,0.0,operational,confirmed
stratos-box-elder-ut,-113.5,41.5,Match,49,3,960100,3429,49003960100,Utah, Box Elder County,,10.962633,95658.0,109675.0,,109675.0,0.87219512,0.0,1.0,proposed,reported
microsoft-bristow-mnz03-va,-77.56,38.728,Match,51,153,901417,1007,51153901417,Virginia, Prince William County,"Washington-Arlington-Alexandria, DC-VA-MD-WV",1.212508,228625.0,115213.0,154653.0,154653.0,1.4783095,0.0,0.0,operational,reported
coresite-bo1-boston-ma-ma,-71.0797577,42.3767059,Match,25,17,351500,4006,25017351500,Massachusetts, Middlesex County,"Boston-Cambridge-Newton, MA-NH",12.987013,101875.0,131675.0,145780.0,145780.0,0.69882703,1.0,0.0,operational,reported
stargate-saline-township-mi,-83.8063,42.174,Match,26,161,425000,3017,26161425000,Michigan, Washtenaw County,"Ann Arbor, MI",2.9490616,192321.0,93357.0,126625.0,126625.0,1.5188233,0.0,0.0,under_construction,reported
voltagrid-covington-power-plant-ga,-83.8602,33.5968,Match,13,217,100701,1000,13217100701,Georgia, Newton County,"Atlanta-Sandy Springs-Roswell, GA",20.113493,34302.0,93754.0,107388.0,107388.0,0.31942117,1.0,0.0,under_construction,confirmed
h5-data-centers-cincinnati-gest-oh,-84.5261021,39.0981558,Match,39,61,26300,1105,39061026300,Ohio, Hamilton County,"Cincinnati, OH-KY-IN",66.747574,,92749.0,104379.0,104379.0,,1.0,0.0,operational,confirmed
iron-mountain-den1-denver-co,-104.9695542,39.7773827,Match,8,31,3501,1036,8031003501,Colorado, Denver County,"Denver-Aurora-Centennial, CO",25.47506,70313.0,119139.0,132002.0,132002.0,0.53266615,1.0,0.0,operational,confirmed
westblock-shiprock-nm,-108.6866,36.7867,Match,35,45,942802,4030,35045942802,New Mexico, San Juan County,"Farmington, NM",30.805092,42083.0,79556.0,68290.0,68290.0,0.61623955,1.0,1.0,cancelled,reported
cologix-jax1-fl,-81.6624257,30.3314298,Match,12,31,17200,2081,12031017200,Florida, Duval County,"Jacksonville, FL",44.759972,54265.0,89891.0,98813.0,98813.0,0.54916865,1.0,0.0,operational,reported
stargate-lordstown-oh,-80.8534,41.1745,Match,39,155,933400,2005,39155933400,Ohio, Trumbull County,"Youngstown-Warren, OH",8.103241,81107.0,92749.0,76609.0,76609.0,1.0587137,0.0,0.0,under_construction,reported
edgeconnex-mesa-campus-phx11-3302-s-hawes-rd-az,-111.6475291,33.3520091,Match,4,13,422655,2000,4013422655,Arizona, Maricopa County,"Phoenix-Mesa-Chandler, AZ",4.5466089,101364.0,95980.0,103615.0,103615.0,0.97827536,0.0,0.0,under_construction,reported
mudiita-ransom-township-lackawanna-pa,-75.7375,41.4483,Match,42,69,112400,2039,42069112400,Pennsylvania, Lackawanna County,"Scranton--Wilkes-Barre, PA",11.913627,108311.0,100262.0,85514.0,85514.0,1.266588,0.0,1.0,cancelled,reported
prometheus-hyperscale-fort-morgan-co,-103.799951,40.2502582,Match,8,87,500,2018,8087000500,Colorado, Morgan County,,3.9985051,73993.0,119139.0,,119139.0,0.62106448,1.0,1.0,proposed,reported
lumen-ashburn-va,-77.4576094,39.022182,Match,51,107,611006,1020,51107611006,Virginia, Loudoun County,"Washington-Arlington-Alexandria, DC-VA-MD-WV",2.078522,211875.0,115213.0,154653.0,154653.0,1.3700025,0.0,0.0,operational,reported
cloverleaf-project-open-sky-piedmont-ok,-97.8,35.7,Match,40,17,300201,1094,40017300201,Oklahoma, Canadian County,"Oklahoma City, OK",3.6414177,103852.0,82385.0,90681.0,90681.0,1.1452454,0.0,0.0,proposed,reported
powerhouse-95-spotsylvania-va,-77.66,38.17,Match,51,177,20406,3011,51177020406,Virginia, Spotsylvania County,"Washington-Arlington-Alexandria, DC-VA-MD-WV",13.665879,104044.0,115213.0,154653.0,154653.0,0.67275774,1.0,1.0,under_construction,reported
eagle-rock-meridian-technology-park-taylorville-il,-89.36787,39.489771,Match,17,21,959000,2021,17021959000,Illinois, Christian County,,5.0573301,96625.0,106018.0,,106018.0,0.91140181,0.0,1.0,proposed,reported
qts-new-albany-1-franklin-county-oh,-82.75793,40.06378,Match,39,89,755601,2036,39089755601,Ohio, Licking County,"Columbus, OH",2.3718438,170039.0,92749.0,104588.0,104588.0,1.6257983,0.0,0.0,under_construction,confirmed
bluebird-quad-cities-bettendorf-ia,-90.5157,41.5245,Match,19,163,13200,1077,19163013200,Iowa, Scott County,"Davenport-Moline-Rock Island, IA-IL",3.1375167,115833.0,97491.0,94063.0,94063.0,1.2314407,0.0,0.0,operational,confirmed
midcon-recovery-solutions-oklahoma-city-ok,-97.567,35.618,Match,40,109,108326,2000,40109108326,Oklahoma, Oklahoma County,"Oklahoma City, OK",14.014252,85257.0,82385.0,90681.0,90681.0,0.9401859,0.0,0.0,operational,reported
cascade-digital-power-hatfield-wi,-90.7306966,44.4146842,Match,55,53,960200,3004,55053960200,Wisconsin, Jackson County,,10.028011,81250.0,100141.0,,100141.0,0.81135601,0.0,1.0,operational,confirmed
entergy-bogalusa-west-solar-washington-parish-la,-89.8486858,30.7910204,Match,22,117,950800,2040,22117950800,Louisiana, Washington Parish,,26.37636,57950.0,79407.0,,79407.0,0.72978455,1.0,1.0,under_construction,reported
microsoft-elk-grove-village-il,-87.96,42.005,Match,17,31,770300,3018,17031770300,Illinois, Cook County,"Chicago-Naperville-Elgin, IL-IN",8.7209301,97601.0,106018.0,113207.0,113207.0,0.86214632,0.0,0.0,under_construction,confirmed
beacon-golden-valley-ca,-119.55,35.36,Match,6,29,3304,2156,6029003304,California, Kern County,"Bakersfield-Delano, CA",13.347826,103750.0,113346.0,77234.0,77234.0,1.3433203,0.0,1.0,proposed,reported
flexential-minneapolis-chaska-msp01-mn,-93.5988964,44.8516116,Match,27,19,90802,2000,27019090802,Minnesota, Carver County,"Minneapolis-St. Paul-Bloomington, MN-WI",2.1876314,206845.0,113993.0,126705.0,126705.0,1.6324928,0.0,0.0,operational,reported
greenidge-spartanburg-sc,-81.925,34.9494,Match,45,83,21200,1109,45083021200,South Carolina, Spartanburg County,"Spartanburg, SC",9.3898201,178487.0,86707.0,78303.0,78303.0,2.2794402,0.0,1.0,cancelled,confirmed
google-palo-ia,-91.7935,42.0611,Match,19,113,10600,3049,19113010600,Iowa, Linn County,"Cedar Rapids, IA",1.8993206,145139.0,97491.0,100430.0,100430.0,1.4451758,0.0,0.0,proposed,confirmed
bull-church-data-center-caroline-va,-77.49262214339025,38.00820612043225,Match,51,33,30503,1051,51033030503,Virginia, Caroline County,,27.86536,47695.0,115213.0,,115213.0,0.41397238,1.0,1.0,proposed,reported
edgeconnex-mcn-new-albany-licking-county-oh,-82.72274,40.08878,Match,39,89,755601,1031,39089755601,Ohio, Licking County,"Columbus, OH",2.3718438,170039.0,92749.0,104588.0,104588.0,1.6257983,0.0,0.0,under_construction,reported
meta-stanton-springs-newton-ga,-83.7182,33.6551,Match,13,297,110801,1006,13297110801,Georgia, Walton County,"Atlanta-Sandy Springs-Roswell, GA",6.92974,106489.0,93754.0,107388.0,107388.0,0.99162847,0.0,1.0,operational,reported
microsoft-van-meter-ia,-93.9548406,41.5332166,Match,19,49,50902,3073,19049050902,Iowa, Dallas County,"Des Moines-West Des Moines, IA",1.6703243,147458.0,97491.0,110255.0,110255.0,1.3374269,0.0,1.0,proposed,reported
peak-mining-texas-2-corpus-christi-tx,-97.421,27.852,Match,48,355,6300,1001,48355006300,Texas, Nueces County,"Corpus Christi, TX",34.827194,49920.0,94599.0,79893.0,79893.0,0.62483573,1.0,0.0,under_construction,reported
prime-smf02-sacramento-ca,-121.399,38.671,Match,6,67,7301,3003,6067007301,California, Sacramento County,"Sacramento-Roseville-Folsom, CA",24.963045,60923.0,113346.0,116511.0,116511.0,0.52289486,1.0,0.0,under_construction,confirmed
starwood-digital-project-washington-de,-75.593,39.578,Match,10,3,16404,2019,10003016404,Delaware, New Castle County,"Philadelphia-Camden-Wilmington, PA-NJ-DE-MD",4.1065125,101146.0,105121.0,116434.0,116434.0,0.86869812,0.0,0.0,proposed,reported
tract-farmington-technology-park-mn,-93.152,44.606,Match,27,37,60904,1003,27037060904,Minnesota, Dakota County,"Minneapolis-St. Paul-Bloomington, MN-WI",12.450369,80873.0,113993.0,126705.0,126705.0,0.63827789,1.0,0.0,proposed,confirmed
ainet-cybernap-glen-burnie-md,-76.612,39.169,Match,24,3,751000,1001,24003751000,Maryland, Anne Arundel County,"Baltimore-Columbia-Towson, MD",9.9060202,114250.0,127817.0,126229.0,126229.0,0.90510106,0.0,0.0,operational,reported
deep-river-data-cumnock-lee-county-nc,-79.23778,35.555,Match,37,105,30601,2014,37105030601,North Carolina, Lee County,,8.6076632,108286.0,90290.0,,90290.0,1.1993133,0.0,1.0,proposed,reported
bginusa-york-ne,-97.593,40.885,Match,31,185,969700,2049,31185969700,Nebraska, York County,,10.113519,98448.0,99751.0,,99751.0,0.98693746,0.0,1.0,permitted,confirmed
hixson-data-center-mcminnville-tn,-85.76998,35.6834,Match,47,177,930500,1026,47177930500,Tennessee, Warren County,,14.147078,59414.0,87314.0,,87314.0,0.68046361,1.0,1.0,proposed,confirmed
google-redhawk-mesa-az,-111.6199,33.3764,Match,4,13,422642,3007,4013422642,Arizona, Maricopa County,"Phoenix-Mesa-Chandler, AZ",4.3879056,100590.0,95980.0,103615.0,103615.0,0.97080541,0.0,0.0,operational,confirmed
aws-calvert-cliffs-md,-76.443,38.437,Match,24,9,861100,1003,24009861100,Maryland, Calvert County,"Lexington Park, MD",2.3570135,150096.0,127817.0,147758.0,147758.0,1.0158231,0.0,1.0,cancelled,reported
lightfield-energy-chickasha-airport-ok,-97.9364,35.0526,Match,40,51,1000,1007,40051001000,Oklahoma, Grady County,"Oklahoma City, OK",24.992334,54521.0,82385.0,90681.0,90681.0,0.6012395,1.0,1.0,proposed,reported
qts-colorado-springs-co,-104.8426568,38.9220674,Match,8,41,3711,1002,8041003711,Colorado, El Paso County,"Colorado Springs, CO",5.9221659,113419.0,119139.0,108260.0,108260.0,1.0476538,0.0,0.0,operational,reported
we-energies-paris-rice-wi,-88.0087,42.6489,Match,55,59,2802,1013,55059002802,Wisconsin, Kenosha County,"Kenosha, WI",4.9435029,119659.0,100141.0,105009.0,105009.0,1.1395118,0.0,0.0,under_construction,confirmed
bitfarms-scrubgrass-kennerdell-pa,-79.8517,41.2306,Match,42,121,201400,2009,42121201400,Pennsylvania, Venango County,,11.629153,76080.0,100262.0,,100262.0,0.75881189,0.0,1.0,operational,reported
meta-davenport-ia,-90.5776,41.5236,Match,19,163,10900,3003,19163010900,Iowa, Scott County,"Davenport-Moline-Rock Island, IA-IL",44.690723,29095.0,97491.0,94063.0,94063.0,0.30931398,1.0,0.0,proposed,confirmed
meta-jeffersonville-in,-85.715,38.33,Match,18,19,50603,1007,18019050603,Indiana, Clark County,"Louisville/Jefferson County, KY-IN",13.681774,77172.0,90767.0,93011.0,93011.0,0.82970834,0.0,0.0,under_construction,confirmed
ntt-data-quincy-data-center-wa,-119.8657481,47.2435798,Match,53,25,10600,3005,53025010600,Washington, Grant County,,8.8303165,90379.0,118075.0,,118075.0,0.76543725,0.0,1.0,operational,reported
qts-new-albany-2-franklin-county-oh,-82.75685,40.05491,Match,39,89,755601,2036,39089755601,Ohio, Licking County,"Columbus, OH",2.3718438,170039.0,92749.0,104588.0,104588.0,1.6257983,0.0,0.0,under_construction,confirmed
edged-aurora-il,-88.284,41.79,Match,17,89,852906,1005,17089852906,Illinois, Kane County,"Chicago-Naperville-Elgin, IL-IN",13.733742,89297.0,106018.0,113207.0,113207.0,0.78879398,0.0,0.0,under_construction,confirmed
applied-digital-delta-forge-1-la,-92.65,31.4,Match,22,43,20300,1017,22043020300,Louisiana, Grant Parish,"Alexandria, LA",20.827068,67583.0,79407.0,73265.0,73265.0,0.92244589,1.0,1.0,under_construction,confirmed
cyrusone-chi6-wood-dale-il,-87.964189,41.9790594,Match,17,43,840101,4033,17043840101,Illinois, DuPage County,"Chicago-Naperville-Elgin, IL-IN",7.2818232,95225.0,106018.0,113207.0,113207.0,0.84115821,0.0,0.0,under_construction,confirmed
aphorio-carter-collierville-tn,-89.66453,35.04204,Match,47,157,21620,1010,47157021620,Tennessee, Shelby County,"Memphis, TN-MS-AR",24.515757,84643.0,87314.0,84517.0,84517.0,1.0014908,1.0,0.0,operational,confirmed
stack-berry-hill-va,-79.35,36.68,Match,51,143,10801,1026,51143010801,Virginia, Pittsylvania County,,10.564054,84205.0,115213.0,,115213.0,0.73086369,0.0,1.0,proposed,confirmed
aws-north-creek-technology-campus-louisa-va,-77.967415971191,37.999666431819,Match,51,109,950202,1003,51109950202,Virginia, Louisa County,,7.9941249,95100.0,115213.0,,115213.0,0.82542771,0.0,1.0,proposed,reported
ntt-chicago-ch1-data-center-il,-88.0072217,41.9879619,Match,17,43,840201,2000,17043840201,Illinois, DuPage County,"Chicago-Naperville-Elgin, IL-IN",1.0686529,117412.0,106018.0,113207.0,113207.0,1.0371443,0.0,0.0,operational,reported
qts-marvel-bessemer-al,-86.97,33.44,Match,1,73,13902,1073,1073013902,Alabama, Jefferson County,"Birmingham, AL",8.9715538,83750.0,83032.0,91396.0,91396.0,0.91634208,0.0,0.0,proposed,reported
tcdc-ector-county-tx,-102.54,31.87,Match,48,135,2702,3048,48135002702,Texas, Ector County,"Odessa, TX",17.924637,67466.0,94599.0,81330.0,81330.0,0.82953399,0.0,0.0,proposed,reported
lumen-phoenix-1-az,-112.0707916,33.494309,Match,4,13,110502,1002,4013110502,Arizona, Maricopa County,"Phoenix-Mesa-Chandler, AZ",23.91144,94444.0,95980.0,103615.0,103615.0,0.91148967,1.0,0.0,operational,reported
wildcat-ridge-archbald-lackawanna-county-pa,-75.54,41.51,Match,42,69,111100,1021,42069111100,Pennsylvania, Lackawanna County,"Scranton--Wilkes-Barre, PA",8.1847649,94781.0,100262.0,85514.0,85514.0,1.1083683,0.0,0.0,proposed,reported
duke-energy-progress-richmond-county-bridge-power-nc,-79.71,34.88917,Match,37,153,970900,3038,37153970900,North Carolina, Richmond County,,17.359818,68545.0,90290.0,,90290.0,0.75916493,0.0,1.0,permitted,reported
hut8-batavia-il,-88.275,41.859,Match,17,89,852803,2009,17089852803,Illinois, Kane County,"Chicago-Naperville-Elgin, IL-IN",6.4049587,127843.0,106018.0,113207.0,113207.0,1.1292853,0.0,0.0,under_construction,confirmed
microsoft-maiden-catawba-county-nc,-81.2255,35.5845,Match,37,35,11702,4020,37035011702,North Carolina, Catawba County,"Hickory-Lenoir-Morganton, NC",11.646235,88511.0,90290.0,76116.0,76116.0,1.1628436,0.0,1.0,under_construction,confirmed
t5-chicago-ii-il,-87.9755567,42.0230424,Match,17,31,770400,1025,17031770400,Illinois, Cook County,"Chicago-Naperville-Elgin, IL-IN",9.4145918,91406.0,106018.0,113207.0,113207.0,0.80742359,0.0,0.0,operational,reported
comanche-peak-nuclear-somervell-county-tx,-97.785,32.2983,Match,48,425,101,2000,48425000101,Texas, Somervell County,,12.08104,77298.0,94599.0,,94599.0,0.81711221,0.0,1.0,operational,confirmed
raeden-taurus-colorado-springs-co,-104.8214,38.8339,Match,8,41,2300,1018,8041002300,Colorado, El Paso County,"Colorado Springs, CO",36.614918,81845.0,119139.0,108260.0,108260.0,0.75600404,1.0,0.0,permitted,confirmed
natelli-vance-county-henderson-nc,-78.4709,36.3085,Match,37,181,960300,3024,37181960300,North Carolina, Vance County,,8.7650328,,90290.0,,90290.0,,0.0,1.0,proposed,rumored
digital-realty-jfk10-manhattan-ny,-74.003206,40.741369,Match,36,61,8300,2000,36061008300,New York, New York County,"New York-Newark-Jersey City, NY-NJ",22.578859,,106873.0,120744.0,120744.0,,1.0,0.0,operational,confirmed
switch-tahoe-reno-3-the-citadel-campus-nv,-119.4833058,39.5115198,Match,32,29,970200,1141,32029970200,Nevada, Storey County,"Reno, NV",7.0582547,121477.0,92663.0,104602.0,104602.0,1.1613258,0.0,1.0,operational,reported
google-moncks-corner-sc,-80.039105,33.072101,Match,45,15,20707,1044,45015020707,South Carolina, Berkeley County,"Charleston-North Charleston, SC",6.25,92340.0,86707.0,105712.0,105712.0,0.87350535,0.0,0.0,operational,confirmed
equinix-ch8-minooka-il,-88.262,41.4506,Match,17,63,102,1041,17063000102,Illinois, Grundy County,"Chicago-Naperville-Elgin, IL-IN",2.8830504,120159.0,106018.0,113207.0,113207.0,1.0614096,0.0,1.0,proposed,confirmed
centersquare-ord4-lisle-il,-88.0948856,41.8023406,Match,17,43,846102,2039,17043846102,Illinois, DuPage County,"Chicago-Naperville-Elgin, IL-IN",13.148283,88798.0,106018.0,113207.0,113207.0,0.7843861,0.0,0.0,operational,confirmed
google-omaha-ne,-96.145,41.334,Match,31,55,7314,3014,31055007314,Nebraska, Douglas County,"Omaha, NE-IA",2.0337751,129702.0,99751.0,109980.0,109980.0,1.1793236,0.0,0.0,operational,confirmed
digital-realty-mia10-fl,-80.1929625,25.7758419,Match,12,86,3704,1004,12086003704,Florida, Miami-Dade County,"Miami-Fort Lauderdale-West Palm Beach, FL",17.341482,48304.0,89891.0,89212.0,89212.0,0.54145181,1.0,0.0,operational,confirmed
aws-birchwood-data-campus-king-george-va,-77.32191549954541,38.25934134516552,Match,51,99,40302,1012,51099040302,Virginia, King George County,,14.270977,160444.0,115213.0,,115213.0,1.3925859,0.0,1.0,permitted,confirmed
digital-realty-8100-boone-boulevard-former-dupont-fabros-va3-va,-77.2258825,38.9137236,Match,51,59,460501,1006,51059460501,Virginia, Fairfax County,"Washington-Arlington-Alexandria, DC-VA-MD-WV",6.8306012,221563.0,115213.0,154653.0,154653.0,1.432646,0.0,0.0,operational,reported
microsoft-douglasville-ga,-84.7427,33.7547,Match,13,97,80305,2029,13097080305,Georgia, Douglas County,"Atlanta-Sandy Springs-Roswell, GA",10.886758,83611.0,93754.0,107388.0,107388.0,0.77858794,0.0,0.0,under_construction,confirmed
project-shirley-eagle-creek-township-lake-county-in,-87.3,41.31,Match,18,89,43404,1012,18089043404,Indiana, Lake County,"Chicago-Naperville-Elgin, IL-IN",2.9850745,112188.0,90767.0,113207.0,113207.0,0.9909988,0.0,1.0,proposed,reported
rowan-bauxite-iii-frederick-md,-77.506,39.338,Match,24,21,752303,2020,24021752303,Maryland, Frederick County,"Washington-Arlington-Alexandria, DC-VA-MD-WV",1.6821946,177000.0,127817.0,154653.0,154653.0,1.1444976,0.0,0.0,permitted,confirmed
hut8-logan-prairie-latham-il,-89.1614,39.9672,Match,17,107,953600,4141,17107953600,Illinois, Logan County,,10.614346,82434.0,106018.0,,106018.0,0.77754718,0.0,1.0,proposed,reported
google-west-memphis-ar,-90.175,35.156,Match,5,35,30102,2000,5035030102,Arkansas, Crittenden County,"Memphis, TN-MS-AR",48.018829,31250.0,76968.0,84517.0,84517.0,0.36974809,1.0,1.0,under_construction,confirmed
calethos-lithium-valley-imperial-county-ca,-115.56,32.79,Match,6,25,11600,2011,6025011600,California, Imperial County,"El Centro, CA",30.701492,52365.0,113346.0,65458.0,65458.0,0.79997861,1.0,1.0,proposed,reported
lumen-dallas-1-tx,-96.8685888,32.8069549,Match,48,113,10003,2176,48113010003,Texas, Dallas County,"Dallas-Fort Worth-Arlington, TX",20.317751,112253.0,94599.0,108711.0,108711.0,1.0325818,1.0,0.0,operational,reported
meta-gallatin-tn,-86.4369,36.3884,Match,47,165,20700,4022,47165020700,Tennessee, Sumner County,"Nashville-Davidson--Murfreesboro--Franklin, TN",14.336194,80121.0,87314.0,105115.0,105115.0,0.76222235,0.0,0.0,operational,confirmed
project-cannoli-van-buren-township-wayne-county-mi,-83.44,42.23,Match,26,163,587900,3010,26163587900,Michigan, Wayne County,"Detroit-Warren-Dearborn, MI",9.137126,119390.0,93357.0,99913.0,99913.0,1.1949396,0.0,0.0,proposed,confirmed
expedient-cleveland-neo-oh,-81.5733,41.428,Match,39,35,198200,2008,39035198200,Ohio, Cuyahoga County,"Cleveland, OH",33.38113,39583.0,92749.0,95803.0,95803.0,0.41317078,1.0,0.0,operational,confirmed
digital-realty-acc3-va,-77.4598033,39.01988,Match,51,107,611006,1020,51107611006,Virginia, Loudoun County,"Washington-Arlington-Alexandria, DC-VA-MD-WV",2.078522,211875.0,115213.0,154653.0,154653.0,1.3700025,0.0,0.0,operational,reported
metrobloks-southfield-mi,-83.293,42.474,Match,26,125,161000,2006,26125161000,Michigan, Oakland County,"Detroit-Warren-Dearborn, MI",7.7131257,76157.0,93357.0,99913.0,99913.0,0.76223314,0.0,0.0,permitted,confirmed
niagara-digital-campus-niagara-falls-ny,-79.0603,43.0885,Match,36,63,21100,1025,36063021100,New York, Niagara County,"Buffalo-Cheektowaga, NY",40.2649,27596.0,106873.0,96701.0,96701.0,0.28537449,1.0,0.0,proposed,reported
cielo-clarksville-tn,-87.36,36.53,Match,47,125,100100,1015,47125100100,Tennessee, Montgomery County,"Clarksville, TN-KY",43.225807,65580.0,87314.0,83546.0,83546.0,0.78495681,1.0,0.0,proposed,reported
drox-group-rural-hall-forsyth-county-nc,-80.267,36.267,Match,37,169,70600,3032,37169070600,North Carolina, Stokes County,"Winston-Salem, NC",13.677536,72340.0,90290.0,83438.0,83438.0,0.86699104,0.0,1.0,proposed,reported
crusoe-walden-co,-106.2848,40.7331,Match,8,57,955600,2017,8057955600,Colorado, Jackson County,,14.641289,59922.0,119139.0,,119139.0,0.50295871,1.0,1.0,operational,reported
microsoft-alviso-san-jose-ca,-121.977,37.428,Match,6,85,504602,1016,6085504602,California, Santa Clara County,"San Jose-Sunnyvale-Santa Clara, CA",7.4578471,144464.0,113346.0,184762.0,184762.0,0.78189236,0.0,0.0,under_construction,confirmed
cipher-mclennan-county-tx,-96.96261,31.474088,Match,48,309,3602,1112,48309003602,Texas, McLennan County,"Waco, TX",10.5488,97875.0,94599.0,85306.0,85306.0,1.1473402,0.0,1.0,proposed,reported
qts-ashburn-1-va,-77.4501109,38.9995277,Match,51,107,611020,3029,51107611020,Virginia, Loudoun County,"Washington-Arlington-Alexandria, DC-VA-MD-WV",0.73657423,155417.0,115213.0,154653.0,154653.0,1.00494,0.0,0.0,operational,reported
bitdeer-clarington-oh,-80.8731,39.7748,Match,39,111,966600,2015,39111966600,Ohio, Monroe County,,13.911439,72619.0,92749.0,,92749.0,0.78296262,0.0,1.0,under_construction,confirmed
nextera-rush-springs-solar-stephens-county-ok,-97.85,34.49,Match,40,137,800,1083,40137000800,Oklahoma, Stephens County,,10.335965,94297.0,82385.0,,82385.0,1.1445894,0.0,1.0,proposed,confirmed
flexential-louisville-downtown-ky,-85.733336,38.242501,Match,21,111,6300,1001,21111006300,Kentucky, Jefferson County,"Louisville/Jefferson County, KY-IN",14.327315,114659.0,81505.0,93011.0,93011.0,1.2327467,0.0,0.0,operational,reported
impactdata-greensboro-nc,-79.792,36.0726,Match,37,81,10800,3027,37081010800,North Carolina, Guilford County,"Greensboro-High Point, NC",25.662317,139550.0,90290.0,83641.0,83641.0,1.6684401,0.0,0.0,under_construction,reported
google-meitner-pampa-tx,-100.9609,35.5365,Match,48,179,950500,3033,48179950500,Texas, Gray County,,24.677938,53750.0,94599.0,,94599.0,0.56818783,1.0,1.0,under_construction,confirmed
google-michigan-city-in,-86.8950297,41.7075394,Match,18,91,40800,2024,18091040800,Indiana, LaPorte County,"Michigan City-La Porte, IN",14.26282,54583.0,90767.0,84464.0,84464.0,0.64622796,1.0,1.0,under_construction,confirmed
ntt-ashburn-va5-data-center-va,-77.472611,39.0183033,Match,51,107,611019,3000,51107611019,Virginia, Loudoun County,"Washington-Arlington-Alexandria, DC-VA-MD-WV",1.6687378,244107.0,115213.0,154653.0,154653.0,1.5784175,0.0,0.0,operational,reported
edgeconnex-cedar-creek-tx,-97.565051,30.139438,Match,48,21,950303,1002,48021950303,Texas, Bastrop County,"Austin-Round Rock-San Marcos, TX",5.503499,95235.0,94599.0,126591.0,126591.0,0.75230467,0.0,0.0,under_construction,confirmed
lpi-group-project-midway-casa-grande-az,-111.79,32.84,Match,4,21,1500,1050,4021001500,Arizona, Pinal County,"Phoenix-Mesa-Chandler, AZ",24.874687,52097.0,95980.0,103615.0,103615.0,0.50279397,1.0,0.0,proposed,reported
edgeconnex-ashville-oh,-83.03,39.72,Match,39,129,21404,1020,39129021404,Ohio, Pickaway County,"Columbus, OH",2.9784887,107941.0,92749.0,104588.0,104588.0,1.0320591,0.0,1.0,proposed,reported
qts-piscataway-1-nj,-74.4839173,40.5569431,Match,34,23,603,2008,34023000603,New Jersey, Middlesex County,"New York-Newark-Jersey City, NY-NJ",1.9766397,154318.0,127025.0,120744.0,120744.0,1.2780594,0.0,0.0,operational,reported
tierpoint-little-rock-ar,-92.4447234,34.7562396,Match,5,119,4218,1006,5119004218,Arkansas, Pulaski County,"Little Rock-North Little Rock-Conway, AR",3.543776,103980.0,76968.0,87649.0,87649.0,1.1863227,0.0,0.0,operational,reported
google-project-peanut-chester-va,-77.29960686,37.34629075,Match,51,41,100403,1019,51041100403,Virginia, Chesterfield County,"Richmond, VA",2.0841961,128984.0,115213.0,110863.0,110863.0,1.1634539,0.0,0.0,under_construction,confirmed
arizona-land-consulting-hassayampa-ranch-tonopah-az,-112.769387,33.511576,Match,4,13,50621,4021,4013050621,Arizona, Maricopa County,"Phoenix-Mesa-Chandler, AZ",12.617791,98098.0,95980.0,103615.0,103615.0,0.94675481,0.0,0.0,proposed,reported
cielo-haines-city-fl,-81.6198,28.1114,Match,12,105,12602,4063,12105012602,Florida, Polk County,"Lakeland-Winter Haven, FL",31.343037,58015.0,89891.0,76474.0,76474.0,0.75862384,1.0,0.0,proposed,reported
digital-realty-sc1-ca,-121.9439784,37.3616469,Match,6,85,505202,2062,6085505202,California, Santa Clara County,"San Jose-Sunnyvale-Santa Clara, CA",19.125883,163550.0,113346.0,184762.0,184762.0,0.88519287,0.0,0.0,operational,reported
williams-aquila-eagle-mountain-ut,-112.01198,40.30935,Match,49,49,10114,1031,49049010114,Utah, Utah County,"Provo-Orem-Lehi, UT",2.173167,106508.0,109675.0,110937.0,110937.0,0.96007645,0.0,1.0,proposed,reported
blockchain-digital-infrastructure-reeves-county-tx,-103.4933,31.4229,Match,48,389,950200,3029,48389950200,Texas, Reeves County,,28.396397,55492.0,94599.0,,94599.0,0.58660239,1.0,1.0,proposed,reported
buckley-bros-pawhuska-ok,-96.3364,36.6698,Match,40,113,940013,3039,40113940013,Oklahoma, Osage County,"Tulsa, OK",13.199577,60625.0,82385.0,88320.0,88320.0,0.68642437,1.0,1.0,proposed,reported
google-douglas-county-ga,-84.7477136,33.7514966,Match,13,97,80304,2013,13097080304,Georgia, Douglas County,"Atlanta-Sandy Springs-Roswell, GA",13.08226,87083.0,93754.0,107388.0,107388.0,0.81091928,0.0,0.0,operational,confirmed
monarch-on-site-generation-yerington-nv,-119.162989,38.9855429,Match,32,19,960901,2014,32019960901,Nevada, Lyon County,"Reno, NV",11.367314,69167.0,92663.0,104602.0,104602.0,0.66123974,1.0,1.0,proposed,reported
equinix-dc2-va,-77.4590691,39.0163894,Match,51,107,611006,1020,51107611006,Virginia, Loudoun County,"Washington-Arlington-Alexandria, DC-VA-MD-WV",2.078522,211875.0,115213.0,154653.0,154653.0,1.3700025,0.0,0.0,operational,reported
flexential-phoenix-deer-valley-az,-112.0983398,33.6846775,Match,4,13,614700,1004,4013614700,Arizona, Maricopa County,"Phoenix-Mesa-Chandler, AZ",14.033019,54271.0,95980.0,103615.0,103615.0,0.52377552,1.0,0.0,operational,reported
digital-realty-phx-tempe-az,-111.8992189,33.3446197,Match,4,13,319909,1003,4013319909,Arizona, Maricopa County,"Phoenix-Mesa-Chandler, AZ",2.2082019,151741.0,95980.0,103615.0,103615.0,1.4644694,0.0,0.0,operational,reported
dc-blox-henrico-county-va,-77.4543,37.5532,Match,51,760,40201,2016,51760040201,Virginia, Richmond city,"Richmond, VA",48.665821,,115213.0,110863.0,110863.0,,1.0,0.0,cancelled,confirmed
metrobloks-martindale-brightwood-indianapolis-in,-86.1197,39.7975,Match,18,97,352800,1006,18097352800,Indiana, Marion County,"Indianapolis-Carmel-Greenwood, IN",30.905077,72167.0,90767.0,102227.0,102227.0,0.70594853,1.0,0.0,permitted,confirmed
project-altair-newberry-county-sc,-81.5338576,34.2098669,Match,45,71,950601,1073,45071950601,South Carolina, Newberry County,,13.949124,71379.0,86707.0,,86707.0,0.82322073,0.0,1.0,cancelled,reported
cleanspark-norcross-ga,-84.2135,33.9412,Match,13,135,50311,2020,13135050311,Georgia, Gwinnett County,"Atlanta-Sandy Springs-Roswell, GA",3.7979968,179321.0,93754.0,107388.0,107388.0,1.6698421,0.0,0.0,operational,confirmed
qts-white-oak-technology-park-ii-henrico-va,-77.27,37.49,Match,51,87,201404,3010,51087201404,Virginia, Henrico County,"Richmond, VA",8.9690943,96296.0,115213.0,110863.0,110863.0,0.86860359,0.0,0.0,permitted,confirmed
samx-data-centers-remington-fauquier-va,-77.8,38.53,Match,51,61,930706,2051,51061930706,Virginia, Fauquier County,"Washington-Arlington-Alexandria, DC-VA-MD-WV",10.96208,86597.0,115213.0,154653.0,154653.0,0.55994385,1.0,1.0,proposed,reported
google-project-mica-kc-northland-mo,-94.651,39.274,Match,29,165,30201,2007,29165030201,Missouri, Platte County,"Kansas City, MO-KS",2.5688694,147955.0,91360.0,106867.0,106867.0,1.3844779,0.0,0.0,under_construction,confirmed
quantica-bsdi-billings-mt,-108.7,45.823,Match,30,111,1402,2148,30111001402,Montana, Yellowstone County,"Billings, MT",5.0561056,124274.0,92794.0,100273.0,100273.0,1.2393565,0.0,0.0,proposed,reported
aligned-ord-02-northlake-il,-87.8956,41.9169,Match,17,31,811800,1004,17031811800,Illinois, Cook County,"Chicago-Naperville-Elgin, IL-IN",6.7065196,105575.0,106018.0,113207.0,113207.0,0.93258369,0.0,0.0,operational,reported
aligned-chillicothe-ross-oh,-82.9824,39.3331,Match,39,141,956300,3004,39141956300,Ohio, Ross County,,20.402594,38074.0,92749.0,,92749.0,0.41050577,1.0,1.0,proposed,reported
amazon-blackwell-road-warrenton-va,-77.78753470617198,38.72948224074257,Match,51,61,930303,1022,51061930303,Virginia, Fauquier County,"Washington-Arlington-Alexandria, DC-VA-MD-WV",10.728629,182206.0,115213.0,154653.0,154653.0,1.1781602,0.0,1.0,permitted,confirmed
switch-las-vegas-11-nv,-115.2141369,36.0558853,Match,32,3,2981,1000,32003002981,Nevada, Clark County,"Las Vegas-Henderson-North Las Vegas, NV",5.4070983,107440.0,92663.0,89785.0,89785.0,1.1966364,0.0,0.0,operational,reported
a1-data-center-millville-nj,-75.043,39.402,Match,34,11,30300,1015,34011030300,New Jersey, Cumberland County,"Vineland, NJ",11.824818,47133.0,127025.0,80948.0,80948.0,0.58226269,1.0,0.0,cancelled,reported
dcblox-nashville-grassmere-tn,-86.74893,36.0865,Match,47,37,18901,2000,47037018901,Tennessee, Davidson County,"Nashville-Davidson--Murfreesboro--Franklin, TN",16.366907,127000.0,87314.0,105115.0,105115.0,1.2082006,0.0,0.0,proposed,confirmed
powerconnex-i-new-albany-oh,-82.756,40.064,Match,39,89,755601,2036,39089755601,Ohio, Licking County,"Columbus, OH",2.3718438,170039.0,92749.0,104588.0,104588.0,1.6257983,0.0,0.0,under_construction,reported
salix-data-center-site-ia,-96.2872,42.3208,Match,19,193,3500,2073,19193003500,Iowa, Woodbury County,"Sioux City, IA-NE-SD",9.7695131,100990.0,97491.0,91178.0,91178.0,1.1076137,0.0,0.0,proposed,confirmed
green-data-spaceport-america-sierra-county-nm,-106.9698,32.9903,Match,35,51,962401,1305,35051962401,New Mexico, Sierra County,,11.73045,79034.0,79556.0,,79556.0,0.9934386,0.0,1.0,proposed,reported
google-council-bluffs-ia,-95.792975,41.167368,Match,19,155,31900,1013,19155031900,Iowa, Pottawattamie County,"Omaha, NE-IA",2.8273809,108875.0,97491.0,109980.0,109980.0,0.98995274,0.0,0.0,operational,confirmed
lumen-albany-4-ny,-73.818665,42.7356308,Match,36,1,13703,1034,36001013703,New York, Albany County,"Albany-Schenectady-Troy, NY",10.202899,135833.0,106873.0,117583.0,117583.0,1.1552095,0.0,0.0,operational,reported
microsoft-laporte-in,-86.735,41.595,Match,18,91,42402,2001,18091042402,Indiana, LaPorte County,"Michigan City-La Porte, IN",28.458574,70119.0,90767.0,84464.0,84464.0,0.83016431,1.0,1.0,under_construction,confirmed
valorc3-st-george-ut,-113.58321,37.10988,Match,49,53,270301,2045,49053270301,Utah, Washington County,"St. George, UT",18.017622,106434.0,109675.0,98356.0,98356.0,1.0821302,0.0,0.0,operational,reported
primeblock-murphy-cherokee-county-nc,-84.0235,35.0756,Match,37,39,930502,1009,37039930502,North Carolina, Cherokee County,,10.561914,82823.0,90290.0,,90290.0,0.91729981,0.0,1.0,operational,confirmed
freestone-energy-center-fairfield-tx,-96.1648789,31.7244035,Match,48,161,300,1034,48161000300,Texas, Freestone County,,26.916376,44185.0,94599.0,,94599.0,0.46707681,1.0,1.0,operational,reported
avaio-appomattox-va,-78.8,37.43,Match,51,11,40200,2041,51011040200,Virginia, Appomattox County,"Lynchburg, VA",13.251311,86503.0,115213.0,85472.0,85472.0,1.0120624,0.0,1.0,permitted,reported
salcido-fortress-quincy-wa,-119.8528,47.234,Match,53,25,10600,4039,53025010600,Washington, Grant County,,8.8303165,90379.0,118075.0,,118075.0,0.76543725,0.0,1.0,operational,reported
cyrusone-nym1-somerset-nj,-74.5457225,40.5379623,Match,34,35,53501,2044,34035053501,New Jersey, Somerset County,"New York-Newark-Jersey City, NY-NJ",6.5716157,210814.0,127025.0,120744.0,120744.0,1.7459584,0.0,0.0,operational,reported
scalematrix-san-diego-ca,-117.132639,32.8377287,Match,6,73,8511,1005,6073008511,California, San Diego County,"San Diego-Chula Vista-Carlsbad, CA",6.910275,141056.0,113346.0,122377.0,122377.0,1.1526349,0.0,0.0,operational,reported
flexential-salt-lake-city-lindon-ut,-111.7278754,40.332648,Match,49,49,601,2018,49049000601,Utah, Utah County,"Provo-Orem-Lehi, UT",8.3811207,121635.0,109675.0,110937.0,110937.0,1.0964332,0.0,0.0,operational,reported
foundry-minden-ne,-98.9484,40.5033,Match,31,99,966700,1036,31099966700,Nebraska, Kearney County,,4.615871,85227.0,99751.0,,99751.0,0.85439748,0.0,1.0,proposed,reported
cologix-cedar-falls-ia,-92.4453,42.5347,Match,19,13,2200,3005,19013002200,Iowa, Black Hawk County,"Waterloo-Cedar Falls, IA",12.563215,100903.0,97491.0,90741.0,90741.0,1.111989,0.0,0.0,operational,confirmed
nexus-hubbard-campus-hill-county-tx,-96.776243,31.824001,Match,48,217,961400,2054,48217961400,Texas, Hill County,,18.45977,77500.0,94599.0,,94599.0,0.81924754,0.0,1.0,under_construction,reported
digital-realty-iad41-building-p-va,-77.4582358,39.0088059,Match,51,107,611020,3007,51107611020,Virginia, Loudoun County,"Washington-Arlington-Alexandria, DC-VA-MD-WV",0.73657423,155417.0,115213.0,154653.0,154653.0,1.00494,0.0,0.0,operational,reported
dc-blox-warren-township-marion-county-in,-86.05,39.78,Match,18,97,360700,1002,18097360700,Indiana, Marion County,"Indianapolis-Carmel-Greenwood, IN",7.8463202,108233.0,90767.0,102227.0,102227.0,1.0587516,0.0,0.0,permitted,confirmed
lumen-sunnyvale-1-ca,-121.9878002,37.3734695,Match,6,85,508708,1070,6085508708,California, Santa Clara County,"San Jose-Sunnyvale-Santa Clara, CA",7.3480992,250000.0,113346.0,184762.0,184762.0,1.3530921,0.0,0.0,operational,reported
gemini-data-center-sioux-falls-sd,-96.685,43.583,Match,46,99,10404,3037,46099010404,South Dakota, Minnehaha County,"Sioux Falls, SD-MN",1.2340425,119803.0,96562.0,106578.0,106578.0,1.1240876,0.0,0.0,permitted,confirmed
duke-energy-belews-creek-smr-stokes-county-nc,-80.06028,36.28139,Match,37,169,70702,2035,37169070702,North Carolina, Stokes County,"Winston-Salem, NC",14.630682,77794.0,90290.0,83438.0,83438.0,0.93235695,0.0,1.0,proposed,reported
stack-nal01-new-albany-oh,-82.8,40.07,Match,39,49,7211,1025,39049007211,Ohio, Franklin County,"Columbus, OH",3.7548449,250000.0,92749.0,104588.0,104588.0,2.3903315,0.0,0.0,operational,reported
edgecore-culpeper-tech-zone-va,-77.96,38.4735,Match,51,47,930300,4055,51047930300,Virginia, Culpeper County,"Washington-Arlington-Alexandria, DC-VA-MD-WV",19.350199,87299.0,115213.0,154653.0,154653.0,0.56448305,1.0,1.0,proposed,confirmed
logistix-hamilton-innovation-center-butler-county-oh,-84.5613,39.3995,Match,39,17,14600,2039,39017014600,Ohio, Butler County,"Cincinnati, OH-KY-IN",40.404041,44478.0,92749.0,104379.0,104379.0,0.42612019,1.0,0.0,proposed,reported
google-montgomery-county-tn,-87.3636,36.5288,Match,47,125,100100,1018,47125100100,Tennessee, Montgomery County,"Clarksville, TN-KY",43.225807,65580.0,87314.0,83546.0,83546.0,0.78495681,1.0,0.0,operational,confirmed
netsonic-green-bay-wi,-87.995,44.5155,Match,55,9,900,5011,55009000900,Wisconsin, Brown County,"Green Bay, WI",23.592043,59208.0,100141.0,101584.0,101584.0,0.58284771,1.0,0.0,operational,reported
viridian-apecs-janesville-wi,-89.02056,42.66331,Match,55,105,1000,2008,55105001000,Wisconsin, Rock County,"Janesville-Beloit, WI",20.09901,56450.0,100141.0,90467.0,90467.0,0.62398446,1.0,0.0,proposed,confirmed
advanced-internet-technologies-fayetteville-nc,-78.97722,35.085,Match,37,51,3304,3000,37051003304,North Carolina, Cumberland County,"Fayetteville, NC",16.048307,69760.0,90290.0,73956.0,73956.0,0.94326359,0.0,0.0,operational,reported
cleanspark-new-tazewell-tn,-83.5996,36.4426,Match,47,25,970900,1026,47025970900,Tennessee, Claiborne County,,24.537579,80212.0,87314.0,,87314.0,0.91866136,1.0,1.0,operational,reported
iron-mountain-azp-1-az,-111.9762182,33.4547261,Match,4,13,111203,1000,4013111203,Arizona, Maricopa County,"Phoenix-Mesa-Chandler, AZ",20.513998,79519.0,95980.0,103615.0,103615.0,0.76744682,1.0,0.0,operational,reported
centersquare-lax3-irvine-ca,-117.8479769,33.6870931,Match,6,59,75516,6050,6059075516,California, Orange County,"Los Angeles-Long Beach-Anaheim, CA",24.078167,129453.0,113346.0,108949.0,108949.0,1.1881981,1.0,0.0,operational,reported
switch-edge-1-nv,-115.213688,36.0591345,Match,32,3,2979,1028,32003002979,Nevada, Clark County,"Las Vegas-Henderson-North Las Vegas, NV",4.1470127,104167.0,92663.0,89785.0,89785.0,1.1601827,0.0,0.0,operational,reported
switch-tahoe-reno-2-the-citadel-campus-nv,-119.4848531,39.5138706,Match,32,29,970200,1141,32029970200,Nevada, Storey County,"Reno, NV",7.0582547,121477.0,92663.0,104602.0,104602.0,1.1613258,0.0,1.0,operational,reported
terawulf-morgantown-charles-county-md,-77.129,38.362,Match,51,99,40100,1014,51099040100,Virginia, King George County,,6.7116418,131759.0,115213.0,,115213.0,1.1436123,0.0,1.0,proposed,confirmed
lumen-austin-1-tx,-97.7124025,30.1965,Match,48,453,2448,3002,48453002448,Texas, Travis County,"Austin-Round Rock-San Marcos, TX",6.4102564,113161.0,94599.0,126591.0,126591.0,0.89391029,0.0,0.0,operational,reported
qumulusai-denton-tx,-97.1331,33.2148,Match,48,121,21100,1009,48121021100,Texas, Denton County,"Dallas-Fort Worth-Arlington, TX",29.560284,87829.0,94599.0,108711.0,108711.0,0.80791271,1.0,0.0,proposed,reported
edgeconnex-chi02-il,-87.9525624,42.0014952,Match,17,31,770500,2045,17031770500,Illinois, Cook County,"Chicago-Naperville-Elgin, IL-IN",13.979497,76026.0,106018.0,113207.0,113207.0,0.67156625,1.0,0.0,operational,reported
apple-waukee-ia,-93.9258365,41.6193799,Match,19,49,50902,2016,19049050902,Iowa, Dallas County,"Des Moines-West Des Moines, IA",1.6703243,147458.0,97491.0,110255.0,110255.0,1.3374269,0.0,1.0,operational,confirmed
serverfarm-lax1-el-segundo-ca,-118.3864589,33.9217807,Match,6,37,980013,1023,6037980013,California, Los Angeles County,"Los Angeles-Long Beach-Anaheim, CA",,,113346.0,108949.0,108949.0,,0.0,0.0,operational,reported
crusoe-blue-energy-victoria-tx,-97.0036,28.8053,Match,48,469,100,1001,48469000100,Texas, Victoria County,"Victoria, TX",24.449339,70435.0,94599.0,84761.0,84761.0,0.83098358,1.0,0.0,proposed,reported
google-winding-woods-st-george-sc,-80.5793,33.1843,Match,45,35,10200,4034,45035010200,South Carolina, Dorchester County,"Charleston-North Charleston, SC",33.458023,48587.0,86707.0,105712.0,105712.0,0.45961669,1.0,1.0,under_construction,confirmed
aws-summit-crossing-tech-campus-spotsylvania-va,-77.44053482811216,38.18847901989237,Match,51,177,20206,1012,51177020206,Virginia, Spotsylvania County,"Washington-Arlington-Alexandria, DC-VA-MD-WV",6.4631157,116182.0,115213.0,154653.0,154653.0,0.75124311,0.0,1.0,under_construction,confirmed
energy-storage-solutions-kingsboro-edgecombe-county-nc,-77.734,35.941,Match,37,65,20300,4000,37065020300,North Carolina, Edgecombe County,"Rocky Mount, NC",29.437843,42772.0,90290.0,74340.0,74340.0,0.57535648,1.0,0.0,permitted,reported
microsoft-ginger-west-ia,-93.782,41.551,Match,19,153,11026,5004,19153011026,Iowa, Polk County,"Des Moines-West Des Moines, IA",5.2425532,167266.0,97491.0,110255.0,110255.0,1.5170832,0.0,0.0,under_construction,reported
sequitor-edge-kearney-ne,-99.0817,40.6994,Match,31,19,969500,1046,31019969500,Nebraska, Buffalo County,,14.771118,87237.0,99751.0,,99751.0,0.8745476,0.0,1.0,permitted,confirmed
cerebras-oklahoma-city-ok,-97.5164,35.4676,Match,40,109,980007,1008,40109980007,Oklahoma, Oklahoma County,"Oklahoma City, OK",28.117359,165278.0,82385.0,90681.0,90681.0,1.822631,0.0,0.0,operational,confirmed
potentia-oklahoma-campus-02-inola-ok,-95.5097,36.1487,Match,40,131,50502,1056,40131050502,Oklahoma, Rogers County,"Tulsa, OK",8.757576,80938.0,82385.0,88320.0,88320.0,0.9164176,0.0,1.0,proposed,reported
elk-river-capital-swervo-mn,-93.5864375,45.3187147,Match,27,141,30503,1001,27141030503,Minnesota, Sherburne County,"Minneapolis-St. Paul-Bloomington, MN-WI",2.3559759,125455.0,113993.0,126705.0,126705.0,0.99013454,0.0,0.0,cancelled,confirmed
cleanspark-limestone-tn,-82.625,36.2235,Match,47,179,61903,2011,47179061903,Tennessee, Washington County,"Johnson City, TN",12.480294,66125.0,87314.0,76052.0,76052.0,0.86947089,0.0,0.0,cancelled,confirmed
heartland-industrial-park-sullivan-county-in,-87.5108,39.0694,Match,18,153,50200,3047,18153050200,Indiana, Sullivan County,"Terre Haute, IN",11.007912,83750.0,90767.0,75147.0,75147.0,1.1144823,0.0,1.0,under_construction,confirmed
ln-energy-blackshear-pierce-ga,-82.24207,31.30518,Match,13,229,960401,3000,13229960401,Georgia, Pierce County,,13.591048,81212.0,93754.0,,93754.0,0.86622435,0.0,1.0,cancelled,reported
flexential-salt-lake-city-fair-park-ut,-111.9202947,40.7667963,Match,49,35,102600,1018,49035102600,Utah, Salt Lake County,"Salt Lake City-Murray, UT",15.628939,82133.0,109675.0,116518.0,116518.0,0.70489538,0.0,0.0,operational,reported
digital-realty-silicon-valley-sjc31-ca,-121.9482625,37.3722213,Match,6,85,505202,2057,6085505202,California, Santa Clara County,"San Jose-Sunnyvale-Santa Clara, CA",19.125883,163550.0,113346.0,184762.0,184762.0,0.88519287,0.0,0.0,operational,reported
qts-mia1-sweetwater-fl,-80.3795596,25.7915329,Match,12,86,9010,1090,12086009010,Florida, Miami-Dade County,"Miami-Fort Lauderdale-West Palm Beach, FL",4.8770547,120705.0,89891.0,89212.0,89212.0,1.353013,0.0,0.0,operational,confirmed
5c-group-vultr-prime-ohio-springfield-oh,-83.7936,39.8664,Match,39,23,2200,2013,39023002200,Ohio, Clark County,"Springfield, OH",3.2414911,117450.0,92749.0,79932.0,79932.0,1.4693739,0.0,0.0,under_construction,confirmed
microsoft-east-wenatchee-wa,-120.207723,47.407837,Match,53,17,950300,3002,53017950300,Washington, Douglas County,"Wenatchee-East Wenatchee, WA",7.6990705,87371.0,118075.0,94263.0,94263.0,0.92688543,0.0,1.0,operational,reported
qts-york-county-sc,-81.1001847,35.0046528,Match,45,91,60904,2000,45091060904,South Carolina, York County,"Charlotte-Concord-Gastonia, NC-SC",8.7312603,124703.0,86707.0,102246.0,102246.0,1.2196369,0.0,0.0,under_construction,confirmed
centersquare-ord2-elk-grove-village-il,-87.9582323,41.9923175,Match,17,43,840000,2011,17043840000,Illinois, DuPage County,"Chicago-Naperville-Elgin, IL-IN",6.7446876,98942.0,106018.0,113207.0,113207.0,0.87399191,0.0,0.0,operational,confirmed
fluidstack-abernathy-tx,-101.84,33.84,Match,48,189,950900,3299,48189950900,Texas, Hale County,,4.4176707,88109.0,94599.0,,94599.0,0.93139464,0.0,1.0,under_construction,confirmed
holtec-brigham-city-smr-ut,-112.0155,41.51104,Match,49,3,960601,4006,49003960601,Utah, Box Elder County,,12.605932,76000.0,109675.0,,109675.0,0.69295645,1.0,1.0,proposed,confirmed
stream-chicago-i-orda-elk-grove-village-il,-87.9703,42.0039,Match,17,31,770300,3018,17031770300,Illinois, Cook County,"Chicago-Naperville-Elgin, IL-IN",8.7209301,97601.0,106018.0,113207.0,113207.0,0.86214632,0.0,0.0,operational,reported
thornburg-industrial-park-data-center-spotsylvania-va,-77.5208,38.135,Match,51,177,20311,1013,51177020311,Virginia, Spotsylvania County,"Washington-Arlington-Alexandria, DC-VA-MD-WV",15.563234,116550.0,115213.0,154653.0,154653.0,0.75362265,0.0,1.0,proposed,reported
flexential-dallas-plano-tx,-96.6663507,33.007033,Match,48,85,31901,1013,48085031901,Texas, Collin County,"Dallas-Fort Worth-Arlington, TX",17.184574,66250.0,94599.0,108711.0,108711.0,0.60941392,1.0,0.0,operational,reported
core-scientific-austin-tx,-97.622,30.214,Match,48,453,2216,1052,48453002216,Texas, Travis County,"Austin-Round Rock-San Marcos, TX",7.7580538,104026.0,94599.0,126591.0,126591.0,0.82174879,0.0,0.0,operational,confirmed
google-papillion-ne,-96.143728,41.13257,Match,31,153,10629,2034,31153010629,Nebraska, Sarpy County,"Omaha, NE-IA",2.2850678,167222.0,99751.0,109980.0,109980.0,1.5204765,0.0,0.0,operational,reported
digital-realty-iad42-building-r-va,-77.4494637,39.0056891,Match,51,107,611020,3005,51107611020,Virginia, Loudoun County,"Washington-Arlington-Alexandria, DC-VA-MD-WV",0.73657423,155417.0,115213.0,154653.0,154653.0,1.00494,0.0,0.0,operational,reported
edgecore-mesa-az,-111.6497,33.375,Match,4,13,422640,1004,4013422640,Arizona, Maricopa County,"Phoenix-Mesa-Chandler, AZ",6.5623732,102794.0,95980.0,103615.0,103615.0,0.99207646,0.0,0.0,operational,confirmed
flexential-cincinnati-cin01-02-oh,-84.4494638,39.3159313,Match,39,17,11123,1026,39017011123,Ohio, Butler County,"Cincinnati, OH-KY-IN",24.196787,46125.0,92749.0,104379.0,104379.0,0.44189924,1.0,0.0,operational,reported
tesla-cortex-2-giga-texas-austin-tx,-97.6171,30.2223,Match,48,453,2216,1052,48453002216,Texas, Travis County,"Austin-Round Rock-San Marcos, TX",7.7580538,104026.0,94599.0,126591.0,126591.0,0.82174879,0.0,0.0,under_construction,reported
constellation-calvert-cliffs-new-nuclear-md,-76.4419,38.4322,Match,24,9,861100,1003,24009861100,Maryland, Calvert County,"Lexington Park, MD",2.3570135,150096.0,127817.0,147758.0,147758.0,1.0158231,0.0,1.0,proposed,reported
oppd-standing-bear-lake-station-douglas-ne,-96.118,41.3129,Match,31,55,7315,3008,31055007315,Nebraska, Douglas County,"Omaha, NE-IA",1.0285512,125968.0,99751.0,109980.0,109980.0,1.1453719,0.0,0.0,operational,reported
ark-data-centers-akron-i-summit-county-oh,-81.521388,41.057162,Match,39,153,506800,1056,39153506800,Ohio, Summit County,"Akron, OH",35.330261,37276.0,92749.0,95658.0,95658.0,0.38967991,1.0,0.0,operational,confirmed
microsoft-tyrone-ga,-84.588,33.494,Match,13,113,140203,3010,13113140203,Georgia, Fayette County,"Atlanta-Sandy Springs-Roswell, GA",2.3111112,136047.0,93754.0,107388.0,107388.0,1.2668734,0.0,0.0,permitted,confirmed
lumen-ogden-ut,-111.97384,41.223,Match,49,57,201100,1003,49057201100,Utah, Weber County,"Ogden, UT",20.93224,85375.0,109675.0,114227.0,114227.0,0.74741524,1.0,0.0,operational,reported
meta-sarpy-springfield-ne,-96.148,41.052,Match,31,153,10701,2000,31153010701,Nebraska, Sarpy County,"Omaha, NE-IA",1.858736,151875.0,99751.0,109980.0,109980.0,1.3809329,0.0,0.0,under_construction,confirmed
meta-beaver-dam-wi,-88.837,43.457,Match,55,27,961000,3013,55027961000,Wisconsin, Dodge County,,12.539034,86906.0,100141.0,,100141.0,0.86783636,0.0,1.0,under_construction,confirmed
digital-realty-iad44-va,-77.4913983,38.9608537,Match,51,107,980100,1010,51107980100,Virginia, Loudoun County,"Washington-Arlington-Alexandria, DC-VA-MD-WV",,,115213.0,154653.0,154653.0,,0.0,0.0,operational,reported
serverfarm-covington-hazelbrand-ga,-83.8602,33.5968,Match,13,217,100701,1000,13217100701,Georgia, Newton County,"Atlanta-Sandy Springs-Roswell, GA",20.113493,34302.0,93754.0,107388.0,107388.0,0.31942117,1.0,0.0,under_construction,confirmed
thornburg-business-park-data-center-spotsylvania-va,-77.52959,38.127876,Match,51,177,20311,1015,51177020311,Virginia, Spotsylvania County,"Washington-Arlington-Alexandria, DC-VA-MD-WV",15.563234,116550.0,115213.0,154653.0,154653.0,0.75362265,0.0,1.0,proposed,reported
powerhouse-provident-grand-prairie-tx,-97.02,32.62,Match,48,113,16416,1023,48113016416,Texas, Dallas County,"Dallas-Fort Worth-Arlington, TX",9.0607071,105221.0,94599.0,108711.0,108711.0,0.96789652,0.0,0.0,under_construction,confirmed
flexential-philadelphia-collegeville-phl01-pa,-75.4776181,40.1522366,Match,42,91,206104,3029,42091206104,Pennsylvania, Montgomery County,"Philadelphia-Camden-Wilmington, PA-NJ-DE-MD",2.4975753,207400.0,100262.0,116434.0,116434.0,1.7812667,0.0,0.0,operational,reported
novva-tahoe-reno-storey-county-nv,-119.44,39.53,Match,32,29,970200,1042,32029970200,Nevada, Storey County,"Reno, NV",7.0582547,121477.0,92663.0,104602.0,104602.0,1.1613258,0.0,1.0,operational,confirmed
flexential-tampa-west-fl,-82.5399781,28.0372991,Match,12,57,11611,1000,12057011611,Florida, Hillsborough County,"Tampa-St. Petersburg-Clearwater, FL",11.127745,77898.0,89891.0,93653.0,93653.0,0.83177263,0.0,0.0,operational,reported
stonebridge-powder-mills-lawrence-county-pa,-80.4272333,40.9915328,Match,42,73,11200,3004,42073011200,Pennsylvania, Lawrence County,"Pittsburgh, PA",9.1438818,77813.0,100262.0,102107.0,102107.0,0.7620731,0.0,1.0,proposed,reported
digital-realty-pdx12-or,-122.91865,45.56952,Match,41,67,32700,3010,41067032700,Oregon, Washington County,"Portland-Vancouver-Hillsboro, OR-WA",4.8726654,157586.0,102281.0,119276.0,119276.0,1.3211879,0.0,0.0,operational,reported
meta-prineville-or,-120.8515,44.3042,Match,41,13,950302,2006,41013950302,Oregon, Crook County,"Bend, OR",20.152092,57542.0,102281.0,105335.0,105335.0,0.54627615,1.0,1.0,operational,confirmed
pathone-hull-ia,-96.1333,43.1888,Match,19,167,70200,1038,19167070200,Iowa, Sioux County,,5.5908251,101442.0,97491.0,,97491.0,1.0405269,0.0,1.0,proposed,reported
flexential-parker-co,-104.8119323,39.5620551,Match,8,35,14014,3018,8035014014,Colorado, Douglas County,"Denver-Aurora-Centennial, CO",3.0544949,149408.0,119139.0,132002.0,132002.0,1.1318617,0.0,0.0,under_construction,reported
google-wilbarger-vernon-tx,-99.294,34.1551,Match,48,487,950500,3041,48487950500,Texas, Wilbarger County,,14.657482,71389.0,94599.0,,94599.0,0.75464857,0.0,1.0,under_construction,confirmed
flexential-jacksonville-fl,-81.5817226,30.2457482,Match,12,31,15926,1002,12031015926,Florida, Duval County,"Jacksonville, FL",7.816092,97522.0,89891.0,98813.0,98813.0,0.9869349,0.0,0.0,operational,reported
oppidan-apple-valley-technology-park-mn,-93.1731744,44.7546223,Match,27,37,60840,2000,27037060840,Minnesota, Dakota County,"Minneapolis-St. Paul-Bloomington, MN-WI",1.3186814,171275.0,113993.0,126705.0,126705.0,1.3517619,0.0,0.0,cancelled,confirmed
expedient-cmh3-lewis-center-oh,-82.9614584,40.1533067,Match,39,41,11540,1023,39041011540,Ohio, Delaware County,"Columbus, OH",4.6293449,184983.0,92749.0,104588.0,104588.0,1.7686828,0.0,0.0,operational,reported
riverview-innovation-tech-campus-tonawanda-ny,-78.887,43.037,Match,36,63,23001,1035,36063023001,New York, Niagara County,"Buffalo-Cheektowaga, NY",24.352077,55606.0,106873.0,96701.0,96701.0,0.57503027,1.0,0.0,proposed,reported
cyrusone-chi1-chi3-aurora-il,-88.2438232,41.7966077,Match,17,43,846409,2008,17043846409,Illinois, DuPage County,"Chicago-Naperville-Elgin, IL-IN",2.5236592,216406.0,106018.0,113207.0,113207.0,1.9115956,0.0,0.0,operational,reported
jumping-bison-greensburg-decatur-county-in,-85.4836,39.3372,Match,18,31,969400,2011,18031969400,Indiana, Decatur County,,5.739645,88029.0,90767.0,,90767.0,0.96983486,0.0,1.0,proposed,reported
beltline-oklahoma-city-frisco-road-ok,-97.795,35.49,Match,40,17,301302,4028,40017301302,Oklahoma, Canadian County,"Oklahoma City, OK",12.6156,105272.0,82385.0,90681.0,90681.0,1.1609048,0.0,0.0,proposed,reported
northmark-valara-spartanburg-sc,-81.851905,34.923066,Match,45,83,23901,1018,45083023901,South Carolina, Spartanburg County,"Spartanburg, SC",11.529934,74509.0,86707.0,78303.0,78303.0,0.95154721,0.0,1.0,under_construction,reported
american-bitcoin-niagara-falls-ny,-79.03094758819105,43.082124888357896,Match,36,63,21700,5018,36063021700,New York, Niagara County,"Buffalo-Cheektowaga, NY",18.919744,39702.0,106873.0,96701.0,96701.0,0.41056451,1.0,0.0,operational,reported
fervo-corsac-station-churchill-county-nv,-118.55,39.75,Match,32,1,950100,1116,32001950100,Nevada, Churchill County,,7.9787235,95652.0,92663.0,,92663.0,1.0322567,0.0,1.0,proposed,reported
cleanspark-wiggins-ms,-89.1284,30.8508,Match,28,131,20100,3000,28131020100,Mississippi, Stone County,"Gulfport-Biloxi, MS",20.387762,64844.0,73163.0,79516.0,79516.0,0.81548369,1.0,1.0,operational,confirmed
hunters-ridge-south-data-center-campus-spotsylvania-va,-77.482,38.213,Match,51,177,20206,3012,51177020206,Virginia, Spotsylvania County,"Washington-Arlington-Alexandria, DC-VA-MD-WV",6.4631157,116182.0,115213.0,154653.0,154653.0,0.75124311,0.0,1.0,permitted,reported
flexential-allentown-data-center-abe01-pa,-75.4575733,40.6356953,Match,42,77,5902,1027,42077005902,Pennsylvania, Lehigh County,"Allentown-Bethlehem-Easton, PA-NJ",11.356297,64258.0,100262.0,103840.0,103840.0,0.61881739,1.0,0.0,operational,reported
prometheus-hyperscale-kaufman-county-tx,-96.36,32.65,Match,48,257,50701,2002,48257050701,Texas, Kaufman County,"Dallas-Fort Worth-Arlington, TX",8.6857376,121731.0,94599.0,108711.0,108711.0,1.1197671,0.0,1.0,proposed,reported
meta-los-lunas-ai-nm,-106.7296,34.8083,Match,35,61,970401,3013,35061970401,New Mexico, Valencia County,"Albuquerque, NM",19.473396,53915.0,79556.0,88526.0,88526.0,0.60903013,1.0,1.0,under_construction,confirmed
compass-lauderdale-meridian-ms,-88.7037,32.3644,Match,28,75,10700,2046,28075010700,Mississippi, Lauderdale County,,49.590164,22131.0,73163.0,,73163.0,0.30248895,1.0,1.0,under_construction,confirmed
atlas-project-springbank-adairsville-ga,-84.9341,34.369,Match,13,15,960202,1048,13015960202,Georgia, Bartow County,"Atlanta-Sandy Springs-Roswell, GA",9.7638245,96412.0,93754.0,107388.0,107388.0,0.89779121,0.0,1.0,proposed,reported
philcade-data-center-tulsa-ok,-95.9903,36.1516,Match,40,143,2500,1074,40143002500,Oklahoma, Tulsa County,"Tulsa, OK",23.428375,72317.0,82385.0,88320.0,88320.0,0.81880659,1.0,0.0,operational,reported
lightedge-solutions-altoona-ia,-93.4627,41.6433,Match,19,153,10709,3012,19153010709,Iowa, Polk County,"Des Moines-West Des Moines, IA",7.1009917,100484.0,97491.0,110255.0,110255.0,0.91137815,0.0,0.0,operational,confirmed
lumen-madison-1-wi,-89.3922794,43.0677161,Match,55,25,1605,1004,55025001605,Wisconsin, Dane County,"Madison, WI",23.141264,,100141.0,120280.0,120280.0,,1.0,0.0,operational,reported
northern-data-pryor-ok,-95.31806,36.29167,Match,40,97,40200,3018,40097040200,Oklahoma, Mayes County,,13.138815,60463.0,82385.0,,82385.0,0.73390788,0.0,1.0,cancelled,confirmed
vantage-san-antonio-tx11-tx,-98.7892449,29.4161404,Match,48,29,172002,4054,48029172002,Texas, Bexar County,"San Antonio-New Braunfels, TX",3.7139568,117963.0,94599.0,92961.0,92961.0,1.2689515,0.0,0.0,operational,reported
edgeconnex-sdg01-ca,-117.1694226,32.8423554,Match,6,73,8511,2006,6073008511,California, San Diego County,"San Diego-Chula Vista-Carlsbad, CA",6.910275,141056.0,113346.0,122377.0,122377.0,1.1526349,0.0,0.0,operational,reported
interstate-holdings-blockchain-vilonia-ar,-92.2071,35.1073,Match,5,45,30202,2047,5045030202,Arkansas, Faulkner County,"Little Rock-North Little Rock-Conway, AR",10.681057,73818.0,76968.0,87649.0,87649.0,0.84220016,0.0,1.0,cancelled,confirmed
oppd-pierce-county-energy-center-ne,-97.55,42.2,Match,31,139,979100,2157,31139979100,Nebraska, Pierce County,,5.125628,99118.0,99751.0,,99751.0,0.99365419,0.0,1.0,under_construction,confirmed
scannell-monticello-tech-park-mn,-93.8499172,45.2914854,Match,27,171,100203,4010,27171100203,Minnesota, Wright County,"Minneapolis-St. Paul-Bloomington, MN-WI",6.148591,84318.0,113993.0,126705.0,126705.0,0.66546702,1.0,1.0,proposed,reported
coresite-sv1-san-jose-ca-ca,-121.891646,37.3341181,Match,6,85,500800,3009,6085500800,California, Santa Clara County,"San Jose-Sunnyvale-Santa Clara, CA",10.922631,163929.0,113346.0,184762.0,184762.0,0.88724411,0.0,0.0,operational,reported
vantage-westlake-south-fulton-ga,-84.5646,33.6273,Match,13,121,10308,2014,13121010308,Georgia, Fulton County,"Atlanta-Sandy Springs-Roswell, GA",2.2213712,145026.0,93754.0,107388.0,107388.0,1.350486,0.0,0.0,proposed,reported
sos-limited-park-falls-wi,-90.438,45.9305,Match,55,99,970200,1051,55099970200,Wisconsin, Price County,,20.824909,75121.0,100141.0,,100141.0,0.75015229,1.0,1.0,operational,reported
csquare-sfo3-ca,-121.9860407,37.3720542,Match,6,85,505202,2025,6085505202,California, Santa Clara County,"San Jose-Sunnyvale-Santa Clara, CA",19.125883,163550.0,113346.0,184762.0,184762.0,0.88519287,0.0,0.0,operational,reported
percheron-data-center-or,-119.8262349,45.7113177,Match,41,49,970101,3070,41049970101,Oregon, Morrow County,,14.84708,76777.0,102281.0,,102281.0,0.75064772,0.0,1.0,under_construction,reported
sabey-intergate-columbia-building-a-wa,-120.1893981,47.4086205,Match,53,17,950300,3055,53017950300,Washington, Douglas County,"Wenatchee-East Wenatchee, WA",7.6990705,87371.0,118075.0,94263.0,94263.0,0.92688543,0.0,1.0,operational,reported
centersquare-shakopee-mn,-93.482,44.7965,Match,27,139,80303,3005,27139080303,Minnesota, Scott County,"Minneapolis-St. Paul-Bloomington, MN-WI",12.324414,82717.0,113993.0,126705.0,126705.0,0.65283138,1.0,0.0,operational,confirmed
cyrusone-dugway-proving-ground-tooele-county-ut,-112.93,40.2,Match,49,45,130600,1070,49045130600,Utah, Tooele County,"Salt Lake City-Murray, UT",18.315218,56111.0,109675.0,116518.0,116518.0,0.48156509,1.0,1.0,proposed,reported
prologis-silver-creek-valley-san-jose-ca,-121.79,37.25,Match,6,85,512039,2002,6085512039,California, Santa Clara County,"San Jose-Sunnyvale-Santa Clara, CA",11.948236,122321.0,113346.0,184762.0,184762.0,0.66204631,1.0,0.0,proposed,reported
emerald-lakes-etheridge-lakes-data-center-chesapeake-va,-76.18817902157426,36.68061281906499,Match,51,550,21104,1005,51550021104,Virginia, Chesapeake city,"Virginia Beach-Chesapeake-Norfolk, VA-NC",2.653964,147240.0,115213.0,102262.0,102262.0,1.439831,0.0,0.0,cancelled,confirmed
dominion-cumberland-energy-center-va,-78.26,37.62,Match,51,49,930101,1039,51049930101,Virginia, Cumberland County,,9.1624508,54643.0,115213.0,,115213.0,0.47427806,1.0,1.0,proposed,reported
patmos-kansas-city-mo,-94.5786,39.0997,Match,29,95,15702,1007,29095015702,Missouri, Jackson County,"Kansas City, MO-KS",28.916309,,91360.0,106867.0,106867.0,,1.0,0.0,operational,reported
google-the-dalles-port-river-road-or,-121.20239,45.62539,Match,41,65,970500,3007,41065970500,Oregon, Wasco County,,21.484375,62829.0,102281.0,,102281.0,0.61427832,1.0,1.0,under_construction,confirmed
project-gravity-archbald-lackawanna-county-pa,-75.55,41.5,Match,42,69,111100,3006,42069111100,Pennsylvania, Lackawanna County,"Scranton--Wilkes-Barre, PA",8.1847649,94781.0,100262.0,85514.0,85514.0,1.1083683,0.0,0.0,proposed,reported
novva-mesa-az,-111.6747,33.3717,Match,4,13,422617,4007,4013422617,Arizona, Maricopa County,"Phoenix-Mesa-Chandler, AZ",5.3321829,128944.0,95980.0,103615.0,103615.0,1.2444531,0.0,0.0,under_construction,confirmed
stack-dfw01-plano-tx,-96.6925096,33.0136764,Match,48,85,31902,2025,48085031902,Texas, Collin County,"Dallas-Fort Worth-Arlington, TX",16.683937,79214.0,94599.0,108711.0,108711.0,0.72866589,0.0,0.0,operational,reported
aligned-west-valley-city-ut,-112.05576,40.71498,Match,49,35,113415,3000,49035113415,Utah, Salt Lake County,"Salt Lake City-Murray, UT",12.38467,99129.0,109675.0,116518.0,116518.0,0.85076123,0.0,0.0,operational,confirmed
big-horn-data-hub-hardin-mt,-107.598778,45.765054,Match,30,3,100,4198,30003000100,Montana, Big Horn County,,6.1823106,78421.0,92794.0,,92794.0,0.84510851,0.0,1.0,cancelled,confirmed
brightnight-red-butte-newcastle-ut,-113.943,37.6949,Match,49,21,110300,1221,49021110300,Utah, Iron County,,7.8557043,102946.0,109675.0,,109675.0,0.93864602,0.0,1.0,proposed,reported
cologix-col5-orange-township-delaware-county-oh,-83.011113,40.190863,Match,39,41,11563,1001,39041011563,Ohio, Delaware County,"Columbus, OH",1.3615334,200288.0,92749.0,104588.0,104588.0,1.9150189,0.0,0.0,under_construction,confirmed
platteview-solar-saunders-ne,-96.3936,41.228,Match,31,155,968400,3064,31155968400,Nebraska, Saunders County,"Omaha, NE-IA",3.3607306,119141.0,99751.0,109980.0,109980.0,1.083297,0.0,1.0,operational,reported
galaxy-helios-dickens-county-tx,-100.84,33.72,Match,48,125,950300,1074,48125950300,Texas, Dickens County,,17.984768,65469.0,94599.0,,94599.0,0.69206864,1.0,1.0,under_construction,confirmed
galaxy-digital-mcgregor-tx,-97.4,31.44,Match,48,309,3901,1048,48309003901,Texas, McLennan County,"Waco, TX",8.0740738,150714.0,94599.0,85306.0,85306.0,1.7667456,0.0,0.0,proposed,confirmed
google-project-skye-midlothian-va,-77.77600992,37.44741159,Match,51,41,101003,3014,51041101003,Virginia, Chesterfield County,"Richmond, VA",1.4231755,176139.0,115213.0,110863.0,110863.0,1.5887988,0.0,0.0,permitted,confirmed
tierpoint-newton-ia,-93.0479,41.6997,Match,19,99,40500,6033,19099040500,Iowa, Jasper County,"Des Moines-West Des Moines, IA",19.96423,49635.0,97491.0,110255.0,110255.0,0.45018366,1.0,1.0,operational,reported
wiscasset-proposed-me,-69.6553,44.0015,Match,23,15,975400,3002,23015975400,Maine, Lincoln County,,3.8655887,116525.0,96912.0,,96912.0,1.2023795,0.0,1.0,proposed,reported
ashville-energy-center-pickaway-oh,-82.94833,39.71833,Match,39,129,21201,2002,39129021201,Ohio, Pickaway County,"Columbus, OH",3.7902069,109293.0,92749.0,104588.0,104588.0,1.044986,0.0,0.0,proposed,reported
aws-beech-road-new-albany-oh,-82.75731,40.11593,Match,39,89,755601,1010,39089755601,Ohio, Licking County,"Columbus, OH",2.3718438,170039.0,92749.0,104588.0,104588.0,1.6257983,0.0,0.0,under_construction,reported
qts-new-albany-3-franklin-county-oh,-82.77165,40.06965,Match,39,49,7211,1031,39049007211,Ohio, Franklin County,"Columbus, OH",3.7548449,250000.0,92749.0,104588.0,104588.0,2.3903315,0.0,0.0,under_construction,reported
flexential-denver-aurora-den03-co,-104.8488321,39.6610488,Match,8,5,80400,4011,8005080400,Colorado, Arapahoe County,"Denver-Aurora-Centennial, CO",4.898447,117039.0,119139.0,132002.0,132002.0,0.88664567,0.0,0.0,operational,reported
atlas-project-sassy-rome-ga,-85.1647,34.257,Match,13,115,600,2043,13115000600,Georgia, Floyd County,"Rome, GA",27.820053,52034.0,93754.0,80531.0,80531.0,0.64613628,1.0,1.0,proposed,reported
lumon-solutions-marshfield-mo,-92.905,37.36,Match,29,225,470101,1121,29225470101,Missouri, Webster County,"Springfield, MO",10.366451,80938.0,91360.0,84001.0,84001.0,0.96353614,0.0,1.0,under_construction,reported
grandilla-foot-creek-491st-thomas-tonopah-az,-113.134,33.481,Match,4,13,50603,3116,4013050603,Arizona, Maricopa County,"Phoenix-Mesa-Chandler, AZ",11.781109,71250.0,95980.0,103615.0,103615.0,0.68764174,1.0,0.0,permitted,reported
tierpoint-oklahoma-city-ok,-97.5164,35.4676,Match,40,109,980007,1008,40109980007,Oklahoma, Oklahoma County,"Oklahoma City, OK",28.117359,165278.0,82385.0,90681.0,90681.0,1.822631,0.0,0.0,operational,confirmed
qts-santa-clara-1-ca,-121.9783207,37.3939862,Match,6,85,505010,2033,6085505010,California, Santa Clara County,"San Jose-Sunnyvale-Santa Clara, CA",9.913702,203478.0,113346.0,184762.0,184762.0,1.1012979,0.0,0.0,operational,reported
meta-mesa-az,-111.6355386,33.3375358,Match,4,13,422647,1000,4013422647,Arizona, Maricopa County,"Phoenix-Mesa-Chandler, AZ",1.6494024,154573.0,95980.0,103615.0,103615.0,1.4918014,0.0,0.0,operational,confirmed
corscale-gainesville-crossing-va,-77.62,38.78,Match,51,153,901411,4008,51153901411,Virginia, Prince William County,"Washington-Arlington-Alexandria, DC-VA-MD-WV",3.2176549,225119.0,115213.0,154653.0,154653.0,1.4556394,0.0,0.0,under_construction,confirmed
google-spade-new-florence-mo,-91.508,38.791,Match,29,139,970300,3048,29139970300,Missouri, Montgomery County,,11.190656,75945.0,91360.0,,91360.0,0.83127189,0.0,1.0,under_construction,confirmed
meta-project-klondike-piqua-oh,-84.259053,40.103974,Match,39,109,315002,2018,39109315002,Ohio, Miami County,"Dayton-Kettering-Beavercreek, OH",11.353591,87872.0,92749.0,94596.0,94596.0,0.92891878,0.0,1.0,permitted,confirmed
skybox-houston-one-tx,-95.7553386,29.802893,Match,48,201,542901,2004,48201542901,Texas, Harris County,"Houston-Pasadena-The Woodlands, TX",6.9120569,118172.0,94599.0,98582.0,98582.0,1.1987178,0.0,0.0,operational,reported
expedient-baltimore-tide-point-md,-76.5916709,39.2746554,Match,24,510,240100,1004,24510240100,Maryland, Baltimore city,"Baltimore-Columbia-Towson, MD",3.7684326,175427.0,127817.0,126229.0,126229.0,1.3897519,0.0,0.0,operational,reported
xai-southaven-ms,-89.974,34.993,Match,28,33,70521,1000,28033070521,Mississippi, DeSoto County,"Memphis, TN-MS-AR",13.720393,64981.0,73163.0,84517.0,84517.0,0.76885122,0.0,0.0,operational,confirmed
atlas-power-butte-mt,-112.518238,45.930855,Match,30,93,800,5220,30093000800,Montana, Silver Bow County,,5.6515422,116757.0,92794.0,,92794.0,1.2582387,0.0,1.0,operational,reported
equinix-sv8-ca,-122.160786,37.4458951,Match,6,85,511302,2008,6085511302,California, Santa Clara County,"San Jose-Sunnyvale-Santa Clara, CA",18.245237,241703.0,113346.0,184762.0,184762.0,1.3081857,0.0,0.0,operational,reported
volition-spanish-fork-ut,-111.6461,40.115,Match,49,49,3201,2014,49049003201,Utah, Utah County,"Provo-Orem-Lehi, UT",10.137376,80179.0,109675.0,110937.0,110937.0,0.72274351,0.0,0.0,proposed,reported
databank-brooklyn-park-mn,-93.386,45.116,Match,27,53,26812,5004,27053026812,Minnesota, Hennepin County,"Minneapolis-St. Paul-Bloomington, MN-WI",4.5061069,144844.0,113993.0,126705.0,126705.0,1.1431593,0.0,0.0,operational,confirmed
ark-data-centers-akron-ii-summit-county-oh,-81.521336,41.057297,Match,39,153,506800,1056,39153506800,Ohio, Summit County,"Akron, OH",35.330261,37276.0,92749.0,95658.0,95658.0,0.38967991,1.0,0.0,operational,confirmed
databank-cleveland-cle1-oh,-81.6829,41.4998,Match,39,35,107701,2022,39035107701,Ohio, Cuyahoga County,"Cleveland, OH",21.943462,149531.0,92749.0,95803.0,95803.0,1.5608175,0.0,0.0,operational,confirmed
flexential-fort-lauderdale-fll01-02-fl,-80.1932967,26.1900857,Match,12,11,50208,2025,12011050208,Florida, Broward County,"Miami-Fort Lauderdale-West Palm Beach, FL",17.383276,66027.0,89891.0,89212.0,89212.0,0.74011344,0.0,0.0,operational,reported
prsm-preble-county-oh,-84.6873978,39.8283325,Match,39,135,450100,1001,39135450100,Ohio, Preble County,,9.0542355,94167.0,92749.0,,92749.0,1.0152886,0.0,1.0,cancelled,reported
qlevr-charlestown-clark-county-in,-85.67,38.4517,Match,18,19,50903,1000,18019050903,Indiana, Clark County,"Louisville/Jefferson County, KY-IN",14.841269,91563.0,90767.0,93011.0,93011.0,0.98443192,0.0,0.0,proposed,reported
prologis-shelbyville-in,-85.7769,39.5214,Match,18,145,710601,2051,18145710601,Indiana, Shelby County,"Indianapolis-Carmel-Greenwood, IN",15.17038,66442.0,90767.0,102227.0,102227.0,0.64994574,1.0,1.0,permitted,reported
cologix-col4-columbus-oh,-83.0007799,40.1178254,Match,39,49,7043,2026,39049007043,Ohio, Franklin County,"Columbus, OH",12.345271,84803.0,92749.0,104588.0,104588.0,0.81082916,0.0,0.0,operational,reported
tract-tuckahoe-technology-park-goochland-county-va,-77.68,37.68,Match,51,75,400102,1031,51075400102,Virginia, Goochland County,"Richmond, VA",4.0227466,158305.0,115213.0,110863.0,110863.0,1.4279336,0.0,0.0,proposed,reported
meta-fort-worth-tx,-97.2617581,32.9844048,Match,48,439,113941,2006,48439113941,Texas, Tarrant County,"Dallas-Fort Worth-Arlington, TX",5.0329256,120139.0,94599.0,108711.0,108711.0,1.1051228,0.0,0.0,operational,reported
oklo-aurora-pike-county-oh,-82.996,39.018,Match,39,131,952200,4075,39131952200,Ohio, Pike County,,30.347618,64728.0,92749.0,,92749.0,0.69788355,1.0,1.0,proposed,confirmed
slate-belt-holdings-upper-mount-bethel-northampton-pa,-75.13,40.9,Match,42,95,18200,2023,42095018200,Pennsylvania, Northampton County,"Allentown-Bethlehem-Easton, PA-NJ",5.6140351,95446.0,100262.0,103840.0,103840.0,0.91916412,0.0,1.0,proposed,reported
whitefiber-nc1-madison-nc,-79.9692,36.3801,Match,37,157,40800,1055,37157040800,North Carolina, Rockingham County,"Greensboro-High Point, NC",9.2540665,76250.0,90290.0,83641.0,83641.0,0.91163427,0.0,1.0,operational,confirmed
peterson-project-sisson-stafford-va,-77.39,38.287,Match,51,179,10504,1008,51179010504,Virginia, Stafford County,"Washington-Arlington-Alexandria, DC-VA-MD-WV",5.1241417,141000.0,115213.0,154653.0,154653.0,0.91171849,0.0,1.0,proposed,reported
sabey-intergate-east-building-1-wa,-122.2881943,47.4948597,Match,53,33,27200,1004,53033027200,Washington, King County,"Seattle-Tacoma-Bellevue, WA",12.864721,91395.0,118075.0,140190.0,140190.0,0.65193665,1.0,0.0,operational,reported
tierpoint-omaha-midlands-papillion-ne,-96.046,41.11,Match,31,153,10702,4004,31153010702,Nebraska, Sarpy County,"Omaha, NE-IA",4.6828542,108966.0,99751.0,109980.0,109980.0,0.99078012,0.0,0.0,operational,reported
warrenton-group-halifax-road-petersburg-va,-77.418,37.177,Match,51,730,811100,3013,51730811100,Virginia, Petersburg city,"Richmond, VA",4.7239614,74141.0,115213.0,110863.0,110863.0,0.66876233,1.0,0.0,permitted,confirmed
flexential-charlotte-south-clt01-02-03-nc,-80.9368313,35.1354147,Match,37,119,5915,2005,37119005915,North Carolina, Mecklenburg County,"Charlotte-Concord-Gastonia, NC-SC",6.5649867,,90290.0,102246.0,102246.0,,0.0,0.0,operational,reported
rellis-data-research-center-bryan-brazos-county-tx,-96.3589,30.6013,Match,48,41,2017,1027,48041002017,Texas, Brazos County,"College Station-Bryan, TX",76.646248,78393.0,94599.0,89843.0,89843.0,0.87255543,1.0,0.0,under_construction,reported
tulsaconnect-east-dc3-tulsa-ok,-95.9928,36.154,Match,40,143,2500,1044,40143002500,Oklahoma, Tulsa County,"Tulsa, OK",23.428375,72317.0,82385.0,88320.0,88320.0,0.81880659,1.0,0.0,operational,confirmed
natelli-new-hill-nc,-79.0033,35.6526,Match,37,37,20702,2040,37037020702,North Carolina, Chatham County,"Durham-Chapel Hill, NC",5.7623048,119180.0,90290.0,113114.0,113114.0,1.0536274,0.0,0.0,cancelled,reported
vantage-wa12-wa,-119.8136985,47.2539697,Match,53,25,10500,1036,53025010500,Washington, Grant County,,7.2359843,99739.0,118075.0,,118075.0,0.84470886,0.0,1.0,operational,reported
province-group-bristol-innovation-park-elkhart-county-in,-85.8175,41.7203,Match,18,39,702,2022,18039000702,Indiana, Elkhart County,"Elkhart-Goshen, IN",23.814262,77500.0,90767.0,84311.0,84311.0,0.91921574,1.0,0.0,proposed,reported
flexential-denver-centennial-den05-co,-104.8431597,39.5938733,Match,8,5,6864,2001,8005006864,Colorado, Arapahoe County,"Denver-Aurora-Centennial, CO",3.2453637,172692.0,119139.0,132002.0,132002.0,1.3082529,0.0,0.0,operational,reported
stargate-port-washington-wi,-87.8753,43.3882,Match,55,89,630100,1033,55089630100,Wisconsin, Ozaukee County,"Milwaukee-Waukesha, WI",4.1666665,84697.0,100141.0,104346.0,104346.0,0.81169379,0.0,1.0,under_construction,reported
beltline-luther-horizon-technology-park-ok,-97.1961,35.6612,Match,40,109,109202,1032,40109109202,Oklahoma, Oklahoma County,"Oklahoma City, OK",7.9106278,93333.0,82385.0,90681.0,90681.0,1.0292454,0.0,0.0,proposed,reported
switch-big-beaver-pa,-80.33,40.75,Match,42,7,601200,1027,42007601200,Pennsylvania, Beaver County,"Pittsburgh, PA",23.78702,47438.0,100262.0,102107.0,102107.0,0.46459106,1.0,0.0,proposed,confirmed
stack-caddo-parish-la,-93.9,32.58,Match,22,17,25406,3006,22017025406,Louisiana, Caddo Parish,"Shreveport-Bossier City, LA",21.672817,86154.0,79407.0,75242.0,75242.0,1.1450254,1.0,0.0,under_construction,confirmed
tierpoint-allentown-tekpark-breinigsville-pa,-75.6288,40.5384,Match,42,77,6206,3002,42077006206,Pennsylvania, Lehigh County,"Allentown-Bethlehem-Easton, PA-NJ",2.3672972,123361.0,100262.0,103840.0,103840.0,1.1879911,0.0,0.0,operational,reported
cambrin-project-cornmaze-town-of-beloit-wi,-89.0215921,42.5843885,Match,55,105,1400,1002,55105001400,Wisconsin, Rock County,"Janesville-Beloit, WI",12.560806,90789.0,100141.0,90467.0,90467.0,1.0035594,0.0,0.0,proposed,reported
salcido-wheeler-moses-lake-wa,-119.285,47.125,Match,53,25,11102,1024,53025011102,Washington, Grant County,,31.021801,65149.0,118075.0,,118075.0,0.55175948,1.0,1.0,operational,reported
vantage-nv1-storey-county-nv,-119.5904,39.5311,Match,32,29,970200,1071,32029970200,Nevada, Storey County,"Reno, NV",7.0582547,121477.0,92663.0,104602.0,104602.0,1.1613258,0.0,1.0,under_construction,confirmed
skybox-chicago-i-il,-87.973521,41.9936612,Match,17,31,770300,3037,17031770300,Illinois, Cook County,"Chicago-Naperville-Elgin, IL-IN",8.7209301,97601.0,106018.0,113207.0,113207.0,0.86214632,0.0,0.0,operational,reported
switch-las-vegas-9-nv,-115.2196277,36.0557074,Match,32,3,2981,2000,32003002981,Nevada, Clark County,"Las Vegas-Henderson-North Las Vegas, NV",5.4070983,107440.0,92663.0,89785.0,89785.0,1.1966364,0.0,0.0,operational,reported
mara-flared-gas-fleet-tx-nd,-102.37,31.87,Match,48,135,1500,1001,48135001500,Texas, Ector County,"Odessa, TX",23.954273,62711.0,94599.0,81330.0,81330.0,0.77106851,1.0,0.0,operational,reported
flexential-atlanta-douglasville-1-ga,-84.6160809,33.7310574,Match,13,97,80105,2028,13097080105,Georgia, Douglas County,"Atlanta-Sandy Springs-Roswell, GA",10.400721,144618.0,93754.0,107388.0,107388.0,1.3466868,0.0,0.0,operational,reported
ntt-sacramento-ca3-data-center-ca,-121.4987627,38.6442393,Match,6,67,7019,2044,6067007019,California, Sacramento County,"Sacramento-Roseville-Folsom, CA",25.901741,115536.0,113346.0,116511.0,116511.0,0.99163169,1.0,0.0,operational,reported
penzance-bedington-berkeley-county-wv,-77.882,39.554,Match,24,43,10902,2007,24043010902,Maryland, Washington County,"Hagerstown-Martinsburg, MD-WV",1.4980026,106734.0,127817.0,94359.0,94359.0,1.1311481,0.0,1.0,proposed,confirmed
crane-pdx01-forest-grove-or,-123.1087,45.5207,Match,41,67,33202,1005,41067033202,Oregon, Washington County,"Portland-Vancouver-Hillsboro, OR-WA",24.621878,117857.0,102281.0,119276.0,119276.0,0.98810321,1.0,1.0,under_construction,confirmed
databank-vernon-la-ca,-118.218653,34.00543,Match,6,37,980016,1049,6037980016,California, Los Angeles County,"Los Angeles-Long Beach-Anaheim, CA",7.2507553,70250.0,113346.0,108949.0,108949.0,0.64479709,1.0,0.0,proposed,confirmed
iron-mountain-va-4-va,-77.54223,38.7744146,Match,51,153,901409,5006,51153901409,Virginia, Prince William County,"Washington-Arlington-Alexandria, DC-VA-MD-WV",3.2232347,143786.0,115213.0,154653.0,154653.0,0.92973304,0.0,0.0,operational,reported
edgeconnex-den01-denver-co,-104.8275475,39.5608526,Match,8,35,14014,3021,8035014014,Colorado, Douglas County,"Denver-Aurora-Centennial, CO",3.0544949,149408.0,119139.0,132002.0,132002.0,1.1318617,0.0,0.0,operational,reported
genesis-digital-assets-anderson-sc,-82.6506264,34.5068601,Match,45,7,12300,1011,45007012300,South Carolina, Anderson County,"Greenville-Anderson-Greer, SC",30.740038,46767.0,86707.0,88723.0,88723.0,0.52711248,1.0,1.0,operational,reported
greenidge-generation-dresden-ny,-76.948604,42.679134,Match,36,123,150102,1005,36123150102,New York, Yates County,,7.360157,102917.0,106873.0,,106873.0,0.96298409,0.0,1.0,operational,confirmed
rwe-maryland-blue-crab-solar-storage-dorchester-md,-75.945,38.578,Match,24,19,970300,1047,24019970300,Maryland, Dorchester County,,6.3279448,83825.0,127817.0,,127817.0,0.65582043,1.0,1.0,proposed,confirmed
digital-realty-sjc34-ca,-121.973647,37.3724077,Match,6,85,505202,2096,6085505202,California, Santa Clara County,"San Jose-Sunnyvale-Santa Clara, CA",19.125883,163550.0,113346.0,184762.0,184762.0,0.88519287,0.0,0.0,operational,reported
artemis-technologies-cave-city-ar,-91.55083,35.94806,Match,5,135,470402,1047,5135470402,Arkansas, Sharp County,,15.39924,56029.0,76968.0,,76968.0,0.72795188,0.0,1.0,under_construction,reported
enerfore-pleasant-valley-tioga-nd,-102.9424,48.28,Match,38,105,953600,1168,38105953600,North Dakota, Williams County,,5.4324069,116169.0,104993.0,,104993.0,1.1064452,0.0,1.0,under_construction,reported
renaissance-park-upper-merion-king-of-prussia-pa,-75.347,40.092,Match,42,91,205806,2018,42091205806,Pennsylvania, Montgomery County,"Philadelphia-Camden-Wilmington, PA-NJ-DE-MD",4.2543459,134957.0,100262.0,116434.0,116434.0,1.1590859,0.0,0.0,proposed,confirmed
tierpoint-tulsa-archer-ok,-95.9886293,36.1585898,Match,40,143,2500,3035,40143002500,Oklahoma, Tulsa County,"Tulsa, OK",23.428375,72317.0,82385.0,88320.0,88320.0,0.81880659,1.0,0.0,operational,reported
tract-hanover-technology-park-va,-77.47,37.81,Match,51,85,320500,1002,51085320500,Virginia, Hanover County,"Richmond, VA",13.353116,137700.0,115213.0,110863.0,110863.0,1.2420735,0.0,0.0,under_construction,confirmed
alterra-marshall-technology-energy-center-gas-mi,-84.955,42.276,Match,26,25,3900,3009,26025003900,Michigan, Calhoun County,"Battle Creek, MI",4.5114436,133058.0,93357.0,79554.0,79554.0,1.6725495,0.0,1.0,proposed,reported
mlp-ventures-plymouth-township-conshohocken-pa,-75.312,40.086,Match,42,91,204008,2003,42091204008,Pennsylvania, Montgomery County,"Philadelphia-Camden-Wilmington, PA-NJ-DE-MD",1.4458542,125865.0,100262.0,116434.0,116434.0,1.0809987,0.0,0.0,proposed,reported
apple-maiden-nc,-81.256686,35.588607,Match,37,35,11702,2075,37035011702,North Carolina, Catawba County,"Hickory-Lenoir-Morganton, NC",11.646235,88511.0,90290.0,76116.0,76116.0,1.1628436,0.0,1.0,operational,confirmed
aws-3180-beech-road-new-albany-oh,-82.750939,40.104129,Match,39,89,755601,1039,39089755601,Ohio, Licking County,"Columbus, OH",2.3718438,170039.0,92749.0,104588.0,104588.0,1.6257983,0.0,0.0,operational,reported
beltline-piedmont-kingfisher-county-ok,-97.81183,35.74394,Match,40,73,958400,2169,40073958400,Oklahoma, Kingfisher County,,7.9008265,106094.0,82385.0,,82385.0,1.287783,0.0,1.0,proposed,reported
sabey-intergate-west-building-c-wa,-122.2943972,47.494123,Match,53,33,27100,1001,53033027100,Washington, King County,"Seattle-Tacoma-Bellevue, WA",25.108122,66607.0,118075.0,140190.0,140190.0,0.47511947,1.0,0.0,operational,reported
microsoft-mountain-west-des-moines-ia,-93.8253005,41.5385054,Match,19,49,50812,1003,19049050812,Iowa, Dallas County,"Des Moines-West Des Moines, IA",18.359152,145052.0,97491.0,110255.0,110255.0,1.3156047,0.0,0.0,operational,reported
energy-storage-solutions-fayetteville-cumberland-county-nc,-78.878,35.053,Match,37,51,3800,2039,37051003800,North Carolina, Cumberland County,"Fayetteville, NC",31.65925,42813.0,90290.0,73956.0,73956.0,0.57889825,1.0,0.0,proposed,reported
digital-realty-va4-va,-77.594905,38.7780614,Match,51,153,901421,3009,51153901421,Virginia, Prince William County,"Washington-Arlington-Alexandria, DC-VA-MD-WV",2.2739675,219250.0,115213.0,154653.0,154653.0,1.4176899,0.0,0.0,operational,reported
stream-chicago-ii-ordb-elk-grove-village-il,-87.9703,42.0039,Match,17,31,770300,3018,17031770300,Illinois, Cook County,"Chicago-Naperville-Elgin, IL-IN",8.7209301,97601.0,106018.0,113207.0,113207.0,0.86214632,0.0,0.0,operational,reported
ntt-sacramento-ca1-data-center-ca,-121.4891868,38.6504319,Match,6,67,7019,2035,6067007019,California, Sacramento County,"Sacramento-Roseville-Folsom, CA",25.901741,115536.0,113346.0,116511.0,116511.0,0.99163169,1.0,0.0,operational,reported
nine-mile-data-myton-duchesne-county-ut,-110.0568,40.193,Match,49,13,940600,1048,49013940600,Utah, Duchesne County,,8.9614162,92413.0,109675.0,,109675.0,0.84260768,0.0,1.0,permitted,reported
qts-richmond-1-dc1-ric1-white-oak-technology-park-va,-77.2474761,37.4892338,Match,51,87,201404,3014,51087201404,Virginia, Henrico County,"Richmond, VA",8.9690943,96296.0,115213.0,110863.0,110863.0,0.86860359,0.0,0.0,operational,reported
rowan-digital-frederick-md,-77.394,39.265,Match,24,21,752201,2007,24021752201,Maryland, Frederick County,"Washington-Arlington-Alexandria, DC-VA-MD-WV",1.1042944,145227.0,127817.0,154653.0,154653.0,0.93905067,0.0,1.0,under_construction,confirmed
aligned-quantum-frederick-md,-77.387,39.263,Match,24,21,752201,2007,24021752201,Maryland, Frederick County,"Washington-Arlington-Alexandria, DC-VA-MD-WV",1.1042944,145227.0,127817.0,154653.0,154653.0,0.93905067,0.0,1.0,under_construction,confirmed
mara-hopedale-harrison-oh,-80.9012,40.3253,Match,39,67,975600,4027,39067975600,Ohio, Harrison County,,17.641479,56739.0,92749.0,,92749.0,0.61174786,1.0,1.0,operational,confirmed
miningstore-eldora-township-ia,-93.0996,42.3622,Match,19,83,480600,3030,19083480600,Iowa, Hardin County,,12.42163,84531.0,97491.0,,97491.0,0.86706465,0.0,1.0,permitted,reported
aws-hayden-run-hilliard-oh,-83.134305,40.059949,Match,39,49,7922,1000,39049007922,Ohio, Franklin County,"Columbus, OH",7.7976007,142500.0,92749.0,104588.0,104588.0,1.362489,0.0,0.0,operational,reported
cloudburst-oklahoma-city-campus-ok,-97.5164,35.4676,Match,40,109,980007,1008,40109980007,Oklahoma, Oklahoma County,"Oklahoma City, OK",28.117359,165278.0,82385.0,90681.0,90681.0,1.822631,0.0,0.0,proposed,reported
westdulles-iron-horse-hanover-va,-77.44,37.762,Match,51,85,320701,2016,51085320701,Virginia, Hanover County,"Richmond, VA",3.5104733,155179.0,115213.0,110863.0,110863.0,1.3997366,0.0,0.0,proposed,confirmed
cologix-col1-columbus-oh,-83.0021667,40.1164761,Match,39,49,7048,3023,39049007048,Ohio, Franklin County,"Columbus, OH",11.277815,108958.0,92749.0,104588.0,104588.0,1.041783,0.0,0.0,operational,confirmed
american-tower-edc-oklahoma-city-ok,-97.4934,35.5896,Match,40,109,108302,2019,40109108302,Oklahoma, Oklahoma County,"Oklahoma City, OK",15.229137,82764.0,82385.0,90681.0,90681.0,0.91269398,0.0,0.0,proposed,reported
switch-the-rock-round-rock-tx,-97.6725256,30.4880189,Match,48,491,20709,1007,48491020709,Texas, Williamson County,"Austin-Round Rock-San Marcos, TX",10.813727,102930.0,94599.0,126591.0,126591.0,0.81309098,0.0,0.0,under_construction,reported
google-lincoln-ne,-96.675,40.81,Match,31,109,1600,3006,31109001600,Nebraska, Lancaster County,"Lincoln, NE",11.45493,68856.0,99751.0,101786.0,101786.0,0.67647809,1.0,0.0,under_construction,confirmed
tierpoint-spokane-wa,-117.0959323,47.6719149,Match,53,63,13203,2003,53063013203,Washington, Spokane County,"Spokane-Spokane Valley, WA",6.1711078,105781.0,118075.0,98269.0,98269.0,1.0764432,0.0,0.0,operational,reported
iron-mountain-va-2-va,-77.5459965,38.7772373,Match,51,153,901409,5006,51153901409,Virginia, Prince William County,"Washington-Arlington-Alexandria, DC-VA-MD-WV",3.2232347,143786.0,115213.0,154653.0,154653.0,0.92973304,0.0,0.0,operational,reported
metro-edge-imd1-chicago-il,-87.6749686,41.8639696,Match,17,31,842900,1037,17031842900,Illinois, Cook County,"Chicago-Naperville-Elgin, IL-IN",42.320396,21250.0,106018.0,113207.0,113207.0,0.18770924,1.0,0.0,permitted,reported
essential-energy-archbald-lackawanna-county-pa,-75.5391,41.4959,Match,42,69,111100,2005,42069111100,Pennsylvania, Lackawanna County,"Scranton--Wilkes-Barre, PA",8.1847649,94781.0,100262.0,85514.0,85514.0,1.1083683,0.0,0.0,proposed,reported
crypto-colo-center-mclouth-ks,-95.20833,39.19611,Match,20,87,20300,2043,20087020300,Kansas, Jefferson County,"Topeka, KS",6.1785321,109576.0,95810.0,92523.0,92523.0,1.1843109,0.0,1.0,cancelled,confirmed
stargate-project-jupiter-dona-ana-nm,-106.6895,31.8636,Match,35,13,1701,4070,35013001701,New Mexico, Doña Ana County,"Las Cruces, NM",18.857653,64579.0,79556.0,64174.0,64174.0,1.0063109,0.0,0.0,under_construction,reported
coresite-ny2-secaucus-nj-nj,-74.0652426,40.7842844,Match,34,17,19900,2024,34017019900,New Jersey, Hudson County,"New York-Newark-Jersey City, NY-NJ",4.7443233,145254.0,127025.0,120744.0,120744.0,1.2029915,0.0,0.0,operational,reported
openai-project-camellia-effingham-ga,-81.2354,32.296,Match,13,103,30307,1023,13103030307,Georgia, Effingham County,"Savannah, GA",10.60713,99317.0,93754.0,94073.0,94073.0,1.0557439,0.0,1.0,proposed,confirmed
bermuda-hundred-data-center-chesterfield-va,-77.39493747,37.33798175,Match,51,41,100509,2037,51041100509,Virginia, Chesterfield County,"Richmond, VA",3.5019956,131582.0,115213.0,110863.0,110863.0,1.1868883,0.0,0.0,proposed,reported
atmosphere-dickerson-montgomery-md,-77.4736,39.2117,Match,51,107,610300,2026,51107610300,Virginia, Loudoun County,"Washington-Arlington-Alexandria, DC-VA-MD-WV",3.3209043,247998.0,115213.0,154653.0,154653.0,1.603577,0.0,1.0,proposed,reported
iren-horizon-childress-tx,-100.2046,34.4276,Match,48,75,950200,1017,48075950200,Texas, Childress County,,15.362319,67865.0,94599.0,,94599.0,0.71739662,0.0,1.0,under_construction,confirmed
prometheus-hyperscale-pueblo-co,-104.6141867,38.263995,Match,8,101,3500,1137,8101003500,Colorado, Pueblo County,"Pueblo, CO",28.957718,42625.0,119139.0,81641.0,81641.0,0.52210289,1.0,0.0,proposed,reported
microsoft-hickory-catawba-county-nc,-81.3443,35.7333,Match,37,35,10501,2045,37035010501,North Carolina, Catawba County,"Hickory-Lenoir-Morganton, NC",5.7899089,123485.0,90290.0,76116.0,76116.0,1.6223265,0.0,1.0,under_construction,confirmed
w-holdings-energy-generation-technology-campus-maricopa-az,-112.035,32.945,Match,4,21,941402,1037,4021941402,Arizona, Pinal County,"Phoenix-Mesa-Chandler, AZ",16.673666,75714.0,95980.0,103615.0,103615.0,0.73072433,0.0,0.0,proposed,confirmed
expedient-pit1-green-tree-pittsburgh-south-pa,-80.0425212,40.427371,Match,42,3,469000,3004,42003469000,Pennsylvania, Allegheny County,"Pittsburgh, PA",6.3719387,115573.0,100262.0,102107.0,102107.0,1.1318812,0.0,0.0,operational,reported
powertransitions-project-yardbird-ks,-94.635,39.147,Match,20,209,980000,1006,20209980000,Kansas, Wyandotte County,"Kansas City, MO-KS",,,95810.0,106867.0,106867.0,,0.0,0.0,proposed,reported
entergy-westlake-power-station-calcasieu-la,-93.2507099,30.2421496,Match,22,19,2600,3043,22019002600,Louisiana, Calcasieu Parish,"Lake Charles, LA",13.002965,69329.0,79407.0,83544.0,83544.0,0.82985014,0.0,0.0,proposed,reported
serverfarm-titan-moses-lake-wa,-119.25,47.1554,Match,53,25,11002,3003,53025011002,Washington, Grant County,,16.508261,94013.0,118075.0,,118075.0,0.79621428,0.0,1.0,operational,confirmed
flexential-louisville-east-nas-equivalent-lou-east-ky,-85.5072402,38.2771906,Match,21,111,10406,3001,21111010406,Kentucky, Jefferson County,"Louisville/Jefferson County, KY-IN",10.262449,139659.0,81505.0,93011.0,93011.0,1.5015321,0.0,0.0,operational,reported
lumen-san-antonio-2-tx,-98.5065217,29.4382791,Match,48,29,110600,2004,48029110600,Texas, Bexar County,"San Antonio-New Braunfels, TX",45.547642,33281.0,94599.0,92961.0,92961.0,0.35801035,1.0,0.0,operational,reported
core-scientific-auburn-al,-85.4879,32.6089,Match,1,81,40802,2001,1081040802,Alabama, Lee County,"Auburn-Opelika, AL",81.389366,,83032.0,90260.0,90260.0,,1.0,0.0,under_construction,confirmed
h5-buffalo-ii-lockport-ny,-78.74808845761379,43.16967580851366,Match,36,63,23401,3003,36063023401,New York, Niagara County,"Buffalo-Cheektowaga, NY",13.527935,115048.0,106873.0,96701.0,96701.0,1.1897292,0.0,1.0,operational,reported
five-up-realty-eynon-jermyn-road-archbald-pa,-75.535,41.509,Match,42,69,111100,1020,42069111100,Pennsylvania, Lackawanna County,"Scranton--Wilkes-Barre, PA",8.1847649,94781.0,100262.0,85514.0,85514.0,1.1083683,0.0,0.0,proposed,reported
rck-crossroads-technology-campus-spotsylvania-va,-77.4334,38.2445,Match,51,177,20201,1002,51177020201,Virginia, Spotsylvania County,"Washington-Arlington-Alexandria, DC-VA-MD-WV",3.2938881,123364.0,115213.0,154653.0,154653.0,0.79768258,0.0,1.0,proposed,reported
oppidan-des-moines-ia,-93.625,41.5868,Match,19,153,5101,4030,19153005101,Iowa, Polk County,"Des Moines-West Des Moines, IA",22.28772,88661.0,97491.0,110255.0,110255.0,0.80414492,1.0,0.0,operational,confirmed
red-ace-data-center-culpeper-va,-77.997,38.474,Match,51,47,930204,1015,51047930204,Virginia, Culpeper County,"Washington-Arlington-Alexandria, DC-VA-MD-WV",3.2915361,144125.0,115213.0,154653.0,154653.0,0.931925,0.0,1.0,permitted,confirmed
newfold-digital-provo-ut,-111.65871,40.23373,Match,49,49,2400,1012,49049002400,Utah, Utah County,"Provo-Orem-Lehi, UT",20.670649,45563.0,109675.0,110937.0,110937.0,0.41071057,1.0,0.0,operational,reported
lumen-santa-clara-1-ca,-121.952059,37.3770332,Match,6,85,505202,2041,6085505202,California, Santa Clara County,"San Jose-Sunnyvale-Santa Clara, CA",19.125883,163550.0,113346.0,184762.0,184762.0,0.88519287,0.0,0.0,operational,reported
vantage-frontier-shackelford-county-tx,-99.2987,32.7272,Match,48,417,950300,2050,48417950300,Texas, Shackelford County,,9.5253267,95400.0,94599.0,,94599.0,1.0084673,0.0,1.0,under_construction,reported
project-boulder-colleton-county-sc,-80.62,32.7,Match,45,29,970800,2049,45029970800,South Carolina, Colleton County,,9.7489538,90000.0,86707.0,,86707.0,1.0379785,0.0,1.0,proposed,reported
aaim-data-centers-blue-earth-mn,-94.098,43.635,Match,27,43,460400,4021,27043460400,Minnesota, Faribault County,,10.931957,104375.0,113993.0,,113993.0,0.91562641,0.0,1.0,operational,confirmed
digital-realty-chicago-ch1-il,-87.961935,41.9942413,Match,17,31,770300,3062,17031770300,Illinois, Cook County,"Chicago-Naperville-Elgin, IL-IN",8.7209301,97601.0,106018.0,113207.0,113207.0,0.86214632,0.0,0.0,operational,reported
microsoft-malaga-wa,-120.2,47.23,Match,53,37,975300,1002,53037975300,Washington, Kittitas County,,10.574128,103021.0,118075.0,,118075.0,0.87250477,0.0,1.0,under_construction,confirmed
aws-falls-township-pa,-74.7882,40.1545,Match,42,17,980000,2008,42017980000,Pennsylvania, Bucks County,"Philadelphia-Camden-Wilmington, PA-NJ-DE-MD",,,100262.0,116434.0,116434.0,,0.0,0.0,under_construction,confirmed
orient-energy-center-ia,-94.4241,41.2003,Match,19,1,960200,2201,19001960200,Iowa, Adair County,,11.150442,98264.0,97491.0,,97491.0,1.007929,0.0,1.0,proposed,confirmed
powerhouse-louisville-ky,-85.8485,38.1953,Match,21,111,12701,1032,21111012701,Kentucky, Jefferson County,"Louisville/Jefferson County, KY-IN",40.387962,38813.0,81505.0,93011.0,93011.0,0.41729474,1.0,0.0,under_construction,reported
pronghorn-antelope-cedar-city-ut,-113.0619,37.6775,Match,49,21,110601,1006,49021110601,Utah, Iron County,,30.939415,44274.0,109675.0,,109675.0,0.4036836,1.0,1.0,permitted,reported
strata-hanging-rock-haverhill-data-center-oh,-82.781751,38.567639,Match,39,87,50700,3021,39087050700,Ohio, Lawrence County,"Huntington-Ashland, WV-KY-OH",17.453278,66705.0,92749.0,76767.0,76767.0,0.86892807,0.0,1.0,under_construction,confirmed
atlas-project-bus-temple-ga,-85.0327,33.7376,Match,13,45,910201,1038,13045910201,Georgia, Carroll County,"Atlanta-Sandy Springs-Roswell, GA",13.474445,80975.0,93754.0,107388.0,107388.0,0.75404143,0.0,1.0,proposed,reported
cyrusone-cin3-cincinnati-mason-oh,-84.3116127,39.3038941,Match,39,165,32008,1044,39165032008,Ohio, Warren County,"Cincinnati, OH-KY-IN",10.344828,180966.0,92749.0,104379.0,104379.0,1.7337395,0.0,0.0,operational,reported
aws-wallula-gap-walla-walla-wa,-118.9135,46.0726,Match,53,71,920000,2067,53071920000,Washington, Walla Walla County,"Walla Walla, WA",14.656202,97313.0,118075.0,96998.0,96998.0,1.0032475,0.0,1.0,under_construction,confirmed
coachella-valley-technology-campus-ca,-116.169492,33.671181,Match,6,65,45703,3001,6065045703,California, Riverside County,"Riverside-San Bernardino-Ontario, CA",7.8078885,66250.0,113346.0,99149.0,99149.0,0.66818625,1.0,0.0,cancelled,reported
equinix-ny5-nj,-74.0723242,40.7785845,Match,34,17,19900,2023,34017019900,New Jersey, Hudson County,"New York-Newark-Jersey City, NY-NJ",4.7443233,145254.0,127025.0,120744.0,120744.0,1.2029915,0.0,0.0,operational,reported
apollo-power-generation-facility-wood-oh,-83.6347437,41.459261,Match,39,173,21200,2043,39173021200,Ohio, Wood County,"Toledo, OH",6.0977101,150428.0,92749.0,89262.0,89262.0,1.6852412,0.0,0.0,under_construction,confirmed
jefferson-proving-ground-data-center-jefferson-county-in,-85.4,38.82,Match,18,77,966100,1095,18077966100,Indiana, Jefferson County,,12.654459,77244.0,90767.0,,90767.0,0.85101414,0.0,1.0,permitted,reported
microsoft-kenosha-wi,-87.89,42.537,Match,55,59,2606,1012,55059002606,Wisconsin, Kenosha County,"Kenosha, WI",1.0311641,140882.0,100141.0,105009.0,105009.0,1.3416183,0.0,0.0,proposed,confirmed
cnx-zediker-station-south-strabane-washington-county-pa,-80.19,40.156,Match,42,125,755200,3005,42125755200,Pennsylvania, Washington County,"Pittsburgh, PA",8.4287405,143607.0,100262.0,102107.0,102107.0,1.4064364,0.0,0.0,proposed,reported
oracle-west-jordan-ut,-111.93952,40.60613,Match,49,35,112917,1003,49035112917,Utah, Salt Lake County,"Salt Lake City-Murray, UT",8.4006462,114950.0,109675.0,116518.0,116518.0,0.98654288,0.0,0.0,operational,confirmed
verrus-project-flex-lyon-township-oakland-county-mi,-83.53,42.47,Match,26,125,137102,4013,26125137102,Michigan, Oakland County,"Detroit-Warren-Dearborn, MI",4.0062561,208527.0,93357.0,99913.0,99913.0,2.0870857,0.0,0.0,proposed,reported
aligned-dfw-03-tx,-97.0748553,32.5498227,Match,48,439,111314,2016,48439111314,Texas, Tarrant County,"Dallas-Fort Worth-Arlington, TX",7.9100385,165655.0,94599.0,108711.0,108711.0,1.5238109,0.0,0.0,operational,reported
pointone-remington-technology-park-fauquier-va,-77.8,38.53,Match,51,61,930706,2051,51061930706,Virginia, Fauquier County,"Washington-Arlington-Alexandria, DC-VA-MD-WV",10.96208,86597.0,115213.0,154653.0,154653.0,0.55994385,1.0,1.0,permitted,reported
t5-cleveland-oh,-81.803445,41.4430567,Match,39,35,124201,2010,39035124201,Ohio, Cuyahoga County,"Cleveland, OH",14.486158,63539.0,92749.0,95803.0,95803.0,0.66322559,1.0,0.0,operational,reported
databank-mem1-memphis-tn,-89.8097,35.20249,Match,47,157,21113,1006,47157021113,Tennessee, Shelby County,"Memphis, TN-MS-AR",11.489899,88158.0,87314.0,84517.0,84517.0,1.0430801,0.0,0.0,operational,confirmed
lumen-minneapolis-3-mn,-93.2766103,44.9887662,Match,27,53,126202,2001,27053126202,Minnesota, Hennepin County,"Minneapolis-St. Paul-Bloomington, MN-WI",1.162545,175217.0,113993.0,126705.0,126705.0,1.3828737,0.0,0.0,operational,reported
amazon-pecos-county-data-center-tx,-102.8779,30.8981,Match,48,371,950300,1123,48371950300,Texas, Pecos County,,34.636303,,94599.0,,94599.0,,1.0,1.0,proposed,reported
databank-red-oak-tx,-96.7282,32.5135,Match,48,139,60103,1022,48139060103,Texas, Ellis County,"Dallas-Fort Worth-Arlington, TX",11.457506,102277.0,94599.0,108711.0,108711.0,0.94081557,0.0,1.0,under_construction,confirmed
fleet-south-valley-self-generation-storey-county-nv,-119.4561,39.5101,Match,32,29,970200,1042,32029970200,Nevada, Storey County,"Reno, NV",7.0582547,121477.0,92663.0,104602.0,104602.0,1.1613258,0.0,1.0,proposed,reported
lightedge-papillion-ne,-96.0428,41.1544,Match,31,153,10619,1001,31153010619,Nebraska, Sarpy County,"Omaha, NE-IA",10.041089,106975.0,99751.0,109980.0,109980.0,0.97267687,0.0,0.0,operational,reported
flexential-portland-hillsboro-1-pdx01-or,-122.8908454,45.5498253,Match,41,67,31617,3002,41067031617,Oregon, Washington County,"Portland-Vancouver-Hillsboro, OR-WA",11.998065,76990.0,102281.0,119276.0,119276.0,0.64547771,1.0,0.0,operational,reported
red-wolf-dcd-properties-project-red-wolf-ks,-94.88035,39.132358,Match,20,209,44803,1008,20209044803,Kansas, Wyandotte County,"Kansas City, MO-KS",2.5668738,114669.0,95810.0,106867.0,106867.0,1.0730066,0.0,0.0,proposed,reported
digital-realty-vernon-ca,-118.2252615,33.99951,Match,6,37,980016,1117,6037980016,California, Los Angeles County,"Los Angeles-Long Beach-Anaheim, CA",7.2507553,70250.0,113346.0,108949.0,108949.0,0.64479709,1.0,0.0,proposed,reported
crane-pdx02-forest-grove-or,-123.11106,45.51904,Match,41,67,33101,2002,41067033101,Oregon, Washington County,"Portland-Vancouver-Hillsboro, OR-WA",9.9742785,119167.0,102281.0,119276.0,119276.0,0.99908614,0.0,1.0,under_construction,reported
tac-data-centers-wythe-county-va,-80.86,36.93,Match,51,197,50402,4007,51197050402,Virginia, Wythe County,,17.961481,88203.0,115213.0,,115213.0,0.76556462,0.0,1.0,proposed,reported
talen-montour-data-center-campus-montour-county-pa,-76.67,41.05,Match,42,93,50100,3029,42093050100,Pennsylvania, Montour County,,12.118152,84623.0,100262.0,,100262.0,0.8440187,0.0,1.0,proposed,reported
microsoft-dorr-township-mi,-85.652,42.64,Match,26,5,30502,1052,26005030502,Michigan, Allegan County,,10.113079,85833.0,93357.0,,93357.0,0.91940618,0.0,1.0,proposed,confirmed
pch-wi-holdings-wisconsin-rapids-wood-county-wi,-89.82,44.39,Match,55,141,11000,5038,55141011000,Wisconsin, Wood County,,13.766098,67997.0,100141.0,,100141.0,0.6790126,1.0,1.0,proposed,reported
avaio-taurus-brandon-ms,-89.99,32.27,Match,28,121,20805,2041,28121020805,Mississippi, Rankin County,"Jackson, MS",36.907059,82059.0,73163.0,79993.0,79993.0,1.0258273,1.0,0.0,under_construction,confirmed
aws-jefferson-township-fayette-oh,-83.5677,39.6534,Match,39,47,925900,3007,39047925900,Ohio, Fayette County,,21.332186,56361.0,92749.0,,92749.0,0.60767233,1.0,1.0,under_construction,confirmed
bitdeer-massillon-stark-county-oh,-81.53947,40.77069,Match,39,151,714400,2040,39151714400,Ohio, Stark County,"Canton-Massillon, OH",14.826416,88878.0,92749.0,85410.0,85410.0,1.0406041,0.0,0.0,under_construction,confirmed
cogent-oklahoma-city-ok,-97.5164,35.4676,Match,40,109,980007,1008,40109980007,Oklahoma, Oklahoma County,"Oklahoma City, OK",28.117359,165278.0,82385.0,90681.0,90681.0,1.822631,0.0,0.0,operational,reported
prime-avondale-az,-112.35,33.44,Match,4,13,61200,3002,4013061200,Arizona, Maricopa County,"Phoenix-Mesa-Chandler, AZ",26.49157,49560.0,95980.0,103615.0,103615.0,0.47830912,1.0,0.0,under_construction,confirmed
state-of-ohio-computer-center-columbus-oh,-83.0446845,40.0057597,Match,39,49,1122,1038,39049001122,Ohio, Franklin County,"Columbus, OH",38.498791,68750.0,92749.0,104588.0,104588.0,0.65734118,1.0,0.0,operational,reported
scott-data-center-omaha-ne,-96.0093,41.2406,Match,31,55,3600,5009,31055003600,Nebraska, Douglas County,"Omaha, NE-IA",4.981595,116100.0,99751.0,109980.0,109980.0,1.0556465,0.0,0.0,operational,reported
lumen-spokane-wa,-117.4200007,47.6542257,Match,53,63,3500,1040,53063003500,Washington, Spokane County,"Spokane-Spokane Valley, WA",49.322212,52008.0,118075.0,98269.0,98269.0,0.52924114,1.0,0.0,operational,reported
soluna-project-grace-silverton-tx,-101.3082,34.4692,Match,48,45,950200,1078,48045950200,Texas, Briscoe County,,16.795666,64643.0,94599.0,,94599.0,0.68333703,1.0,1.0,under_construction,reported
aws-cumulus-salem-township-pa,-76.1452,41.0949,Match,42,79,216100,2002,42079216100,Pennsylvania, Luzerne County,"Scranton--Wilkes-Barre, PA",6.2263675,99441.0,100262.0,85514.0,85514.0,1.1628622,0.0,1.0,under_construction,confirmed
mcd7-limerick-township-montgomery-county-pa,-75.573,40.2447,Match,42,91,208703,1009,42091208703,Pennsylvania, Montgomery County,"Philadelphia-Camden-Wilmington, PA-NJ-DE-MD",4.4941001,128214.0,100262.0,116434.0,116434.0,1.1011732,0.0,0.0,proposed,reported
meta-hyperion-richland-parish-la,-91.4906,32.4442,Match,22,83,970100,3103,22083970100,Louisiana, Richland Parish,"Monroe, LA",25.235109,56998.0,79407.0,67964.0,67964.0,0.83864987,1.0,1.0,under_construction,reported
prologis-project-sail-coweta-ga,-84.7974,33.3807,Match,13,77,170307,1006,13077170307,Georgia, Coweta County,"Atlanta-Sandy Springs-Roswell, GA",7.9044414,56313.0,93754.0,107388.0,107388.0,0.52438819,1.0,0.0,permitted,confirmed
cleanspark-meridian-ms,-88.7037,32.3643,Match,28,75,10700,2046,28075010700,Mississippi, Lauderdale County,,49.590164,22131.0,73163.0,,73163.0,0.30248895,1.0,1.0,operational,confirmed
terawulf-muskie-eastpark-ky,-82.79,38.4042,Match,21,19,31001,1028,21019031001,Kentucky, Boyd County,"Huntington-Ashland, WV-KY-OH",14.424952,74313.0,81505.0,76767.0,76767.0,0.96803313,0.0,1.0,proposed,confirmed
tierpoint-st-louis-olive-mo,-90.1964208,38.6297601,Match,29,510,125600,3011,29510125600,Missouri, St. Louis city,"St. Louis, MO-IL",21.405428,121983.0,91360.0,105167.0,105167.0,1.159898,1.0,0.0,operational,reported
applied-digital-deuel-county-sd,-96.62,44.567,Match,46,39,953600,3170,46039953600,South Dakota, Deuel County,,7.5352111,102250.0,96562.0,,96562.0,1.0589051,0.0,1.0,cancelled,confirmed
microsoft-tunstall-road-hillcrest-mecklenburg-va,-78.10265,36.74254,Match,51,117,930201,3001,51117930201,Virginia, Mecklenburg County,,16.171101,98542.0,115213.0,,115213.0,0.85530281,0.0,1.0,permitted,confirmed
aws-hermiston-or,-119.28946,45.84041,Match,41,59,951201,2016,41059951201,Oregon, Umatilla County,,6.9516916,90258.0,102281.0,,102281.0,0.8824513,0.0,1.0,operational,confirmed
equinix-ny7-nj,-74.0311403,40.7968626,Match,34,17,14600,2025,34017014600,New Jersey, Hudson County,"New York-Newark-Jersey City, NY-NJ",4.8937221,93026.0,127025.0,120744.0,120744.0,0.77043992,0.0,0.0,operational,reported
meta-eagle-mountain-ut,-111.9697,40.3138,Match,49,49,10114,1004,49049010114,Utah, Utah County,"Provo-Orem-Lehi, UT",2.173167,106508.0,109675.0,110937.0,110937.0,0.96007645,0.0,1.0,operational,confirmed
canaan-chief-mountain-andrews-tx,-102.625,32.285,Match,48,3,950100,1394,48003950100,Texas, Andrews County,,9.5571098,110972.0,94599.0,,94599.0,1.1730779,0.0,1.0,operational,confirmed
databank-san1-san-diego-ca,-117.073246,32.9886013,Match,6,73,17055,3000,6073017055,California, San Diego County,"San Diego-Chula Vista-Carlsbad, CA",2.3562868,198177.0,113346.0,122377.0,122377.0,1.6193974,0.0,0.0,operational,reported
litewire-mcminnville-tn,-85.7619,35.69221,Match,47,177,930500,4006,47177930500,Tennessee, Warren County,,14.147078,59414.0,87314.0,,87314.0,0.68046361,1.0,1.0,operational,confirmed
outrigger-washington-daviess-county-in,-87.05,38.65,Match,18,27,954502,1067,18027954502,Indiana, Daviess County,,5.2862363,102368.0,90767.0,,90767.0,1.1278107,0.0,1.0,cancelled,reported
equinix-dallas-da11-tx,-96.8243167,32.8017196,Match,48,113,10001,4008,48113010001,Texas, Dallas County,"Dallas-Fort Worth-Arlington, TX",34.268063,43662.0,94599.0,108711.0,108711.0,0.40163368,1.0,0.0,operational,reported
powerhouse-ctp-02-va,-77.3256869,37.360586,Match,51,41,100403,1005,51041100403,Virginia, Chesterfield County,"Richmond, VA",2.0841961,128984.0,115213.0,110863.0,110863.0,1.1634539,0.0,0.0,under_construction,reported
flexential-salisbury-henderson-grove-nc,-80.5054,35.6288,Match,37,159,51102,1009,37159051102,North Carolina, Rowan County,"Charlotte-Concord-Gastonia, NC-SC",12.145454,101094.0,90290.0,102246.0,102246.0,0.98873305,0.0,0.0,proposed,reported
flexential-raleigh-ral02-ral03-nc,-78.8291431,35.8505281,Match,37,183,53609,1055,37183053609,North Carolina, Wake County,"Raleigh-Cary, NC",10.815308,150000.0,90290.0,123586.0,123586.0,1.2137297,0.0,0.0,operational,reported
gigawatt-east-wenatchee-wa,-120.2042,47.3968,Match,53,17,950300,3044,53017950300,Washington, Douglas County,"Wenatchee-East Wenatchee, WA",7.6990705,87371.0,118075.0,94263.0,94263.0,0.92688543,0.0,1.0,cancelled,confirmed
csquare-sfo1-ca,-121.9696826,37.3714713,Match,6,85,505202,2095,6085505202,California, Santa Clara County,"San Jose-Sunnyvale-Santa Clara, CA",19.125883,163550.0,113346.0,184762.0,184762.0,0.88519287,0.0,0.0,operational,reported
microsoft-person-county-roxboro-nc,-78.9828,36.396,Match,37,145,920300,1041,37145920300,North Carolina, Person County,"Durham-Chapel Hill, NC",35.356243,49120.0,90290.0,113114.0,113114.0,0.43425217,1.0,1.0,permitted,confirmed
ecl-csc1-santa-clara-ca,-121.955,37.354,Match,6,85,505202,4001,6085505202,California, Santa Clara County,"San Jose-Sunnyvale-Santa Clara, CA",19.125883,163550.0,113346.0,184762.0,184762.0,0.88519287,0.0,0.0,proposed,reported
socrates-south-new-albany-oh,-82.762,40.068,Match,39,89,755601,2036,39089755601,Ohio, Licking County,"Columbus, OH",2.3718438,170039.0,92749.0,104588.0,104588.0,1.6257983,0.0,0.0,under_construction,confirmed
lumen-akron-2-oh,-81.4907582,41.0695694,Match,39,153,503100,1014,39153503100,Ohio, Summit County,"Akron, OH",50.475586,24464.0,92749.0,95658.0,95658.0,0.25574443,1.0,0.0,operational,reported
echostar-cheyenne-wy,-104.725,41.135,Match,56,21,2002,3071,56021002002,Wyoming, Laramie County,"Cheyenne, WY",4.1982508,121365.0,96997.0,99600.0,99600.0,1.2185241,0.0,0.0,operational,confirmed
digital-realty-silicon-valley-sjc16-ca,-121.9559987,37.3749324,Match,6,85,505202,2041,6085505202,California, Santa Clara County,"San Jose-Sunnyvale-Santa Clara, CA",19.125883,163550.0,113346.0,184762.0,184762.0,0.88519287,0.0,0.0,operational,reported
iron-mountain-miamisburg-oh,-84.2866083,39.6428362,Match,39,113,50402,3025,39113050402,Ohio, Montgomery County,"Dayton-Kettering-Beavercreek, OH",19.494204,79375.0,92749.0,94596.0,94596.0,0.8390947,0.0,0.0,operational,confirmed
google-lenoir-nc,-81.546892,35.900163,Match,37,27,30300,1009,37027030300,North Carolina, Caldwell County,"Hickory-Lenoir-Morganton, NC",8.7923193,62031.0,90290.0,76116.0,76116.0,0.81495351,0.0,1.0,operational,confirmed
markley-boston-summer-street-ma,-71.0595422,42.3545151,Match,25,25,70104,3003,25025070104,Massachusetts, Suffolk County,"Boston-Cambridge-Newton, MA-NH",21.236452,250000.0,131675.0,145780.0,145780.0,1.7149129,0.0,0.0,operational,confirmed
ark-data-centers-green-bay-harrison-campus-wi,-88.3449304,44.2044349,Match,55,15,20308,1046,55015020308,Wisconsin, Calumet County,"Appleton, WI",1.9461077,142500.0,100141.0,106810.0,106810.0,1.3341447,0.0,0.0,operational,reported
fortitude-prosser-ne,-98.57806,40.6875,Match,31,1,965400,2196,31001965400,Nebraska, Adams County,,4.3343654,121042.0,99751.0,,99751.0,1.2134415,0.0,1.0,operational,confirmed
cologix-johnstown-oh,-82.68,40.15,Match,39,89,755302,3009,39089755302,Ohio, Licking County,"Columbus, OH",6.956893,112257.0,92749.0,104588.0,104588.0,1.0733258,0.0,1.0,under_construction,confirmed
h5-data-centers-cleveland-rockwell-oh,-81.683262,41.5063269,Match,39,35,107802,1036,39035107802,Ohio, Cuyahoga County,"Cleveland, OH",66.579842,,92749.0,95803.0,95803.0,,1.0,0.0,operational,confirmed
aws-warner-road-jerome-township-oh,-83.199984,40.118607,Match,39,159,50601,2039,39159050601,Ohio, Union County,"Columbus, OH",0.19295302,212576.0,92749.0,104588.0,104588.0,2.0325086,0.0,0.0,operational,reported
edgeconnex-det01-mi,-83.2626336,42.4476693,Match,26,125,161800,2000,26125161800,Michigan, Oakland County,"Detroit-Warren-Dearborn, MI",8.6660404,83059.0,93357.0,99913.0,99913.0,0.83131325,0.0,0.0,operational,reported
nextera-high-spring-solar-muskogee-county-ok,-95.38,35.62,Match,40,101,1302,2045,40101001302,Oklahoma, Muskogee County,,12.436225,71765.0,82385.0,,82385.0,0.87109303,0.0,1.0,proposed,confirmed
mara-kearney-buffalo-ne,-99.045806,40.728341,Match,31,19,969203,1023,31019969203,Nebraska, Buffalo County,,7.2926598,108935.0,99751.0,,99751.0,1.0920693,0.0,1.0,operational,confirmed
homer-city-energy-campus-generation-pa,-79.1542,40.5383,Match,42,63,961700,1052,42063961700,Pennsylvania, Indiana County,,8.0427446,81111.0,100262.0,,100262.0,0.80899042,0.0,1.0,under_construction,confirmed
lumen-dallas-6-tx,-96.8843787,32.827998,Match,48,113,10003,2038,48113010003,Texas, Dallas County,"Dallas-Fort Worth-Arlington, TX",20.317751,112253.0,94599.0,108711.0,108711.0,1.0325818,1.0,0.0,operational,reported
gouldsboro-project-gold-clifton-covington-lackawanna-pa,-75.595,41.195,Match,42,69,112901,3061,42069112901,Pennsylvania, Lackawanna County,"Scranton--Wilkes-Barre, PA",7.6826825,89844.0,100262.0,85514.0,85514.0,1.050635,0.0,1.0,proposed,reported
ntt-chicago-ch2-data-center-il,-88.0072131,41.9890149,Match,17,43,840201,2000,17043840201,Illinois, DuPage County,"Chicago-Naperville-Elgin, IL-IN",1.0686529,117412.0,106018.0,113207.0,113207.0,1.0371443,0.0,0.0,operational,reported
segra-winston-salem-data-center-nc,-80.26083,36.10278,Match,37,67,200,1037,37067000200,North Carolina, Forsyth County,"Winston-Salem, NC",34.676144,122500.0,90290.0,83438.0,83438.0,1.468156,0.0,0.0,operational,reported
project-cardinal-yorkville-il,-88.461,41.7,Match,17,93,890401,3010,17093890401,Illinois, Kendall County,"Chicago-Naperville-Elgin, IL-IN",2.6940346,109378.0,106018.0,113207.0,113207.0,0.96617699,0.0,0.0,permitted,confirmed
winchester-gateway-data-center-frederick-va,-78.1980384,39.1442224,Match,51,69,50900,2009,51069050900,Virginia, Frederick County,"Winchester, VA-WV",8.0564947,111750.0,115213.0,105992.0,105992.0,1.0543249,0.0,1.0,proposed,reported
sovereign-gazelle-somerville-al,-86.7603,34.457,Match,1,103,5405,2061,1103005405,Alabama, Morgan County,"Decatur, AL",37.694092,76000.0,83032.0,85826.0,85826.0,0.88551253,1.0,1.0,proposed,reported
coresite-at2-marietta-data-center-ga,-84.4816338,33.9255145,Match,13,67,30405,2004,13067030405,Georgia, Cobb County,"Atlanta-Sandy Springs-Roswell, GA",15.111773,85444.0,93754.0,107388.0,107388.0,0.79565686,0.0,0.0,operational,reported
flexential-denver-englewood-co,-104.8375559,39.558994,Match,8,35,14014,3026,8035014014,Colorado, Douglas County,"Denver-Aurora-Centennial, CO",3.0544949,149408.0,119139.0,132002.0,132002.0,1.1318617,0.0,0.0,operational,reported
fremont-peak-luckett-road-marana-az,-111.198,32.495,Match,4,19,4648,3024,4019004648,Arizona, Pima County,"Tucson, AZ",1.6457574,126366.0,95980.0,90806.0,90806.0,1.3916041,0.0,0.0,proposed,reported
qts-cedar-rapids-ia,-91.718,41.932,Match,19,113,3005,2025,19113003005,Iowa, Linn County,"Cedar Rapids, IA",6.5825067,81667.0,97491.0,100430.0,100430.0,0.81317335,0.0,0.0,under_construction,confirmed
cielo-gaffney-cherokee-county-sc,-81.5576062,35.0666365,Match,45,21,970503,1007,45021970503,South Carolina, Cherokee County,,12.552301,79643.0,86707.0,,86707.0,0.91853023,0.0,1.0,proposed,reported
core-scientific-pecos-tx,-103.58,31.44,Match,48,389,950600,1201,48389950600,Texas, Reeves County,,20.362423,61250.0,94599.0,,94599.0,0.64746982,1.0,1.0,under_construction,confirmed
nextnrg-nassau-county-data-center-energy-campus-fl,-81.68,30.55,Match,12,31,10301,1017,12031010301,Florida, Duval County,"Jacksonville, FL",14.162823,76488.0,89891.0,98813.0,98813.0,0.77406818,0.0,0.0,proposed,reported
duke-energy-marshall-combustion-turbines-catawba-county-nc,-80.96472,35.5975,Match,37,35,11503,2039,37035011503,North Carolina, Catawba County,"Hickory-Lenoir-Morganton, NC",3.3817635,121518.0,90290.0,76116.0,76116.0,1.5964843,0.0,1.0,permitted,reported
socrates-north-new-albany-oh,-82.76,40.07,Match,39,89,755601,2036,39089755601,Ohio, Licking County,"Columbus, OH",2.3718438,170039.0,92749.0,104588.0,104588.0,1.6257983,0.0,0.0,under_construction,confirmed
ark-data-centers-independence-cuyahoga-county-oh,-81.632511,41.360599,Match,39,35,156102,3019,39035156102,Ohio, Cuyahoga County,"Cleveland, OH",2.1010506,119312.0,92749.0,95803.0,95803.0,1.245389,0.0,0.0,operational,confirmed
westin-building-digital-realty-seattle-sea10-wa,-122.3388637,47.6143555,Match,53,33,7202,2002,53033007202,Washington, King County,"Seattle-Tacoma-Bellevue, WA",8.6601734,250000.0,118075.0,140190.0,140190.0,1.7832941,0.0,0.0,operational,reported
yondr-cerberus-manassas-va,-77.4753,38.7509,Match,51,683,910401,1003,51683910401,Virginia, Manassas city,"Washington-Arlington-Alexandria, DC-VA-MD-WV",11.157139,100875.0,115213.0,154653.0,154653.0,0.65226668,1.0,0.0,proposed,confirmed
core-scientific-marble-cherokee-county-nc,-83.924,35.135,Match,37,39,930401,1026,37039930401,North Carolina, Cherokee County,,17.85005,70391.0,90290.0,,90290.0,0.77961016,0.0,1.0,operational,confirmed
aps-desert-sun-power-plant-gila-bend-az,-112.8,32.95,Match,4,13,723305,2075,4013723305,Arizona, Maricopa County,"Phoenix-Mesa-Chandler, AZ",13.776493,91563.0,95980.0,103615.0,103615.0,0.88368481,0.0,1.0,proposed,reported
microsoft-alluvion-west-des-moines-ia,-93.7083034,41.5143718,Match,19,153,11028,1055,19153011028,Iowa, Polk County,"Des Moines-West Des Moines, IA",8.8767433,140817.0,97491.0,110255.0,110255.0,1.2771938,0.0,0.0,operational,reported
edgecore-reno-campus-storey-county-nv,-119.4851422,39.5429755,Match,32,29,970200,1042,32029970200,Nevada, Storey County,"Reno, NV",7.0582547,121477.0,92663.0,104602.0,104602.0,1.1613258,0.0,1.0,under_construction,confirmed
morgan-valley-energy-center-ia,-91.83,41.92,Match,19,113,10700,1039,19113010700,Iowa, Linn County,"Cedar Rapids, IA",2.8700907,138657.0,97491.0,100430.0,100430.0,1.3806332,0.0,0.0,proposed,confirmed
cloudhq-mount-prospect-ord-il,-87.935,42.055,Match,17,31,804901,4007,17031804901,Illinois, Cook County,"Chicago-Naperville-Elgin, IL-IN",5.3307948,153000.0,106018.0,113207.0,113207.0,1.3515066,0.0,0.0,under_construction,confirmed
ivcm-imperial-county-ca,-115.569,32.847,Match,6,25,11002,3007,6025011002,California, Imperial County,"El Centro, CA",13.701361,104625.0,113346.0,65458.0,65458.0,1.5983531,0.0,1.0,proposed,reported
comanche-circle-sailfish-hood-county-tx,-97.83,32.35,Match,48,221,160303,2078,48221160303,Texas, Hood County,,5.5207453,92036.0,94599.0,,94599.0,0.97290671,0.0,1.0,proposed,reported
amazon-project-rainier-new-carlisle-in,-86.5117,41.6978,Match,18,141,10800,3018,18141010800,Indiana, St. Joseph County,"South Bend-Mishawaka, IN-MI",3.5204568,100673.0,90767.0,87126.0,87126.0,1.1554874,0.0,1.0,operational,confirmed
stonebridge-fort-meade-fl,-81.8024,27.7525,Match,12,105,16001,2075,12105016001,Florida, Polk County,"Lakeland-Winter Haven, FL",23.435997,88125.0,89891.0,76474.0,76474.0,1.1523525,1.0,1.0,proposed,reported
tract-altoona-ia,-93.4649,41.6439,Match,19,153,10708,2015,19153010708,Iowa, Polk County,"Des Moines-West Des Moines, IA",4.4323483,123514.0,97491.0,110255.0,110255.0,1.1202576,0.0,0.0,permitted,confirmed
menomonie-data-center-wi,-91.9193,44.8769,Match,55,33,970802,3016,55033970802,Wisconsin, Dunn County,,15.936366,88750.0,100141.0,,100141.0,0.88625038,0.0,1.0,proposed,reported
microsoft-fernley-nv,-119.2169,39.6082,Match,32,19,960103,1041,32019960103,Nevada, Lyon County,"Reno, NV",11.236897,73548.0,92663.0,104602.0,104602.0,0.70312232,0.0,1.0,proposed,reported
tract-morris-technology-park-il,-88.43,41.36,Match,17,63,400,3004,17063000400,Illinois, Grundy County,"Chicago-Naperville-Elgin, IL-IN",10.884595,89412.0,106018.0,113207.0,113207.0,0.78980982,0.0,1.0,proposed,reported
apple-prineville-or,-120.84639,44.30349,Match,41,13,950302,1035,41013950302,Oregon, Crook County,"Bend, OR",20.152092,57542.0,102281.0,105335.0,105335.0,0.54627615,1.0,1.0,operational,confirmed
core-scientific-denton-tx,-97.1276,33.1932,Match,48,121,21304,3003,48121021304,Texas, Denton County,"Dallas-Fort Worth-Arlington, TX",9.5044222,110104.0,94599.0,108711.0,108711.0,1.0128138,0.0,0.0,under_construction,confirmed
monarch-data-center-yerington-nv,-119.162989,38.9855429,Match,32,19,960901,2014,32019960901,Nevada, Lyon County,"Reno, NV",11.367314,69167.0,92663.0,104602.0,104602.0,0.66123974,1.0,1.0,permitted,confirmed
meta-altoona-ia,-93.4696,41.6459,Match,19,153,10708,2003,19153010708,Iowa, Polk County,"Des Moines-West Des Moines, IA",4.4323483,123514.0,97491.0,110255.0,110255.0,1.1202576,0.0,0.0,operational,confirmed
joule-millard-county-ut,-112.165,39.1072,Match,49,27,974300,1123,49027974300,Utah, Millard County,,8.725235,80389.0,109675.0,,109675.0,0.73297471,0.0,1.0,under_construction,reported
cyrusone-nva7-sterling-va,-77.4340194,39.0263152,Match,51,107,611018,3010,51107611018,Virginia, Loudoun County,"Washington-Arlington-Alexandria, DC-VA-MD-WV",14.010811,143750.0,115213.0,154653.0,154653.0,0.92950022,0.0,0.0,operational,reported
digital-realty-new-york-ewr11-nj,-74.4571024,40.5537931,Match,34,23,603,2026,34023000603,New Jersey, Middlesex County,"New York-Newark-Jersey City, NY-NJ",1.9766397,154318.0,127025.0,120744.0,120744.0,1.2780594,0.0,0.0,operational,reported
iron-mountain-wpa-1-boyers-butler-county-pa,-79.9128,41.0956,Match,42,19,910200,3002,42019910200,Pennsylvania, Butler County,"Pittsburgh, PA",9.2588615,87824.0,100262.0,102107.0,102107.0,0.86011732,0.0,1.0,operational,reported
mara-hannibal-monroe-oh,-80.8721,39.6675,Match,39,111,966600,4027,39111966600,Ohio, Monroe County,,13.911439,72619.0,92749.0,,92749.0,0.78296262,0.0,1.0,operational,confirmed
colocsx-jacksonville-fl,-81.5812,30.1988,Match,12,31,16730,2005,12031016730,Florida, Duval County,"Jacksonville, FL",6.4866166,144388.0,89891.0,98813.0,98813.0,1.4612248,0.0,0.0,operational,reported
microsoft-osmium-west-des-moines-ia,-93.7755662,41.500537,Match,19,181,20300,2009,19181020300,Iowa, Warren County,"Des Moines-West Des Moines, IA",8.4079199,121607.0,97491.0,110255.0,110255.0,1.1029613,0.0,0.0,under_construction,confirmed
related-digital-cheyenne-wy,-104.735,41.13,Match,56,21,2002,3078,56021002002,Wyoming, Laramie County,"Cheyenne, WY",4.1982508,121365.0,96997.0,99600.0,99600.0,1.2185241,0.0,0.0,under_construction,confirmed
switch-las-vegas-7-nv,-115.210197,36.0599191,Match,32,3,2979,1028,32003002979,Nevada, Clark County,"Las Vegas-Henderson-North Las Vegas, NV",4.1470127,104167.0,92663.0,89785.0,89785.0,1.1601827,0.0,0.0,operational,reported
aligned-phx13-glendale-az,-112.186,33.5387,Match,4,13,92500,3030,4013092500,Arizona, Maricopa County,"Phoenix-Mesa-Chandler, AZ",17.989758,79063.0,95980.0,103615.0,103615.0,0.76304591,0.0,0.0,under_construction,confirmed
data-city-energy-abundance-laredo-tx,-99.4803,27.5306,Match,48,479,1601,1017,48479001601,Texas, Webb County,"Laredo, TX",31.352236,45446.0,94599.0,69513.0,69513.0,0.653777,1.0,0.0,proposed,rumored
qts-hillsboro-2-or,-122.92961,45.55888,Match,41,67,32603,5013,41067032603,Oregon, Washington County,"Portland-Vancouver-Hillsboro, OR-WA",2.2013981,143430.0,102281.0,119276.0,119276.0,1.2025051,0.0,0.0,operational,reported
aws-newton-court-new-albany-oh,-82.72994,40.093702,Match,39,89,755601,1032,39089755601,Ohio, Licking County,"Columbus, OH",2.3718438,170039.0,92749.0,104588.0,104588.0,1.6257983,0.0,0.0,operational,reported
google-ridgeville-sc,-80.3239,33.096,Match,45,35,10400,2007,45035010400,South Carolina, Dorchester County,"Charleston-North Charleston, SC",11.867977,81458.0,86707.0,105712.0,105712.0,0.77056533,0.0,1.0,under_construction,confirmed
wells-draw-energy-duchesne-county-ut,-110.0568,40.193,Match,49,13,940600,1048,49013940600,Utah, Duchesne County,,8.9614162,92413.0,109675.0,,109675.0,0.84260768,0.0,1.0,permitted,reported
blusky-ai-delta-millard-county-ut,-112.5766,39.3502,Match,49,27,974100,4033,49027974100,Utah, Millard County,,9.0486336,78261.0,109675.0,,109675.0,0.71357191,0.0,1.0,proposed,reported
ntt-hillsboro-hi1-data-center-or,-122.9373872,45.5496803,Match,41,67,32608,1001,41067032608,Oregon, Washington County,"Portland-Vancouver-Hillsboro, OR-WA",6.5566459,118636.0,102281.0,119276.0,119276.0,0.99463427,0.0,0.0,operational,reported
vc-summer-units-2-3-fairfield-county-sc,-81.3149669,34.2955736,Match,45,39,960100,2049,45039960100,South Carolina, Fairfield County,"Columbia, SC",13.014461,82321.0,86707.0,86522.0,86522.0,0.95144588,0.0,1.0,proposed,reported
vantage-phoenix-campus-goodyear-az-az,-112.3738867,33.4463027,Match,4,13,61300,1003,4013061300,Arizona, Maricopa County,"Phoenix-Mesa-Chandler, AZ",7.3283858,66429.0,95980.0,103615.0,103615.0,0.64111376,1.0,0.0,operational,reported
dartpoints-shv01-shreveport-la,-93.7477839,32.5135356,Match,22,17,25300,3039,22017025300,Louisiana, Caddo Parish,"Shreveport-Bossier City, LA",61.094223,14367.0,79407.0,75242.0,75242.0,0.19094388,1.0,0.0,operational,confirmed
taurus-digital-realty-project-bunkhouse-stilesboro-ga,-84.91,34.087,Match,13,15,961002,1005,13015961002,Georgia, Bartow County,"Atlanta-Sandy Springs-Roswell, GA",7.8148332,84224.0,93754.0,107388.0,107388.0,0.78429621,0.0,1.0,permitted,reported
ntt-global-data-centers-dallas-tx1-tx,-96.6563775,32.9810371,Match,48,113,19042,5019,48113019042,Texas, Dallas County,"Dallas-Fort Worth-Arlington, TX",19.637823,93929.0,94599.0,108711.0,108711.0,0.86402482,0.0,0.0,operational,reported
crow-holdings-cleanarc-stemmons-dallas-tx,-96.7968559,32.7762719,Match,48,113,20402,1050,48113020402,Texas, Dallas County,"Dallas-Fort Worth-Arlington, TX",21.830315,128102.0,94599.0,108711.0,108711.0,1.178372,1.0,0.0,proposed,reported
flexential-tampa-north-tpa03-fl,-82.3683619,28.0738698,Match,12,57,11017,1002,12057011017,Florida, Hillsborough County,"Tampa-St. Petersburg-Clearwater, FL",21.106462,136923.0,89891.0,93653.0,93653.0,1.4620247,0.0,0.0,operational,reported
stargate-abilene-tx,-99.7331,32.4487,Match,48,441,11700,2003,48441011700,Texas, Taylor County,"Abilene, TX",16.789667,84074.0,94599.0,85182.0,85182.0,0.98699254,0.0,0.0,under_construction,reported
crane-clean-energy-center-tmi-pa,-76.725,40.1542,Match,42,43,24001,3067,42043024001,Pennsylvania, Dauphin County,"Harrisburg-Carlisle, PA",9.3552246,104250.0,100262.0,102964.0,102964.0,1.0124898,0.0,0.0,under_construction,confirmed
ntt-sacramento-ca2-data-center-ca,-121.4919461,38.6504002,Match,6,67,7019,2035,6067007019,California, Sacramento County,"Sacramento-Roseville-Folsom, CA",25.901741,115536.0,113346.0,116511.0,116511.0,0.99163169,1.0,0.0,operational,reported
core-scientific-calvert-city-ky,-88.3527,37.0328,Match,21,157,950101,2064,21157950101,Kentucky, Marshall County,,7.6603775,59167.0,81505.0,,81505.0,0.72593093,0.0,1.0,operational,confirmed
google-putnam-county-campus-wv,-81.956511,38.64411,Match,54,79,20200,1028,54079020200,West Virginia, Putnam County,"Huntington-Ashland, WV-KY-OH",8.5780525,89661.0,77710.0,76767.0,76767.0,1.1679628,0.0,1.0,proposed,confirmed
sentinel-jay-me,-70.2175,44.5024,Match,23,7,971400,5021,23007971400,Maine, Franklin County,,9.7917118,97212.0,96912.0,,96912.0,1.0030956,0.0,1.0,cancelled,reported
vantage-ashburn-ii-va2-va,-77.4302306,38.997949,Match,51,107,611601,2010,51107611601,Virginia, Loudoun County,"Washington-Arlington-Alexandria, DC-VA-MD-WV",6.8994532,148974.0,115213.0,154653.0,154653.0,0.96327907,0.0,0.0,operational,reported
avaio-perseus-pittsburg-ca,-121.91098,38.011358,Match,6,13,313205,1008,6013313205,California, Contra Costa County,"San Francisco-Oakland-Fremont, CA",7.3277969,114569.0,113346.0,164296.0,164296.0,0.69733286,1.0,0.0,permitted,confirmed
aligned-dfw-01-tx,-96.6765617,33.0093142,Match,48,85,31901,1009,48085031901,Texas, Collin County,"Dallas-Fort Worth-Arlington, TX",17.184574,66250.0,94599.0,108711.0,108711.0,0.60941392,1.0,0.0,operational,reported
google-pryor-ok,-95.31,36.32,Match,40,97,40100,1000,40097040100,Oklahoma, Mayes County,,28.995722,46964.0,82385.0,,82385.0,0.57005525,1.0,1.0,operational,confirmed
ardent-pittsburgh-mckees-rocks-pa,-80.081,40.4646,Match,42,3,460002,1000,42003460002,Pennsylvania, Allegheny County,"Pittsburgh, PA",11.30294,118708.0,100262.0,102107.0,102107.0,1.1625843,0.0,0.0,operational,reported
windstream-wholesale-oklahoma-city-ok,-97.5142,35.4791,Match,40,109,102500,1010,40109102500,Oklahoma, Oklahoma County,"Oklahoma City, OK",26.530613,134258.0,82385.0,90681.0,90681.0,1.4805527,0.0,0.0,operational,reported
cipher-reveille-cotulla-la-salle-tx,-99.2351,28.4359,Match,48,283,950301,1068,48283950301,Texas, La Salle County,,28.13674,44412.0,94599.0,,94599.0,0.46947643,1.0,1.0,proposed,reported
digital-realty-northern-virginia-acc5-va,-77.4631033,39.0201584,Match,51,107,611006,1013,51107611006,Virginia, Loudoun County,"Washington-Arlington-Alexandria, DC-VA-MD-WV",2.078522,211875.0,115213.0,154653.0,154653.0,1.3700025,0.0,0.0,operational,reported
kairos-hermes-2-oak-ridge-tn,-84.39,35.92,Match,47,145,980100,1074,47145980100,Tennessee, Roane County,"Knoxville, TN",,,87314.0,92008.0,92008.0,,0.0,1.0,under_construction,confirmed
stack-por02-or,-122.8973869,45.5473758,Match,41,67,31617,3002,41067031617,Oregon, Washington County,"Portland-Vancouver-Hillsboro, OR-WA",11.998065,76990.0,102281.0,119276.0,119276.0,0.64547771,1.0,0.0,operational,reported
anchorstone-58-east-data-campus-ringgold-va,-79.2905,36.6048,Match,51,143,10804,2022,51143010804,Virginia, Pittsylvania County,,4.1844249,75568.0,115213.0,,115213.0,0.65589821,1.0,1.0,permitted,reported
flexential-atlanta-norcross-atl01-02-ga,-84.1985246,33.9547396,Match,13,135,50324,1041,13135050324,Georgia, Gwinnett County,"Atlanta-Sandy Springs-Roswell, GA",3.0433888,79865.0,93754.0,107388.0,107388.0,0.74370509,0.0,0.0,operational,reported
zenith-volts-roswell-chaves-county-data-center-nm,-104.52,33.14,Match,35,5,1300,2103,35005001300,New Mexico, Chaves County,,35.682159,53026.0,79556.0,,79556.0,0.66652423,1.0,1.0,permitted,confirmed
databank-granite-point-bluffdale-ut,-111.90016,40.48568,Match,49,35,112827,1048,49035112827,Utah, Salt Lake County,"Salt Lake City-Murray, UT",3.697521,126341.0,109675.0,116518.0,116518.0,1.0843046,0.0,0.0,operational,confirmed
cipher-digital-ulysses-center-township-morgan-oh,-81.64694,39.63028,Match,39,115,968800,1111,39115968800,Ohio, Morgan County,,7.419951,72724.0,92749.0,,92749.0,0.78409469,0.0,1.0,proposed,reported
meta-el-paso-tx,-106.55,31.81,Match,48,141,1204,1026,48141001204,Texas, El Paso County,"El Paso, TX",23.195877,51891.0,94599.0,67572.0,67572.0,0.76793641,1.0,0.0,under_construction,confirmed
amazon-perry-township-stark-oh,-81.4,40.7517,Match,39,151,713201,2021,39151713201,Ohio, Stark County,"Canton-Massillon, OH",9.6619024,74646.0,92749.0,85410.0,85410.0,0.87397259,0.0,0.0,under_construction,confirmed
powerconnex-ii-new-albany-oh,-82.754,40.062,Match,39,89,755601,2032,39089755601,Ohio, Licking County,"Columbus, OH",2.3718438,170039.0,92749.0,104588.0,104588.0,1.6257983,0.0,0.0,under_construction,reported
thad-hill-energy-center-clifton-bosque-tx,-97.3586,31.8594,Match,48,35,950400,1020,48035950400,Texas, Bosque County,"Waco, TX",3.4491909,99193.0,94599.0,85306.0,85306.0,1.1627904,0.0,1.0,operational,confirmed
ntt-ashburn-va1-data-center-va,-77.4548911,39.0227436,Match,51,107,611006,1014,51107611006,Virginia, Loudoun County,"Washington-Arlington-Alexandria, DC-VA-MD-WV",2.078522,211875.0,115213.0,154653.0,154653.0,1.3700025,0.0,0.0,operational,reported
databank-den2-centennial-co,-104.8479857,39.5917924,Match,8,5,6864,2004,8005006864,Colorado, Arapahoe County,"Denver-Aurora-Centennial, CO",3.2453637,172692.0,119139.0,132002.0,132002.0,1.3082529,0.0,0.0,operational,confirmed
cleanspark-austin-county-tx,-96.2661,29.9508,Match,48,15,760502,3000,48015760502,Texas, Austin County,"Houston-Pasadena-The Woodlands, TX",6.7996373,100828.0,94599.0,98582.0,98582.0,1.022783,0.0,1.0,proposed,confirmed
core-scientific-grand-forks-nd,-97.0434,47.8912,Match,38,35,11201,1005,38035011201,North Dakota, Grand Forks County,"Grand Forks, ND-MN",20.970394,,104993.0,100460.0,100460.0,,1.0,0.0,operational,confirmed
stack-nva01a-va,-77.4417399,39.0046933,Match,51,107,611020,3001,51107611020,Virginia, Loudoun County,"Washington-Arlington-Alexandria, DC-VA-MD-WV",0.73657423,155417.0,115213.0,154653.0,154653.0,1.00494,0.0,0.0,operational,reported
ntt-silicon-valley-sv1-data-center-ca,-121.9553378,37.3690532,Match,6,85,505202,2054,6085505202,California, Santa Clara County,"San Jose-Sunnyvale-Santa Clara, CA",19.125883,163550.0,113346.0,184762.0,184762.0,0.88519287,0.0,0.0,operational,reported
vantage-oh1-new-albany-licking-county-oh,-82.746359,40.100989,Match,39,89,755601,1039,39089755601,Ohio, Licking County,"Columbus, OH",2.3718438,170039.0,92749.0,104588.0,104588.0,1.6257983,0.0,0.0,under_construction,confirmed
nipsco-genco-schahfer-wheatfield-in,-87.0592,41.1911,Match,18,73,100800,4010,18073100800,Indiana, Jasper County,"Chicago-Naperville-Elgin, IL-IN",7.255332,97750.0,90767.0,113207.0,113207.0,0.86346251,0.0,1.0,permitted,reported
1623-farnam-omaha-ne,-95.9375,41.2578,Match,31,55,1800,3010,31055001800,Nebraska, Douglas County,"Omaha, NE-IA",16.076363,105147.0,99751.0,109980.0,109980.0,0.95605564,0.0,0.0,operational,confirmed
bit-mining-viking-akron-summit-county-oh,-81.473621,41.050056,Match,39,153,503600,1025,39153503600,Ohio, Summit County,"Akron, OH",12.30808,68357.0,92749.0,95658.0,95658.0,0.71459782,0.0,0.0,operational,confirmed
host-digital-northeast-oklahoma-ok,-95.9928,36.154,Match,40,143,2500,1044,40143002500,Oklahoma, Tulsa County,"Tulsa, OK",23.428375,72317.0,82385.0,88320.0,88320.0,0.81880659,1.0,0.0,operational,reported
