Unique ID,Longitude (X),Latitude (Y),Match,State_Code,County_Code,Tract_Code,Block_Code,GEOID,state,county,cbsa,poverty_rate,mfi,state_mfi,cbsa_mfi,area_mfi,mfi_ratio,eligible_lic,rural_status,DC_Status,DC_Confidence,GEO_fixed,both
digital-realty-silicon-valley-sjc30-ca,-121.9581107,37.3782874,Match,6,85,505202,2043,6085505202,California,Santa Clara County,"San Jose-Sunnyvale-Santa Clara, CA",19.125883,163550,113346,184762,184762,0.88519287,0,0,operational,reported,06085505202,0
cleanspark-brazoria-county-tx,-95.431,29.1694,Match,48,39,662300,4032,48039662300,Texas,Brazoria County,"Houston-Pasadena-The Woodlands, TX",17.309175,106053,94599,98582,98582,1.0757847,0,1,proposed,reported,48039662300,0
lerner-brightseat-tech-park-md,-76.868,38.931,Match,24,33,803508,2009,24033803508,Maryland,Prince George's County,"Washington-Arlington-Alexandria, DC-VA-MD-WV",26.019314,94348,127817,154653,154653,0.61006254,1,0,permitted,confirmed,24033803508,0
adp-ladysmith-data-hub-caroline-va,-77.5030262165529,38.00386898862997,Match,51,33,30502,1000,51033030502,Virginia,Caroline County,NA,12.431973,91045,115213,NA,115213,0.790232,0,1,proposed,reported,51033030502,0
coresite-la1-los-angeles-ca,-118.2555541,34.0478871,Match,6,37,207712,2010,6037207712,California,Los Angeles County,"Los Angeles-Long Beach-Anaheim, CA",26.686808,105106,113346,108949,108949,0.96472663,1,0,operational,reported,06037207712,0
stack-infrastructure-goldendale-data-center-wa,-120.8217,45.8213,Match,53,39,950103,2020,53039950103,Washington,Klickitat County,NA,17.966963,59287,118075,NA,118075,0.50211304,1,1,proposed,reported,53039950103,1
tierpoint-nashville-tn,-86.8556872,35.9245097,Match,47,187,50904,3007,47187050904,Tennessee,Williamson County,"Nashville-Davidson--Murfreesboro--Franklin, TN",5.8516197,135543,87314,105115,105115,1.2894734,0,0,operational,reported,47187050904,0
cleanspark-jellico-tn,-84.1306,36.5825,Match,47,13,950200,1050,47013950200,Tennessee,Campbell County,"Knoxville, TN",24.257425,79531,87314,92008,92008,0.86439222,1,1,operational,confirmed,47013950200,1
beale-project-blue-pima-county-az,-110.75,32.1,Match,4,19,4062,2000,4019004062,Arizona,Pima County,"Tucson, AZ",11.076828,127719,95980,90806,90806,1.406504,0,0,under_construction,confirmed,04019004062,0
isocentric-networks-tulsa-ok,-95.9928,36.154,Match,40,143,2500,1044,40143002500,Oklahoma,Tulsa County,"Tulsa, OK",23.428375,72317,82385,88320,88320,0.81880659,1,0,operational,reported,40143002500,0
long-ferry-road-rowan-county-nc,-80.3974,35.6944,Match,37,159,50901,1031,37159050901,North Carolina,Rowan County,"Charlotte-Concord-Gastonia, NC-SC",17.91292,62277,90290,102246,102246,0.60908985,1,1,proposed,reported,37159050901,1
digital-realty-727-s-grand-ave-la-ca,-118.257149,34.046823,Match,6,37,207712,1000,6037207712,California,Los Angeles County,"Los Angeles-Long Beach-Anaheim, CA",26.686808,105106,113346,108949,108949,0.96472663,1,0,proposed,reported,06037207712,0
applied-digital-jamestown-nd,-98.679092,47.029587,Match,38,93,967000,1329,38093967000,North Dakota,Stutsman County,NA,7.2864323,130789,104993,NA,104993,1.2456926,0,1,operational,confirmed,38093967000,0
alterra-development-marshall-mi,-84.955,42.276,Match,26,25,3900,3009,26025003900,Michigan,Calhoun County,"Battle Creek, MI",4.5114436,133058,93357,79554,79554,1.6725495,0,1,proposed,confirmed,26025003900,0
h5-data-centers-albuquerque-nm,-106.6512,35.0862,Match,35,1,2100,1030,35001002100,New Mexico,Bernalillo County,"Albuquerque, NM",21.513447,34821,79556,88526,88526,0.39334208,1,0,operational,reported,35001002100,0
stream-chicago-iii-ordc-elk-grove-village-il,-87.9703,42.0039,Match,17,31,770300,3018,17031770300,Illinois,Cook County,"Chicago-Naperville-Elgin, IL-IN",8.7209301,97601,106018,113207,113207,0.86214632,0,0,under_construction,reported,17031770300,0
aws-project-spectrum-somervell-county-tx,-97.7561,32.2373,Match,48,425,200,1021,48425000200,Texas,Somervell County,NA,7.0175438,99091,94599,NA,94599,1.0474846,0,1,proposed,reported,48425000200,0
ntt-ashburn-va2-data-center-va,-77.4576402,39.0250127,Match,51,107,611006,1014,51107611006,Virginia,Loudoun County,"Washington-Arlington-Alexandria, DC-VA-MD-WV",2.078522,211875,115213,154653,154653,1.3700025,0,0,operational,reported,51107611006,0
bitdeer-rockdale-tx,-97.0025,30.6549,Match,48,331,950700,1029,48331950700,Texas,Milam County,NA,8.4982748,102819,94599,NA,94599,1.0868931,0,1,operational,confirmed,48331950700,0
google-jackson-county-stevenson-al,-85.755,34.8842,Match,1,71,950302,1055,1071950302,Alabama,Jackson County,NA,35.121952,45938,83032,NA,83032,0.55325657,1,1,operational,confirmed,01071950302,1
google-stillwater-ok,-97.06,36.14,Match,40,119,10102,4009,40119010102,Oklahoma,Payne County,NA,37.76091,66797,82385,NA,82385,0.81079078,1,1,under_construction,confirmed,40119010102,1
google-nebraska-ai-campus-proposed,-96.371,40.474,Match,31,97,967500,2017,31097967500,Nebraska,Johnson County,NA,7.2952852,89000,99751,NA,99751,0.89222163,0,1,proposed,reported,31097967500,0
sholes-wind-energy-center-wayne-ne,-97.0178,42.2308,Match,31,179,978700,4034,31179978700,Nebraska,Wayne County,NA,18.938627,80625,99751,NA,99751,0.80826259,0,1,operational,reported,31179978700,0
lumen-cincinnati-1-oh,-84.5031833,39.1019019,Match,39,61,26500,2007,39061026500,Ohio,Hamilton County,"Cincinnati, OH-KY-IN",25.528219,106364,92749,104379,104379,1.0190172,1,0,operational,confirmed,39061026500,0
microsoft-boydton-bn-campus-mecklenburg-va,-78.36487,36.65969,Match,51,117,930600,1034,51117930600,Virginia,Mecklenburg County,NA,15.711947,83281,115213,NA,115213,0.72284377,0,1,operational,reported,51117930600,0
lumen-cleveland-1-oh,-81.6577764,41.5050658,Match,39,35,108301,2027,39035108301,Ohio,Cuyahoga County,"Cleveland, OH",26.6061,45333,92749,95803,95803,0.47318977,1,0,operational,reported,39035108301,0
valorc3-oklahoma-city-ok,-97.5164,35.4676,Match,40,109,980007,1008,40109980007,Oklahoma,Oklahoma County,"Oklahoma City, OK",28.117359,165278,82385,90681,90681,1.822631,0,0,operational,reported,40109980007,0
bitfarms-moses-lake-wa,-119.2781,47.1301,Match,53,25,11102,1012,53025011102,Washington,Grant County,NA,31.021801,65149,118075,NA,118075,0.55175948,1,1,under_construction,confirmed,53025011102,1
digital-realty-charlotte-nc,-80.9562,35.2422,Match,37,119,5919,2004,37119005919,North Carolina,Mecklenburg County,"Charlotte-Concord-Gastonia, NC-SC",2.6275587,111184,90290,102246,102246,1.0874166,0,0,permitted,confirmed,37119005919,0
flexential-charlotte-north-clt04-05-nc,-80.7657588,35.329773,Match,37,119,5533,1007,37119005533,North Carolina,Mecklenburg County,"Charlotte-Concord-Gastonia, NC-SC",13.614704,88625,90290,102246,102246,0.86678207,0,0,operational,reported,37119005533,0
riot-platforms-corsicana-tx,-96.47,32.09,Match,48,349,970800,1094,48349970800,Texas,Navarro County,NA,16.185696,90179,94599,NA,94599,0.95327646,0,1,operational,reported,48349970800,0
rattlesnake-creek-wind-dixon-ne,-96.8,42.35,Match,31,51,977800,1183,31051977800,Nebraska,Dixon County,NA,7.5299306,81719,99751,NA,99751,0.8192299,0,1,operational,confirmed,31051977800,0
cloverleaf-cherry-blossom-frenchtown-mi,-83.386,41.988,Match,26,115,831100,1025,26115831100,Michigan,Monroe County,"Monroe, MI",12.756114,89000,93357,95770,95770,0.92930979,0,1,proposed,confirmed,26115831100,0
burt-county-solar-tekamah-ne,-96.2214,41.7778,Match,31,21,963300,1108,31021963300,Nebraska,Burt County,NA,13.121019,86250,99751,NA,99751,0.86465299,0,1,proposed,reported,31021963300,0
valley-oak-shinn-street-fremont-ca,-121.983674,37.567072,Match,6,1,441924,3002,6001441924,California,Alameda County,"San Francisco-Oakland-Fremont, CA",9.6995258,206944,113346,164296,164296,1.2595803,0,0,proposed,reported,06001441924,0
nautilus-cryptomine-building-1-pa,-76.1514194,41.0826255,Match,42,79,216100,2016,42079216100,Pennsylvania,Luzerne County,"Scranton--Wilkes-Barre, PA",6.2263675,99441,100262,85514,85514,1.1628622,0,1,operational,reported,42079216100,0
davis-besse-nuclear-ottawa-county-oh,-83.08639,41.59667,Match,39,123,50800,1003,39123050800,Ohio,Ottawa County,"Sandusky, OH",4.6277666,99904,92749,93585,93585,1.0675215,0,1,operational,confirmed,39123050800,0
logix-reality-frankfort-clinton-county-in,-86.5108,40.2792,Match,18,23,950800,1009,18023950800,Indiana,Clinton County,NA,18.468084,72706,90767,NA,90767,0.801018,0,1,cancelled,reported,18023950800,0
flexential-denver-downtown-champa-co,-104.9941589,39.7459702,Match,8,31,1707,2000,8031001707,Colorado,Denver County,"Denver-Aurora-Centennial, CO",7.9661016,250000,119139,132002,132002,1.8939106000000001,0,0,operational,reported,08031001707,0
google-project-dazzler-franklin-furnace-oh,-82.72,38.68,Match,39,145,2700,3050,39145002700,Ohio,Scioto County,NA,10.206637,86202,92749,NA,92749,0.92941165,0,1,permitted,confirmed,39145002700,0
lightedge-ames-ia,-93.6319,42.0308,Match,19,169,500,2009,19169000500,Iowa,Story County,"Ames, IA",58.213985,29189,97491,114739,114739,0.25439477,1,0,proposed,reported,19169000500,0
intermountain-power-delta-ut,-112.57998,39.51034,Match,49,27,974100,1020,49027974100,Utah,Millard County,NA,9.0486336,78261,109675,NA,109675,0.71357191,0,1,operational,confirmed,49027974100,0
tract-project-range-buckeye-goodyear-az,-112.512,33.435,Match,4,13,50613,3000,4013050613,Arizona,Maricopa County,"Phoenix-Mesa-Chandler, AZ",0.73900503,107012,95980,103615,103615,1.0327848,0,0,proposed,reported,04013050613,0
h5-data-centers-st-paul-mn,-93.167,44.974,Match,27,123,30100,3000,27123030100,Minnesota,Ramsey County,"Minneapolis-St. Paul-Bloomington, MN-WI",5.7188067,137926,113993,126705,126705,1.08856,0,0,operational,reported,27123030100,0
meta-kuna-id,-116.418,43.491,Match,16,1,10404,2013,16001010404,Idaho,Ada County,"Boise City, ID",14.984552,89203,92668,101292,101292,0.88065195,0,1,under_construction,confirmed,16001010404,0
cyrusone-new-albany-col1-licking-county-oh,-82.718059,40.09294,Match,39,89,755601,1031,39089755601,Ohio,Licking County,"Columbus, OH",2.3718438,170039,92749,104588,104588,1.6257983,0,0,under_construction,confirmed,39089755601,0
viking-energy-center-cedar-falls-ia,-92.4805,42.4905,Match,19,13,2606,1000,19013002606,Iowa,Black Hawk County,"Waterloo-Cedar Falls, IA",6.8850636,202067,97491,90741,90741,2.2268546,0,0,permitted,reported,19013002606,0
flexential-las-vegas-north-las04-nv,-115.1012553,36.2481633,Match,32,3,3626,1021,32003003626,Nevada,Clark County,"Las Vegas-Henderson-North Las Vegas, NV",7.1932297,128480,92663,89785,89785,1.430974,0,0,operational,reported,32003003626,0
vermaland-la-osa-eloy-az,-111.55,32.75,Match,4,21,2004,1066,4021002004,Arizona,Pinal County,"Phoenix-Mesa-Chandler, AZ",30.74262,54046,95980,103615,103615,0.521604,1,1,cancelled,reported,04021002004,1
cleanspark-twin-city-ga,-82.1551,32.5829,Match,13,107,970101,2099,13107970101,Georgia,Emanuel County,NA,24.098961,68924,93754,NA,93754,0.73515797,1,1,operational,confirmed,13107970101,1
digital-realty-ord11-il,-87.6299404,41.8743036,Match,17,31,839000,1000,17031839000,Illinois,Cook County,"Chicago-Naperville-Elgin, IL-IN",15.946844,170407,106018,113207,113207,1.5052691,0,0,operational,reported,17031839000,0
compass-statesville-nc,-80.8873,35.7826,Match,37,97,60300,3000,37097060300,North Carolina,Iredell County,"Charlotte-Concord-Gastonia, NC-SC",25.135233,58234,90290,102246,102246,0.56954795,1,1,proposed,confirmed,37097060300,1
duke-energy-buck-combustion-turbines-rowan-county-nc,-80.37694,35.71194,Match,37,159,50901,1007,37159050901,North Carolina,Rowan County,"Charlotte-Concord-Gastonia, NC-SC",17.91292,62277,90290,102246,102246,0.60908985,1,1,proposed,reported,37159050901,1
dc-blox-atlanta-west-ga,-84.6608,33.7882,Match,13,97,80204,1020,13097080204,Georgia,Douglas County,"Atlanta-Sandy Springs-Roswell, GA",5.9840426,78728,93754,107388,107388,0.73311728,0,0,under_construction,confirmed,13097080204,0
tierpoint-kansas-city-lenexa-ks,-94.7552326,38.9406295,Match,20,91,980001,1035,20091980001,Kansas,Johnson County,"Kansas City, MO-KS",NA,NA,95810,106867,106867,NA,0,0,operational,reported,20091980001,0
cascade-advanced-energy-facility-wa,-119.3339,46.4706,Match,53,5,12000,1013,53005012000,Washington,Benton County,"Kennewick-Richland, WA",NA,NA,118075,101145,101145,NA,0,0,proposed,confirmed,53005012000,0
tierpoint-baltimore-bwi-md,-76.682834,39.213455,Match,24,3,751200,2012,24003751200,Maryland,Anne Arundel County,"Baltimore-Columbia-Towson, MD",3.0109146,144336,127817,126229,126229,1.1434456,0,0,operational,reported,24003751200,0
agriforce-east-palestine-columbiana-oh,-80.5432,40.8326,Match,39,29,951500,5025,39029951500,Ohio,Columbiana County,NA,17.938931,56106,92749,NA,92749,0.60492295,1,1,operational,reported,39029951500,1
copt-defense-properties-van-meter-ia,-93.9469,41.5031,Match,19,121,60101,2013,19121060101,Iowa,Madison County,"Des Moines-West Des Moines, IA",5.3378029,122170,97491,110255,110255,1.1080676,0,0,proposed,reported,19121060101,0
digihost-north-tonawanda-ny,-78.85360658271534,43.0483121591696,Match,36,63,22804,2019,36063022804,New York,Niagara County,"Buffalo-Cheektowaga, NY",8.7682676,81429,106873,96701,96701,0.84206986,0,0,operational,confirmed,36063022804,0
equinix-sv2-ca,-121.9549839,37.3784704,Match,6,85,505202,2042,6085505202,California,Santa Clara County,"San Jose-Sunnyvale-Santa Clara, CA",19.125883,163550,113346,184762,184762,0.88519287,0,0,operational,reported,06085505202,0
bitdeer-whitetail-creek-trumbull-county-oh,-80.77,41.19,Match,39,155,932801,2005,39155932801,Ohio,Trumbull County,"Youngstown-Warren, OH",12.769354,64239,92749,76609,76609,0.83853072,0,0,proposed,reported,39155932801,0
microsoft-conover-catawba-county-nc,-81.2184,35.7065,Match,37,35,10102,1014,37035010102,North Carolina,Catawba County,"Hickory-Lenoir-Morganton, NC",13.216314,95162,90290,76116,76116,1.2502234,0,1,under_construction,confirmed,37035010102,0
switch-las-vegas-14-nv,-115.2213882,36.0629139,Match,32,3,2979,1029,32003002979,Nevada,Clark County,"Las Vegas-Henderson-North Las Vegas, NV",4.1470127,104167,92663,89785,89785,1.1601827,0,0,operational,reported,32003002979,0
aligned-conesville-oh,-81.83,40.27,Match,39,31,961700,1019,39031961700,Ohio,Coshocton County,NA,16.47315,90200,92749,NA,92749,0.97251725,0,1,under_construction,reported,39031961700,0
cyrusone-pnw1-quincy-wa,-119.8528,47.2334,Match,53,25,10600,2019,53025010600,Washington,Grant County,NA,8.8303165,90379,118075,NA,118075,0.76543725,0,1,operational,confirmed,53025010600,0
bobcat-energy-center-ia,-92.908,42.0494,Match,19,127,950500,4027,19127950500,Iowa,Marshall County,NA,12.927009,76912,97491,NA,97491,0.78891385,0,1,permitted,confirmed,19127950500,0
vaultas-st-cloud-mn,-94.2023528,45.5405392,Match,27,145,401,1003,27145000401,Minnesota,Stearns County,"St. Cloud, MN",18.213207,77226,113993,99597,99597,0.77538478,0,0,proposed,reported,27145000401,0
aws-pdx154-boardman-airport-or,-119.81621,45.81556,Match,41,49,970101,3064,41049970101,Oregon,Morrow County,NA,14.84708,76777,102281,NA,102281,0.75064772,0,1,permitted,reported,41049970101,0
aws-resilient-technology-park-shreveport-la,-93.7477839,32.5135356,Match,22,17,25300,3039,22017025300,Louisiana,Caddo Parish,"Shreveport-Bossier City, LA",61.094223,14367,79407,75242,75242,0.19094388,1,0,proposed,reported,22017025300,0
stack-svy01-ca,-121.891051,37.4027449,Match,6,85,504322,2001,6085504322,California,Santa Clara County,"San Jose-Sunnyvale-Santa Clara, CA",14.22895,177746,113346,184762,184762,0.96202683,0,0,operational,reported,06085504322,0
data-holdings-milwaukee-wi,-87.9540068,43.0437366,Match,55,79,13600,3002,55079013600,Wisconsin,Milwaukee County,"Milwaukee-Waukesha, WI",41.099346,80000,100141,104346,104346,0.76668006,1,0,operational,confirmed,55079013600,0
tract-buckeye-tech-corridor-az,-112.7203,33.4136,Match,4,13,50604,2022,4013050604,Arizona,Maricopa County,"Phoenix-Mesa-Chandler, AZ",9.8280096,86481,95980,103615,103615,0.83463782,0,0,permitted,reported,04013050604,0
aws-butts-county-ga,-83.9663,33.2946,Match,13,35,150201,1032,13035150201,Georgia,Butts County,"Atlanta-Sandy Springs-Roswell, GA",19.040953,50618,93754,107388,107388,0.47135621,1,1,proposed,confirmed,13035150201,1
spalding-investments-high-falls-road-campus-ga,-84.2641,33.2468,Match,13,255,161202,1011,13255161202,Georgia,Spalding County,"Atlanta-Sandy Springs-Roswell, GA",21.699545,76654,93754,107388,107388,0.71380413,1,1,permitted,reported,13255161202,1
hostdime-eatonville-fl,-81.3806,28.6106,Match,12,95,18000,2022,12095018000,Florida,Orange County,"Orlando-Kissimmee-Sanford, FL",21.839081,56818,89891,91538,91538,0.620704,1,0,under_construction,confirmed,12095018000,0
crg-festus-data-center-mo,-90.399,38.2192,Match,29,99,700801,5031,29099700801,Missouri,Jefferson County,"St. Louis, MO-IL",14.089858,84715,91360,105167,105167,0.80552834,0,0,permitted,reported,29099700801,0
ryan-companies-project-swan-lakeland-fl,-82.0054,28.0305,Match,12,105,12003,1030,12105012003,Florida,Polk County,"Lakeland-Winter Haven, FL",8.0545225,77193,89891,76474,76474,1.0094019,0,0,proposed,reported,12105012003,0
armstrong-power-south-bend-township-armstrong-county-pa,-79.417,40.667,Match,42,5,951700,1002,42005951700,Pennsylvania,Armstrong County,"Pittsburgh, PA",5.6881814,95521,100262,102107,102107,0.93549901,0,1,operational,reported,42005951700,0
ocosa-321-south-boston-tulsa-ok,-95.9905,36.1535,Match,40,143,2500,1062,40143002500,Oklahoma,Tulsa County,"Tulsa, OK",23.428375,72317,82385,88320,88320,0.81880659,1,0,operational,reported,40143002500,0
menlo-digital-jamestown-drive-petersburg-va,-77.363,37.199,Match,51,730,811200,1000,51730811200,Virginia,Petersburg city,"Richmond, VA",14.890852,47371,115213,110863,110863,0.42729315,1,0,permitted,confirmed,51730811200,0
databank-pit2-summit-park-pittsburgh-pa,-80.1697,40.4433,Match,42,3,459201,2026,42003459201,Pennsylvania,Allegheny County,"Pittsburgh, PA",4.6615491,127574,100262,102107,102107,1.2494148,0,0,operational,reported,42003459201,0
novva-west-jordan-power-ut,-112.04576,40.57389,Match,49,35,115211,3028,49035115211,Utah,Salt Lake County,"Salt Lake City-Murray, UT",7.4424343,137180,109675,116518,116518,1.1773288,0,0,permitted,confirmed,49035115211,0
peak-mining-texas-1-corpus-christi-tx,-97.4263,27.8487,Match,48,355,6300,1001,48355006300,Texas,Nueces County,"Corpus Christi, TX",34.827194,49920,94599,79893,79893,0.62483573,1,0,operational,confirmed,48355006300,0
stack-hillsboro-or,-122.9898,45.5229,Match,41,67,32604,3014,41067032604,Oregon,Washington County,"Portland-Vancouver-Hillsboro, OR-WA",6.2601986,109008,102281,119276,119276,0.91391397,0,0,proposed,reported,41067032604,0
coresite-at1-atlanta-ga-ga,-84.3911712,33.7559857,Match,13,121,11901,1032,13121011901,Georgia,Fulton County,"Atlanta-Sandy Springs-Roswell, GA",23.299101,NA,93754,107388,107388,NA,1,0,operational,reported,13121011901,0
coresite-la2-los-angeles-ca-ca,-118.2359144,34.0584789,Match,6,37,206020,1015,6037206020,California,Los Angeles County,"Los Angeles-Long Beach-Anaheim, CA",7.5555553,156316,113346,108949,108949,1.4347631,0,0,operational,reported,06037206020,0
stack-stafford-technology-campus-va,-77.485,38.365,Match,51,179,10304,3004,51179010304,Virginia,Stafford County,"Washington-Arlington-Alexandria, DC-VA-MD-WV",9.7730227,103765,115213,154653,154653,0.67095369,1,1,permitted,confirmed,51179010304,1
flexential-salt-lake-city-downtown-ut,-111.9548375,40.7563065,Match,49,35,114500,3015,49035114500,Utah,Salt Lake County,"Salt Lake City-Murray, UT",13.612904,101516,109675,116518,116518,0.87124735,0,0,operational,reported,49035114500,0
rowan-bauxite-ii-frederick-md,-77.515,39.34,Match,24,21,752502,2021,24021752502,Maryland,Frederick County,"Washington-Arlington-Alexandria, DC-VA-MD-WV",4.7817836,157986,127817,154653,154653,1.0215515,0,1,permitted,confirmed,24021752502,0
wylie-capital-broadway-merrillville-in,-87.3328,41.4828,Match,18,89,42503,1001,18089042503,Indiana,Lake County,"Chicago-Naperville-Elgin, IL-IN",6.3011971,88125,90767,113207,113207,0.77844125,0,0,proposed,reported,18089042503,0
stack-nova-loudoun-va,-77.49,39.04,Match,51,107,611005,3001,51107611005,Virginia,Loudoun County,"Washington-Arlington-Alexandria, DC-VA-MD-WV",3.6146824,213000,115213,154653,154653,1.3772769,0,0,permitted,confirmed,51107611005,0
iep-hummingbird-power-plant-greene-county-pa,-79.92,39.79,Match,42,59,970800,2022,42059970800,Pennsylvania,Greene County,NA,12.432153,78900,100262,NA,100262,0.78693825,0,1,proposed,reported,42059970800,0
green-energy-ventures-king-george-technology-center-va,-77.29011580291154,38.250254083928,Match,51,99,40400,3029,51099040400,Virginia,King George County,NA,6.6543126,113840,115213,NA,115213,0.98808295,0,1,proposed,reported,51099040400,0
qts-eagle-mountain-ut,-111.9847,40.3155,Match,49,49,10114,1000,49049010114,Utah,Utah County,"Provo-Orem-Lehi, UT",2.173167,106508,109675,110937,110937,0.96007645,0,1,under_construction,reported,49049010114,0
apple-reno-nv,-119.554805,39.563085,Match,32,31,3501,3103,32031003501,Nevada,Washoe County,"Reno, NV",8.5920582,125379,92663,104602,104602,1.1986291,0,0,operational,confirmed,32031003501,0
cleanspark-decatur-tn,-84.7902,35.5148,Match,47,121,960200,1092,47121960200,Tennessee,Meigs County,NA,18.958292,68886,87314,NA,87314,0.78894562,0,1,operational,confirmed,47121960200,0
cyrusone-nva8-sterling-va,-77.4132443,39.0211789,Match,51,107,611502,1004,51107611502,Virginia,Loudoun County,"Washington-Arlington-Alexandria, DC-VA-MD-WV",7.9087348,151591,115213,154653,154653,0.98020083,0,0,operational,reported,51107611502,0
digital-realty-sfo12-365-main-street-ca,-122.390469,37.788731,Match,6,75,61505,1000,6075061505,California,San Francisco County,"San Francisco-Oakland-Fremont, CA",1.7297298,250000,113346,164296,164296,1.5216439,0,0,operational,reported,06075061505,0
markley-lowell-ma,-71.3162,42.6334,Match,25,17,311800,1000,25017311800,Massachusetts,Middlesex County,"Boston-Cambridge-Newton, MA-NH",29.927385,99545,131675,145780,145780,0.68284398,1,0,operational,confirmed,25017311800,0
miningstore-grundy-center-ia,-92.925,42.37,Match,19,75,960400,1049,19075960400,Iowa,Grundy County,"Waterloo-Cedar Falls, IA",3.1122448,101042,97491,90741,90741,1.1135209,0,1,cancelled,confirmed,19075960400,0
google-botetourt-greenfield-va,-79.89,37.42,Match,51,23,40303,1015,51023040303,Virginia,Botetourt County,"Roanoke, VA",4.6639509,118875,115213,89156,89156,1.3333371,0,0,permitted,confirmed,51023040303,0
entergy-franklin-farms-power-station-la,-91.632333,32.477149,Match,22,83,970300,2072,22083970300,Louisiana,Richland Parish,"Monroe, LA",13.783784,80435,79407,67964,67964,1.1834942,0,1,under_construction,confirmed,22083970300,0
serverfarm-ch1-chicago-il,-87.6392312,41.8717114,Match,17,31,841900,2002,17031841900,Illinois,Cook County,"Chicago-Naperville-Elgin, IL-IN",15.074981,191675,106018,113207,113207,1.6931374,0,0,operational,confirmed,17031841900,0
vantage-douglasville-campus-ga,-84.7477,33.7515,Match,13,97,80304,2013,13097080304,Georgia,Douglas County,"Atlanta-Sandy Springs-Roswell, GA",13.08226,87083,93754,107388,107388,0.81091928,0,0,proposed,reported,13097080304,0
karis-critical-deep-river-merrillville-in,-87.27,41.47,Match,18,89,42301,1010,18089042301,Indiana,Lake County,"Chicago-Naperville-Elgin, IL-IN",2.8268552,118259,90767,113207,113207,1.0446262,0,0,proposed,reported,18089042301,0
nebius-vineland-nj,-74.992,39.4862,Match,34,11,40702,2012,34011040702,New Jersey,Cumberland County,"Vineland, NJ",11.467764,85109,127025,80948,80948,1.0514034,0,0,operational,confirmed,34011040702,0
plan-c-crypto-fayetteville-cumberland-county-nc,-78.97722,35.085,Match,37,51,3304,3000,37051003304,North Carolina,Cumberland County,"Fayetteville, NC",16.048307,69760,90290,73956,73956,0.94326359,0,0,operational,reported,37051003304,0
lumen-norristown-pa,-75.4086586,40.127067,Match,42,91,206006,2002,42091206006,Pennsylvania,Montgomery County,"Philadelphia-Camden-Wilmington, PA-NJ-DE-MD",5.0296783,160313,100262,116434,116434,1.3768573,0,0,operational,reported,42091206006,0
novva-colorado-springs-co,-104.8164434,39.0130116,Match,8,41,7205,2023,8041007205,Colorado,El Paso County,"Colorado Springs, CO",8.1322489,126217,119139,108260,108260,1.1658692,0,0,operational,confirmed,08041007205,0
culpeper-brandy-station-va,-77.8863,38.5095,Match,51,47,930400,1009,51047930400,Virginia,Culpeper County,"Washington-Arlington-Alexandria, DC-VA-MD-WV",8.0427446,108750,115213,154653,154653,0.70318711,0,1,cancelled,reported,51047930400,0
radiusdc-nashville-i-tn,-86.7837,36.27987,Match,47,37,10201,2000,47037010201,Tennessee,Davidson County,"Nashville-Davidson--Murfreesboro--Franklin, TN",6.4509077,95722,87314,105115,105115,0.91064072,0,0,under_construction,confirmed,47037010201,0
atlas-compute-ai-data-center-campus-fort-pierce-fl,-80.33,27.44,Match,12,111,380500,4022,12111380500,Florida,St. Lucie County,"Port St. Lucie, FL",40.649807,48182,89891,88673,88673,0.54336721,1,0,proposed,confirmed,12111380500,0
nuvu-county-drive-petersburg-va,-77.376,37.193,Match,51,730,811100,3008,51730811100,Virginia,Petersburg city,"Richmond, VA",4.7239614,74141,115213,110863,110863,0.66876233,1,0,permitted,confirmed,51730811100,0
switch-pyramid-campus-grand-rapids-mi,-85.64,42.823,Match,26,81,14805,3002,26081014805,Michigan,Kent County,"Grand Rapids-Wyoming-Kentwood, MI",4.3761997,135071,93357,101026,101026,1.3369925,0,0,under_construction,confirmed,26081014805,0
blusky-ai-milford-ut,-113.0111,38.3936,Match,49,1,100200,3071,49001100200,Utah,Beaver County,NA,7.0814714,85714,109675,NA,109675,0.78152722,0,1,proposed,reported,49001100200,0
poolside-project-horizon-pecos-county-tx,-102.8796,30.8938,Match,48,371,950300,1136,48371950300,Texas,Pecos County,NA,34.636303,NA,94599,NA,94599,NA,1,1,proposed,reported,48371950300,1
flexential-dallas-downtown-dallas-tx,-96.8193707,32.8004101,Match,48,113,10001,4009,48113010001,Texas,Dallas County,"Dallas-Fort Worth-Arlington, TX",34.268063,43662,94599,108711,108711,0.40163368,1,0,operational,reported,48113010001,0
netrality-210-north-tucker-st-louis-mo,-90.1971749,38.6292617,Match,29,510,125600,3014,29510125600,Missouri,St. Louis city,"St. Louis, MO-IL",21.405428,121983,91360,105167,105167,1.159898,1,0,operational,reported,29510125600,0
qts-blue-hole-blakely-ga,-84.9346,31.3763,Match,13,99,90400,1020,13099090400,Georgia,Early County,NA,25.425686,79018,93754,NA,93754,0.84282273,1,1,permitted,confirmed,13099090400,1
immersionbtc-walnut-ridge-ar,-90.9526,36.0684,Match,5,75,470502,5039,5075470502,Arkansas,Lawrence County,NA,25.280899,60508,76968,NA,76968,0.78614491,1,1,operational,confirmed,05075470502,1
pennhurst-data-center-east-vincent-chester-county-pa,-75.560162,40.193717,Match,42,29,311000,4007,42029311000,Pennsylvania,Chester County,"Philadelphia-Camden-Wilmington, PA-NJ-DE-MD",13.330621,183611,100262,116434,116434,1.5769534,0,0,proposed,reported,42029311000,0
aws-umatilla-city-or,-119.34252,45.91735,Match,41,59,950900,1105,41059950900,Oregon,Umatilla County,NA,17.445255,72319,102281,NA,102281,0.70706195,0,1,operational,confirmed,41059950900,0
coresite-bowers-santa-clara-ca,-121.974,37.389,Match,6,85,505010,2042,6085505010,California,Santa Clara County,"San Jose-Sunnyvale-Santa Clara, CA",9.913702,203478,113346,184762,184762,1.1012979,0,0,permitted,confirmed,06085505010,0
coresite-or1-orlando-fl,-81.420781,28.429212,Match,12,95,17001,3074,12095017001,Florida,Orange County,"Orlando-Kissimmee-Sanford, FL",6.5131207,76503,89891,91538,91538,0.8357513,0,0,operational,confirmed,12095017001,0
soluna-project-ellen-rio-hondo-tx,-97.5814,26.2373,Match,48,61,10101,3023,48061010101,Texas,Cameron County,"Brownsville-Harlingen, TX",16.195013,71573,94599,60288,60288,1.1871848,0,1,proposed,reported,48061010101,0
jailhouse-studios-chattanooga-tn,-85.30949,35.04572,Match,47,65,3100,1004,47065003100,Tennessee,Hamilton County,"Chattanooga, TN-GA",14.425694,247695,87314,91131,91131,2.7180104,0,0,proposed,confirmed,47065003100,0
long-ridge-hannibal-power-plant-monroe-oh,-80.869646,39.6603665,Match,39,111,966600,4035,39111966600,Ohio,Monroe County,NA,13.911439,72619,92749,NA,92749,0.78296262,0,1,operational,reported,39111966600,0
meta-kansas-city-northland-mo,-94.705,39.247,Match,29,165,30208,2027,29165030208,Missouri,Platte County,"Kansas City, MO-KS",3.3230941,175707,91360,106867,106867,1.6441652,0,0,operational,confirmed,29165030208,0
atlas-coosa-project-gracie-floyd-ga,-85.1647,34.257,Match,13,115,600,2043,13115000600,Georgia,Floyd County,"Rome, GA",27.820053,52034,93754,80531,80531,0.64613628,1,1,permitted,reported,13115000600,1
mawson-midland-pa,-80.3968,40.6532,Match,42,7,602701,1019,42007602701,Pennsylvania,Beaver County,"Pittsburgh, PA",12.484549,92417,100262,102107,102107,0.90509957,0,1,operational,confirmed,42007602701,0
metrobloks-liberty-mo,-94.4191,39.2459,Match,29,47,21401,1026,29047021401,Missouri,Clay County,"Kansas City, MO-KS",4.7149124,128833,91360,106867,106867,1.2055452,0,0,proposed,reported,29047021401,0
aboutbit-merom-sullivan-county-in,-87.513056,39.067889,Match,18,153,50200,3047,18153050200,Indiana,Sullivan County,"Terre Haute, IN",11.007912,83750,90767,75147,75147,1.1144823,0,1,proposed,reported,18153050200,0
trex-peakdigital-orofino-id,-116.254,46.4794,Match,16,35,940002,1034,16035940002,Idaho,Clearwater County,NA,15.499334,79901,92668,NA,92668,0.86222857,0,1,operational,confirmed,16035940002,0
salcido-horizon-quincy-wa,-119.85,47.236,Match,53,25,10600,4023,53025010600,Washington,Grant County,NA,8.8303165,90379,118075,NA,118075,0.76543725,0,1,operational,reported,53025010600,0
takanock-project-baccara-maricopa-county-az,-112.3703,33.5685,Match,4,13,61044,4017,4013061044,Arizona,Maricopa County,"Phoenix-Mesa-Chandler, AZ",7.7147155,123046,95980,103615,103615,1.1875308,0,0,permitted,confirmed,04013061044,0
aws-benton-bossier-parish-la,-93.74,32.77,Match,22,15,11201,4008,22015011201,Louisiana,Bossier Parish,"Shreveport-Bossier City, LA",19.523809,62875,79407,75242,75242,0.83563703,0,1,under_construction,confirmed,22015011201,0
liquidcool-loring-afb-me,-67.8849,46.9502,Match,23,3,951600,3005,23003951600,Maine,Aroostook County,NA,16.367266,74000,96912,NA,96912,0.76357931,0,1,proposed,confirmed,23003951600,0
apple-mesa-az,-111.6012177,33.3615205,Match,4,13,422650,1000,4013422650,Arizona,Maricopa County,"Phoenix-Mesa-Chandler, AZ",2.2045536,104125,95980,103615,103615,1.004922,0,0,operational,confirmed,04013422650,0
google-arcola-loudoun-va,-77.5253232,38.9432462,Match,51,107,611812,1000,51107611812,Virginia,Loudoun County,"Washington-Arlington-Alexandria, DC-VA-MD-WV",5.7665586,168958,115213,154653,154653,1.0924973,0,0,operational,reported,51107611812,0
dc-blox-myrtle-beach-cls-sc,-78.9440697,33.6746096,Match,45,51,51000,2038,45051051000,South Carolina,Horry County,"Myrtle Beach-Conway-North Myrtle Beach, SC",5.4380665,104722,86707,79345,79345,1.3198311,0,1,operational,confirmed,45051051000,0
suncap-stowe-township-allegheny-county-pa,-80.064,40.469,Match,42,3,464400,1039,42003464400,Pennsylvania,Allegheny County,"Pittsburgh, PA",38.309551,41010,100262,102107,102107,0.40163749,1,0,proposed,reported,42003464400,0
tallgrass-cheyenne-power-hub-wy,-104.83,41.02,Match,56,21,1902,1201,56021001902,Wyoming,Laramie County,"Cheyenne, WY",2.5748377,123052,96997,99600,99600,1.2354618,0,0,permitted,confirmed,56021001902,0
homer-city-energy-campus-pa,-79.1542,40.5383,Match,42,63,961700,1052,42063961700,Pennsylvania,Indiana County,NA,8.0427446,81111,100262,NA,100262,0.80899042,0,1,under_construction,reported,42063961700,0
powerhouse-reno-storey-county-nv,-119.4990959,39.5602824,Match,32,29,970200,1049,32029970200,Nevada,Storey County,"Reno, NV",7.0582547,121477,92663,104602,104602,1.1613258,0,1,under_construction,reported,32029970200,0
iron-mountain-chi1-des-plaines-il,-87.8811913,42.0116575,Match,17,31,806502,4031,17031806502,Illinois,Cook County,"Chicago-Naperville-Elgin, IL-IN",5.9662776,117778,106018,113207,113207,1.0403774,0,0,operational,confirmed,17031806502,0
milligan-1-wind-saline-ne,-97.3903,40.5011,Match,31,59,91600,2175,31059091600,Nebraska,Fillmore County,NA,11.773117,90417,99751,NA,99751,0.90642703,0,1,operational,confirmed,31059091600,0
t5-charlotte-nc,-81.395039,35.2504249,Match,37,45,950601,1028,37045950601,North Carolina,Cleveland County,NA,12.539109,77096,90290,NA,90290,0.85387087,0,1,operational,reported,37045950601,0
element-critical-chicago-two-il,-87.9671756,41.9742269,Match,17,43,840101,4053,17043840101,Illinois,DuPage County,"Chicago-Naperville-Elgin, IL-IN",7.2818232,95225,106018,113207,113207,0.84115821,0,0,operational,reported,17043840101,0
switch-las-vegas-5-nv,-115.0766965,36.1427635,Match,32,3,1615,2000,32003001615,Nevada,Clark County,"Las Vegas-Henderson-North Las Vegas, NV",23.127853000000002,41289,92663,89785,89785,0.45986524,1,0,operational,reported,32003001615,0
aws-laveen-az,-112.1669,33.3727,Match,4,13,116610,2022,4013116610,Arizona,Maricopa County,"Phoenix-Mesa-Chandler, AZ",8.6109972,118716,95980,103615,103615,1.1457415,0,0,proposed,reported,04013116610,0
cloudhq-lc3-va,-77.4604251,39.0112123,Match,51,107,611020,3009,51107611020,Virginia,Loudoun County,"Washington-Arlington-Alexandria, DC-VA-MD-WV",0.73657423,155417,115213,154653,154653,1.00494,0,0,under_construction,reported,51107611020,0
cipher-digital-odessa-tx,-102.3676,31.8457,Match,48,135,3100,1071,48135003100,Texas,Ector County,"Odessa, TX",11.898017,95465,94599,81330,81330,1.1737981,0,0,operational,confirmed,48135003100,0
aligned-pdx-01-or,-122.9492507,45.5540594,Match,41,67,32603,5020,41067032603,Oregon,Washington County,"Portland-Vancouver-Hillsboro, OR-WA",2.2013981,143430,102281,119276,119276,1.2025051,0,0,operational,reported,41067032603,0
databank-pit1-pittsburgh-pa,-80.0086,40.4479,Match,42,3,981200,1004,42003981200,Pennsylvania,Allegheny County,"Pittsburgh, PA",NA,NA,100262,102107,102107,NA,0,0,operational,reported,42003981200,0
edgecore-shannon-hill-louisa-va,-77.988,37.836,Match,51,75,400500,2011,51075400500,Virginia,Goochland County,"Richmond, VA",5.748116,99167,115213,110863,110863,0.89450043,0,1,proposed,reported,51075400500,0
radius-dc-raleigh-1-wake-county-nc,-78.5776,35.7289,Match,37,183,52807,2018,37183052807,North Carolina,Wake County,"Raleigh-Cary, NC",4.7447205,88970,90290,123586,123586,0.71990353,0,0,proposed,reported,37183052807,0
terawulf-hawesville-ky,-86.7569,37.8999,Match,21,91,960100,2020,21091960100,Kentucky,Hancock County,NA,18.879416,63427,81505,NA,81505,0.77819765,0,1,under_construction,confirmed,21091960100,0
flexential-portland-hillsboro-3-or,-122.9382011,45.5594805,Match,41,67,32603,5041,41067032603,Oregon,Washington County,"Portland-Vancouver-Hillsboro, OR-WA",2.2013981,143430,102281,119276,119276,1.2025051,0,0,operational,reported,41067032603,0
beaver-valley-power-station-beaver-county-pa,-80.43056,40.62333,Match,42,7,602900,1002,42007602900,Pennsylvania,Beaver County,"Pittsburgh, PA",8.1204729,120625,100262,102107,102107,1.1813588,0,1,operational,confirmed,42007602900,0
geobitmine-aberdeen-id,-112.8383,42.9442,Match,16,11,950300,5043,16011950300,Idaho,Bingham County,NA,12.050052,84563,92668,NA,92668,0.91253722,0,1,proposed,reported,16011950300,0
equinix-ch7-il,-87.9728504,41.8125627,Match,17,43,844702,4008,17043844702,Illinois,DuPage County,"Chicago-Naperville-Elgin, IL-IN",3.574702,250000,106018,113207,113207,2.208344,0,0,operational,reported,17043844702,0
cyrusone-sat2-sat4-san-antonio-tx,-98.6730474,29.4708878,Match,48,29,171928,1008,48029171928,Texas,Bexar County,"San Antonio-New Braunfels, TX",6.0285892,138589,94599,92961,92961,1.4908295,0,0,operational,reported,48029171928,0
digital-realty-ch2-il,-87.9577513,41.9945332,Match,17,31,770500,2068,17031770500,Illinois,Cook County,"Chicago-Naperville-Elgin, IL-IN",13.979497,76026,106018,113207,113207,0.67156625,1,0,operational,reported,17031770500,0
ntt-phoenix-ph1-data-center-az,-111.6124114,33.3536663,Match,4,13,422643,3009,4013422643,Arizona,Maricopa County,"Phoenix-Mesa-Chandler, AZ",4.384027,126538,95980,103615,103615,1.2212324,0,0,operational,reported,04013422643,0
crusoe-abilene-onsite-generation-tx,-99.788717,32.502213,Match,48,441,13200,1010,48441013200,Texas,Taylor County,"Abilene, TX",15.31376,59271,94599,85182,85182,0.69581604,1,0,operational,confirmed,48441013200,0
blue-ladder-wolcott-white-county-in,-87.0281,40.7581,Match,18,181,958300,1072,18181958300,Indiana,White County,NA,12.581433,90893,90767,NA,90767,1.0013882,0,1,permitted,reported,18181958300,0
flexential-cottonwood-heights-ut,-111.82565,40.61347,Match,49,35,111305,2022,49035111305,Utah,Salt Lake County,"Salt Lake City-Murray, UT",7.8599582,149148,109675,116518,116518,1.2800425,0,0,operational,reported,49035111305,0
sabey-intergate-east-building-5-sdc-east-5-wa,-122.2896655,47.491986,Match,53,33,27200,1004,53033027200,Washington,King County,"Seattle-Tacoma-Bellevue, WA",12.864721,91395,118075,140190,140190,0.65193665,1,0,operational,reported,53033027200,0
iron-mountain-white-oak-henrico-va,-77.427,37.556,Match,51,760,10900,4034,51760010900,Virginia,Richmond city,"Richmond, VA",8.2168427,66705,115213,110863,110863,0.60168856,1,0,proposed,confirmed,51760010900,0
stack-chi01-il,-87.9651767,42.006856,Match,17,31,770300,3002,17031770300,Illinois,Cook County,"Chicago-Naperville-Elgin, IL-IN",8.7209301,97601,106018,113207,113207,0.86214632,0,0,operational,reported,17031770300,0
sangha-systems-hennepin-il,-89.339,41.2489,Match,17,155,954600,1092,17155954600,Illinois,Putnam County,NA,7.4468083,95598,106018,NA,106018,0.9017148,0,1,operational,confirmed,17155954600,0
iron-mountain-azp-2-az,-111.9772945,33.4521575,Match,4,13,111203,1002,4013111203,Arizona,Maricopa County,"Phoenix-Mesa-Chandler, AZ",20.513998,79519,95980,103615,103615,0.76744682,1,0,operational,reported,04013111203,0
wintersburg-313-tonopah-az,-112.911,33.472,Match,4,13,50603,3079,4013050603,Arizona,Maricopa County,"Phoenix-Mesa-Chandler, AZ",11.781109,71250,95980,103615,103615,0.68764174,1,0,proposed,reported,04013050603,0
digital-realty-silicon-valley-sjc10-ca,-121.9533359,37.375822,Match,6,85,505202,2041,6085505202,California,Santa Clara County,"San Jose-Sunnyvale-Santa Clara, CA",19.125883,163550,113346,184762,184762,0.88519287,0,0,operational,reported,06085505202,0
aws-carters-store-tech-campus-spotsylvania-va,-77.4687,38.1911,Match,51,177,20206,1023,51177020206,Virginia,Spotsylvania County,"Washington-Arlington-Alexandria, DC-VA-MD-WV",6.4631157,116182,115213,154653,154653,0.75124311,0,1,permitted,reported,51177020206,0
senawave-salt-lake-city-ut,-111.8868,40.75962,Match,49,35,114000,2009,49035114000,Utah,Salt Lake County,"Salt Lake City-Murray, UT",11.681244,112355,109675,116518,116518,0.96427161,0,0,operational,reported,49035114000,0
centersquare-lax5-irvine-ca,-117.8366956,33.6847703,Match,6,59,75516,4001,6059075516,California,Orange County,"Los Angeles-Long Beach-Anaheim, CA",24.078167,129453,113346,108949,108949,1.1881981,1,0,operational,reported,06059075516,0
cyrusone-dfw3-dfw5-allen-tx,-96.6599516,33.1385206,Match,48,85,31418,2049,48085031418,Texas,Collin County,"Dallas-Fort Worth-Arlington, TX",4.4897957,208944,94599,108711,108711,1.9220134,0,0,operational,reported,48085031418,0
equinix-la3-el-segundo-ca,-118.3940556,33.9263426,Match,6,37,980013,1020,6037980013,California,Los Angeles County,"Los Angeles-Long Beach-Anaheim, CA",NA,NA,113346,108949,108949,NA,0,0,operational,reported,06037980013,0
abundant-mines-cascadelocks-or,-121.8931,45.6697,Match,41,27,950100,1067,41027950100,Oregon,Hood River County,NA,5.2491832,105938,102281,NA,102281,1.0357544,0,1,operational,confirmed,41027950100,0
qts-aurora-co,-104.7241,39.7113,Match,8,5,7108,2017,8005007108,Colorado,Arapahoe County,"Denver-Aurora-Centennial, CO",4.5275073,95865,119139,132002,132002,0.72623903,0,0,under_construction,reported,08005007108,0
segra-raleigh-garner-station-data-center-nc,-78.76194,35.85417,Match,37,183,980200,1014,37183980200,North Carolina,Wake County,"Raleigh-Cary, NC",NA,NA,90290,123586,123586,NA,0,0,operational,reported,37183980200,0
digital-realty-sfo10-ca,-122.3979543,37.7236272,Match,6,75,23300,2003,6075023300,California,San Francisco County,"San Francisco-Oakland-Fremont, CA",18.989,92708,113346,164296,164296,0.56427425,1,0,operational,reported,06075023300,0
cleanspark-maynardville-tn,-83.7974,36.2506,Match,47,173,40201,3011,47173040201,Tennessee,Union County,"Knoxville, TN",19.387754,62036,87314,92008,92008,0.67424572,1,1,operational,confirmed,47173040201,1
switch-las-vegas-12-nv,-115.2132922,36.0617389,Match,32,3,2979,1028,32003002979,Nevada,Clark County,"Las Vegas-Henderson-North Las Vegas, NV",4.1470127,104167,92663,89785,89785,1.1601827,0,0,operational,reported,32003002979,0
simple-mining-manchester-ia,-91.4515,42.4842,Match,19,55,950300,3030,19055950300,Iowa,Delaware County,NA,10.691244,81375,97491,NA,97491,0.83469242,0,1,permitted,confirmed,19055950300,0
aws-crosby-court-franklin-county-oh,-83.198633,40.10187,Match,39,49,6240,2018,39049006240,Ohio,Franklin County,"Columbus, OH",4.49933,130931,92749,104588,104588,1.251874,0,0,operational,reported,39049006240,0
databank-indo-cartersville-ga,-84.7996,34.1651,Match,13,15,960602,2010,13015960602,Georgia,Bartow County,"Atlanta-Sandy Springs-Roswell, GA",23.592756,95871,93754,107388,107388,0.89275336,1,1,proposed,reported,13015960602,1
tierpoint-omaha-bellevue-ne,-95.925,41.153,Match,31,153,10105,3006,31153010105,Nebraska,Sarpy County,"Omaha, NE-IA",8.3411732,85774,99751,109980,109980,0.77990544,0,0,operational,reported,31153010105,0
polaris-technologies-muskogee-ok,-95.3697,35.7479,Match,40,101,400,2060,40101000400,Oklahoma,Muskogee County,NA,43.928036,40938,82385,NA,82385,0.49691084,1,1,operational,confirmed,40101000400,1
iron-mountain-va-6-va,-77.5386481,38.7681429,Match,51,153,901409,8000,51153901409,Virginia,Prince William County,"Washington-Arlington-Alexandria, DC-VA-MD-WV",3.2232347,143786,115213,154653,154653,0.92973304,0,0,operational,reported,51153901409,0
mara-site-mat-1177-matagorda-tx,-95.97,28.95,Match,48,321,730400,1029,48321730400,Texas,Matagorda County,NA,37.252022,83309,94599,NA,94599,0.88065416,1,1,proposed,confirmed,48321730400,1
digital-realty-iad55-va,-77.4339218,38.9921932,Match,51,107,611020,3043,51107611020,Virginia,Loudoun County,"Washington-Arlington-Alexandria, DC-VA-MD-WV",0.73657423,155417,115213,154653,154653,1.00494,0,0,operational,reported,51107611020,0
bitdeer-knoxville-tn,-83.836066,35.941272,Match,47,93,5401,3022,47093005401,Tennessee,Knox County,"Knoxville, TN",10.528942,77969,87314,92008,92008,0.84741545,0,0,under_construction,reported,47093005401,0
green-data-socorro-county-nm,-106.8914,34.0584,Match,35,53,978303,1014,35053978303,New Mexico,Socorro County,NA,19.1313,78724,79556,NA,79556,0.98954195,0,1,cancelled,reported,35053978303,0
cyrusone-bosque-county-thad-hill-tx,-97.6564,31.9243,Match,48,35,950200,1051,48035950200,Texas,Bosque County,"Waco, TX",6.7447047,72153,94599,85306,85306,0.84581387,0,1,under_construction,reported,48035950200,0
digital-realty-iad43-building-s-va,-77.4527034,39.0018258,Match,51,107,611020,3028,51107611020,Virginia,Loudoun County,"Washington-Arlington-Alexandria, DC-VA-MD-WV",0.73657423,155417,115213,154653,154653,1.00494,0,0,operational,reported,51107611020,0
muncy-data-center-lycoming-county-pa,-76.804,41.23,Match,42,81,10800,1062,42081010800,Pennsylvania,Lycoming County,"Williamsport, PA",5.9913611,88861,100262,81556,81556,1.0895704,0,1,permitted,reported,42081010800,0
applied-digital-polaris-forge-1-ellendale-nd,-98.509,46.003,Match,38,21,973400,1003,38021973400,North Dakota,Dickey County,NA,9.7895699,96000,104993,NA,104993,0.91434669,0,1,under_construction,confirmed,38021973400,0
digital-realty-acc10-va,-77.4656035,39.0126563,Match,51,107,611020,3009,51107611020,Virginia,Loudoun County,"Washington-Arlington-Alexandria, DC-VA-MD-WV",0.73657423,155417,115213,154653,154653,1.00494,0,0,operational,reported,51107611020,0
chirisa-volo-data-center-il,-88.1382,42.3486,Match,17,97,860906,2031,17097860906,Illinois,Lake County,"Chicago-Naperville-Elgin, IL-IN",5.9750137,145287,106018,113207,113207,1.2833747,0,0,operational,reported,17097860906,0
diamond-farms-gateway-digital-villa-ridge-mo,-90.85,38.484,Match,29,71,800101,1031,29071800101,Missouri,Franklin County,"St. Louis, MO-IL",8.2764158,90156,91360,105167,105167,0.85726511,0,1,proposed,reported,29071800101,0
microsoft-pecos-tx,-103.49,31.42,Match,48,389,950300,1012,48389950300,Texas,Reeves County,NA,16.403635,NA,94599,NA,94599,NA,0,1,proposed,confirmed,48389950300,0
jigowatt-stanton-ne,-97.21722,41.94722,Match,31,167,962200,2052,31167962200,Nebraska,Stanton County,NA,9.1539192,95833,99751,NA,99751,0.96072221,0,1,operational,confirmed,31167962200,0
coreweave-kenilworth-nj,-74.2913,40.6762,Match,34,39,33600,4008,34039033600,New Jersey,Union County,"New York-Newark-Jersey City, NY-NJ",6.3520436,140568,127025,120744,120744,1.1641821,0,0,under_construction,reported,34039033600,0
hanton-city-smithfield-ri,-71.527,41.867,Match,44,7,12601,2044,44007012601,Rhode Island,Providence County,"Providence-Warwick, RI-MA",2.7671757,116667,112375,111449,111449,1.0468196,0,0,proposed,reported,44007012601,0
sabey-intergate-west-building-a-wa,-122.2933176,47.4921833,Match,53,33,27100,1001,53033027100,Washington,King County,"Seattle-Tacoma-Bellevue, WA",25.108122,66607,118075,140190,140190,0.47511947,1,0,operational,reported,53033027100,0
syringa-networks-west-valley-city-ut,-111.9867,40.69679,Match,49,35,113406,2021,49035113406,Utah,Salt Lake County,"Salt Lake City-Murray, UT",12.383107,70972,109675,116518,116518,0.60910761,1,0,operational,reported,49035113406,0
vantage-pittsboro-in,-86.4675,39.8656,Match,18,63,210300,2009,18063210300,Indiana,Hendricks County,"Indianapolis-Carmel-Greenwood, IN",3.652019,125482,90767,102227,102227,1.227484,0,0,permitted,reported,18063210300,0
mawson-bellefonte-pa,-77.7791,40.9145,Match,42,27,11102,2026,42027011102,Pennsylvania,Centre County,"State College, PA",7.135778,103025,100262,111076,111076,0.92751807,0,1,operational,confirmed,42027011102,0
duke-energy-person-county-energy-complex-cc-nc,-79.0736,36.4836,Match,37,145,920200,2059,37145920200,North Carolina,Person County,"Durham-Chapel Hill, NC",6.0045319,110221,90290,113114,113114,0.974424,0,1,under_construction,reported,37145920200,0
coinmint-massena-ny,-74.732659,44.977701,Match,36,89,490300,5002,36089490300,New York,St. Lawrence County,NA,22.759022,65786,106873,NA,106873,0.61555302,1,1,operational,reported,36089490300,1
newrays-one-bono-ar,-92.476,35.256,Match,5,45,30104,1006,5045030104,Arkansas,Faulkner County,"Little Rock-North Little Rock-Conway, AR",11.84551,86250,76968,87649,87649,0.98403859,0,1,operational,confirmed,05045030104,0
core-scientific-quinlan-tx,-96.138,32.911,Match,48,231,961503,3036,48231961503,Texas,Hunt County,"Dallas-Fort Worth-Arlington, TX",16.057362,80662,94599,108711,108711,0.74198562,0,1,proposed,confirmed,48231961503,0
pointone-lower-moncure-road-lee-county-nc,-79.17833,35.48778,Match,37,105,30200,1018,37105030200,North Carolina,Lee County,NA,36.595509,35121,90290,NA,90290,0.38897994,1,1,proposed,reported,37105030200,1
tract-mooresville-nc,-80.81,35.58,Match,37,97,61503,1004,37097061503,North Carolina,Iredell County,"Charlotte-Concord-Gastonia, NC-SC",11.432109,116875,90290,102246,102246,1.1430765,0,0,cancelled,reported,37097061503,0
nydig-dfm-kraken-richland-mt,-103.924,47.873,Match,38,53,962500,1028,38053962500,North Dakota,McKenzie County,NA,7.1325994,120164,104993,NA,104993,1.1444954,0,1,permitted,reported,38053962500,0
aligned-iad-03-va,-77.4407776,38.9886354,Match,51,107,611020,3038,51107611020,Virginia,Loudoun County,"Washington-Arlington-Alexandria, DC-VA-MD-WV",0.73657423,155417,115213,154653,154653,1.00494,0,0,operational,reported,51107611020,0
tierpoint-charlotte-center-park-nc,-80.928121,35.1731955,Match,37,119,5928,1023,37119005928,North Carolina,Mecklenburg County,"Charlotte-Concord-Gastonia, NC-SC",11.3127,99000,90290,102246,102246,0.96825302,0,0,operational,reported,37119005928,0
armory-innovation-district-st-louis-mo,-90.237,38.636,Match,29,510,119300,3008,29510119300,Missouri,St. Louis city,"St. Louis, MO-IL",37.576218,100913,91360,105167,105167,0.95955002,1,0,permitted,reported,29510119300,0
blockfusion-niagara-falls-ny,-79.0377,43.0962,Match,36,63,21000,3007,36063021000,New York,Niagara County,"Buffalo-Cheektowaga, NY",26.57078,91339,106873,96701,96701,0.94455075,1,0,operational,confirmed,36063021000,0
equinix-dc3-va,-77.460235,39.0220154,Match,51,107,611006,1020,51107611006,Virginia,Loudoun County,"Washington-Arlington-Alexandria, DC-VA-MD-WV",2.078522,211875,115213,154653,154653,1.3700025,0,0,operational,reported,51107611006,0
fermi-matador-amarillo-tx,-101.543,35.396,Match,48,65,950200,2257,48065950200,Texas,Carson County,"Amarillo, TX",5.1750379,113966,94599,91941,91941,1.2395558,0,1,under_construction,reported,48065950200,0
prime-lax01-vernon-ca,-118.2303092,34.0014335,Match,6,37,980016,1064,6037980016,California,Los Angeles County,"Los Angeles-Long Beach-Anaheim, CA",7.2507553,70250,113346,108949,108949,0.64479709,1,0,operational,reported,06037980016,0
aligned-pataskala-licking-oh,-82.6743,39.9956,Match,39,89,756801,2015,39089756801,Ohio,Licking County,"Columbus, OH",13.131074,65577,92749,104588,104588,0.62700307,1,1,cancelled,confirmed,39089756801,1
digital-realty-northern-virginia-iad14-va,-77.4870935,39.0033364,Match,51,107,611020,3070,51107611020,Virginia,Loudoun County,"Washington-Arlington-Alexandria, DC-VA-MD-WV",0.73657423,155417,115213,154653,154653,1.00494,0,0,operational,reported,51107611020,0
coresite-va3-reston-va-va,-77.3724298,38.9483343,Match,51,59,481202,3004,51059481202,Virginia,Fairfax County,"Washington-Arlington-Alexandria, DC-VA-MD-WV",5.8932428,140227,115213,154653,154653,0.90672022,0,0,operational,reported,51059481202,0
meta-cheyenne-wy,-104.769,41.099,Match,56,21,2001,2054,56021002001,Wyoming,Laramie County,"Cheyenne, WY",15.929009,81681,96997,99600,99600,0.82009035,0,0,under_construction,confirmed,56021002001,0
standard-power-coshocton-oh,-81.8649437,40.2771782,Match,39,31,961300,2005,39031961300,Ohio,Coshocton County,NA,23.972973,76080,92749,NA,92749,0.82027841,1,1,operational,confirmed,39031961300,1
cleanspark-sandersville-ga,-82.8071,32.9807,Match,13,303,950400,3024,13303950400,Georgia,Washington County,NA,15.076923,73779,93754,NA,93754,0.78694242,0,1,operational,confirmed,13303950400,0
nebius-bhm01-birmingham-al,-86.8131,33.4556,Match,1,73,10704,2019,1073010704,Alabama,Jefferson County,"Birmingham, AL",7.9191236,93750,83032,91396,91396,1.025756,0,0,under_construction,confirmed,01073010704,0
iron-mountain-azs-1-az,-111.8960985,33.6446663,Match,4,13,216845,1013,4013216845,Arizona,Maricopa County,"Phoenix-Mesa-Chandler, AZ",8.3149176,94632,95980,103615,103615,0.91330403,0,0,operational,reported,04013216845,0
qts-dane-county-deforest-wi,-89.3401,43.2428,Match,55,25,13301,2010,55025013301,Wisconsin,Dane County,"Madison, WI",4.0393753,121488,100141,120280,120280,1.0100433,0,0,cancelled,confirmed,55025013301,0
cleco-rapides-parish-gas-plant-la,-92.6693,31.3905,Match,22,79,10501,1012,22079010501,Louisiana,Rapides Parish,"Alexandria, LA",23.095823,79107,79407,73265,73265,1.0797379,1,1,proposed,reported,22079010501,1
fluidstack-okmulgee-county-ok,-95.9605,35.6231,Match,40,111,400,3004,40111000400,Oklahoma,Okmulgee County,"Tulsa, OK",15.430696,63257,82385,88320,88320,0.71622509,0,1,proposed,confirmed,40111000400,0
tract-mountain-road-technology-park-hanover-va,-77.53629,37.693493,Match,51,85,320400,1028,51085320400,Virginia,Hanover County,"Richmond, VA",5.7787175,118380,115213,110863,110863,1.0678045,0,0,cancelled,confirmed,51085320400,0
fortitude-aurora-ne,-98.0075,40.86472,Match,31,81,969300,4087,31081969300,Nebraska,Hamilton County,NA,4.48036,105034,99751,NA,99751,1.0529618,0,1,operational,confirmed,31081969300,0
meta-temple-tx,-97.3812992,31.1399225,Match,48,27,20302,2037,48027020302,Texas,Bell County,"Killeen-Temple, TX",4.0268455,89554,94599,81686,81686,1.09632,0,0,operational,confirmed,48027020302,0
amazon-devlin-tech-park-va,-77.558,38.724,Match,51,153,901417,1007,51153901417,Virginia,Prince William County,"Washington-Arlington-Alexandria, DC-VA-MD-WV",1.212508,228625,115213,154653,154653,1.4783095,0,0,permitted,confirmed,51153901417,0
coresite-ch2-chicago-il,-87.6413029,41.8628,Match,17,31,841900,2023,17031841900,Illinois,Cook County,"Chicago-Naperville-Elgin, IL-IN",15.074981,191675,106018,113207,113207,1.6931374,0,0,operational,confirmed,17031841900,0
hut8-king-mountain-mccamey-tx,-102.244163,31.2547925,Match,48,461,950200,1162,48461950200,Texas,Upton County,NA,14.71536,49042,94599,NA,94599,0.51841986,1,1,operational,confirmed,48461950200,1
archer-datacenter-faribault-mn,-93.2871543,44.3654972,Match,27,131,70400,3023,27131070400,Minnesota,Rice County,NA,5.0795159,111375,113993,NA,113993,0.97703367,0,1,proposed,reported,27131070400,0
raeden-grand-crossing-south-city-of-industry-ca,-117.8333142,34.0051077,Match,6,37,403327,1061,6037403327,California,Los Angeles County,"Los Angeles-Long Beach-Anaheim, CA",4.2464614,120109,113346,108949,108949,1.1024332,0,0,proposed,reported,06037403327,0
vantage-oh2-millersport-fairfield-oh,-82.5324,39.902,Match,39,45,30100,3028,39045030100,Ohio,Fairfield County,"Columbus, OH",5.4905024,92500,92749,104588,104588,0.88442266,0,1,under_construction,confirmed,39045030100,0
interstate-holdings-blockchain-cabot-ar,-92.0179,34.9748,Match,5,85,20202,1029,5085020202,Arkansas,Lonoke County,"Little Rock-North Little Rock-Conway, AR",8.7420044,74316,76968,87649,87649,0.84788191,0,1,operational,reported,05085020202,0
powerhouse-pax-carlisle-pa,-77.1889,40.2015,Match,42,41,12200,1008,42041012200,Pennsylvania,Cumberland County,"Harrisburg-Carlisle, PA",31.983599,37024,100262,102964,102964,0.35958198,1,0,under_construction,confirmed,42041012200,0
digital-realty-pdx11-or,-122.9167725,45.5679542,Match,41,67,32700,3013,41067032700,Oregon,Washington County,"Portland-Vancouver-Hillsboro, OR-WA",4.8726654,157586,102281,119276,119276,1.3211879,0,0,operational,reported,41067032700,0
duke-energy-davidson-county-cc4-nc,-80.3753,35.8163,Match,37,57,61704,1008,37057061704,North Carolina,Davidson County,"Winston-Salem, NC",7.6885881,98698,90290,83438,83438,1.1828903,0,1,proposed,reported,37057061704,0
rcm-hill-project-aquila-hill-county-tx,-97.13,32.03,Match,48,217,960900,1004,48217960900,Texas,Hill County,NA,30.10157,48494,94599,NA,94599,0.51262701,1,1,proposed,confirmed,48217960900,1
servistar-westfield-ma,-72.741619,42.157077,Match,25,13,812800,3012,25013812800,Massachusetts,Hampden County,"Springfield, MA",6.3760295,99453,131675,91397,91397,1.088143,0,1,proposed,reported,25013812800,0
miningstore-union-township-hardin-ia,-93.0788,42.2453,Match,19,83,480500,4021,19083480500,Iowa,Hardin County,NA,7.3524084,90804,97491,NA,97491,0.93140906,0,1,permitted,reported,19083480500,0
crypto-knight-hosting-cheyenne-wy,-104.82,41.14,Match,56,21,1000,4021,56021001000,Wyoming,Laramie County,"Cheyenne, WY",7.8263965,94276,96997,99600,99600,0.9465462,0,0,operational,reported,56021001000,0
digital-realty-phx15-az,-111.8866379,33.2749228,Match,4,13,812200,2002,4013812200,Arizona,Maricopa County,"Phoenix-Mesa-Chandler, AZ",8.6242304,122471,95980,103615,103615,1.1819813,0,0,operational,reported,04013812200,0
cyrusone-sat1-san-antonio-tx,-98.6880869,29.4666098,Match,48,29,171912,3016,48029171912,Texas,Bexar County,"San Antonio-New Braunfels, TX",8.7169867,102083,94599,92961,92961,1.0981271,0,0,operational,reported,48029171912,0
meta-anthem-tulsa-ok,-95.88,36.14,Match,40,143,7102,2010,40143007102,Oklahoma,Tulsa County,"Tulsa, OK",20.882917,50865,82385,88320,88320,0.57591712,1,0,under_construction,confirmed,40143007102,0
microsoft-ginger-east-ia,-93.7362003,41.5193146,Match,19,153,11028,1049,19153011028,Iowa,Polk County,"Des Moines-West Des Moines, IA",8.8767433,140817,97491,110255,110255,1.2771938,0,0,under_construction,reported,19153011028,0
meta-aiken-county-sc,-81.8287,33.5629,Match,45,3,20402,2026,45003020402,South Carolina,Aiken County,"Augusta-Richmond County, GA-SC",39.159405,58750,86707,84944,84944,0.69163215,1,1,under_construction,confirmed,45003020402,1
prime-santa-clara-silicon-valley-campus-ca,-121.9628653,37.3666621,Match,6,85,505202,2072,6085505202,California,Santa Clara County,"San Jose-Sunnyvale-Santa Clara, CA",19.125883,163550,113346,184762,184762,0.88519287,0,0,operational,reported,06085505202,0
digital-realty-aus11-tx,-97.6957555,30.212156,Match,48,453,2448,1021,48453002448,Texas,Travis County,"Austin-Round Rock-San Marcos, TX",6.4102564,113161,94599,126591,126591,0.89391029,0,0,operational,reported,48453002448,0
tierpoint-dallas-tx,-96.8573889,32.8079818,Match,48,113,10003,2175,48113010003,Texas,Dallas County,"Dallas-Fort Worth-Arlington, TX",20.317751,112253,94599,108711,108711,1.0325818,1,0,operational,reported,48113010003,0
cyrusone-nva5-sterling-va,-77.4341,39.024356,Match,51,107,611018,3010,51107611018,Virginia,Loudoun County,"Washington-Arlington-Alexandria, DC-VA-MD-WV",14.010811,143750,115213,154653,154653,0.92950022,0,0,operational,reported,51107611018,0
flexential-richmond-ric01-02-va,-77.4386952,37.6468902,Match,51,87,200904,3003,51087200904,Virginia,Henrico County,"Richmond, VA",5.8157487,107176,115213,110863,110863,0.96674275,0,0,operational,reported,51087200904,0
riot-paducah-mccracken-ky,-88.703071,37.089242,Match,21,145,31401,2043,21145031401,Kentucky,McCracken County,"Paducah, KY-IL",15.516063,80074,81505,86080,86080,0.9302277,0,1,operational,confirmed,21145031401,0
edged-columbus-new-albany-oh,-82.81578,40.10608,Match,39,49,7205,2034,39049007205,Ohio,Franklin County,"Columbus, OH",4.5401821,89286,92749,104588,104588,0.85369259,0,0,operational,confirmed,39049007205,0
project-tango-loxahatchee-fl,-80.39,26.6284,Match,12,99,980400,1000,12099980400,Florida,Palm Beach County,"Miami-Fort Lauderdale-West Palm Beach, FL",NA,NA,89891,89212,89212,NA,0,1,cancelled,reported,12099980400,0
triboro-industrial-park-jessup-olyphant-lackawanna-county-pa,-75.58,41.45,Match,42,69,111400,4045,42069111400,Pennsylvania,Lackawanna County,"Scranton--Wilkes-Barre, PA",8.7716036,84167,100262,85514,85514,0.98424822,0,0,permitted,reported,42069111400,0
bitzero-nekoma-nd,-98.3567389,48.5894194,Match,38,19,951100,3255,38019951100,North Dakota,Cavalier County,NA,6.0739923,100417,104993,NA,104993,0.95641613,0,1,operational,reported,38019951100,0
aligned-iad-01-va,-77.4705563,39.0136079,Match,51,107,611020,3009,51107611020,Virginia,Loudoun County,"Washington-Arlington-Alexandria, DC-VA-MD-WV",0.73657423,155417,115213,154653,154653,1.00494,0,0,operational,reported,51107611020,0
crosland-southeast-matthews-project-accelerate-nc,-80.7082,35.1015,Match,37,119,5835,1002,37119005835,North Carolina,Mecklenburg County,"Charlotte-Concord-Gastonia, NC-SC",3.1286211,139818,90290,102246,102246,1.3674667,0,0,cancelled,reported,37119005835,0
equinix-la4-el-segundo-ca,-118.383118,33.9219979,Match,6,37,980013,1001,6037980013,California,Los Angeles County,"Los Angeles-Long Beach-Anaheim, CA",NA,NA,113346,108949,108949,NA,0,0,operational,reported,06037980013,0
aps-cholla-natural-gas-conversion-joseph-city-az,-110.3,34.94,Match,4,17,960500,1132,4017960500,Arizona,Navajo County,NA,18.469486,72407,95980,NA,95980,0.75439674,0,1,proposed,reported,04017960500,0
lambda-kansas-city-mo,-94.72,39.33,Match,29,165,980000,1011,29165980000,Missouri,Platte County,"Kansas City, MO-KS",NA,NA,91360,106867,106867,NA,0,0,under_construction,confirmed,29165980000,0
t5-atlanta-i-ga,-84.264267,34.0757915,Match,13,121,11652,1025,13121011652,Georgia,Fulton County,"Atlanta-Sandy Springs-Roswell, GA",4.375,178381,93754,107388,107388,1.6610887,0,0,operational,reported,13121011652,0
aws-industrial-parkway-jerome-township-oh,-83.212394,40.134553,Match,39,159,50601,2020,39159050601,Ohio,Union County,"Columbus, OH",0.19295302,212576,92749,104588,104588,2.0325086,0,0,operational,reported,39159050601,0
oracle-salt-lake-city-ut,-111.8868,40.75962,Match,49,35,114000,2009,49035114000,Utah,Salt Lake County,"Salt Lake City-Murray, UT",11.681244,112355,109675,116518,116518,0.96427161,0,0,operational,reported,49035114000,0
soluna-project-sophie-murray-ky,-88.315,36.61,Match,21,35,10500,1006,21035010500,Kentucky,Calloway County,NA,24.125668,51250,81505,NA,81505,0.6287958,1,1,operational,confirmed,21035010500,1
cologix-ash1-va,-77.4595164,39.0179257,Match,51,107,611006,1020,51107611006,Virginia,Loudoun County,"Washington-Arlington-Alexandria, DC-VA-MD-WV",2.078522,211875,115213,154653,154653,1.3700025,0,0,operational,reported,51107611006,0
h5-la-vista-ne,-96.075,41.166,Match,31,153,10623,4003,31153010623,Nebraska,Sarpy County,"Omaha, NE-IA",5.9390049,131563,99751,109980,109980,1.1962447,0,0,operational,confirmed,31153010623,0
cleanarc-ruther-glen-va,-77.4837,37.9374,Match,51,33,30503,2004,51033030503,Virginia,Caroline County,NA,27.86536,47695,115213,NA,115213,0.41397238,1,1,under_construction,confirmed,51033030503,1
colovore-reno-1-storey-county-nv,-119.4771513,39.5341121,Match,32,29,970200,1042,32029970200,Nevada,Storey County,"Reno, NV",7.0582547,121477,92663,104602,104602,1.1613258,0,1,permitted,confirmed,32029970200,0
perry-nuclear-lake-county-oh,-81.14333,41.80083,Match,39,85,206300,2011,39085206300,Ohio,Lake County,"Cleveland, OH",5.2443132,128800,92749,95803,95803,1.3444256,0,0,operational,confirmed,39085206300,0
qts-sacramento-ca,-121.4862686,38.6463763,Match,6,67,7019,2052,6067007019,California,Sacramento County,"Sacramento-Roseville-Folsom, CA",25.901741,115536,113346,116511,116511,0.99163169,1,0,operational,reported,06067007019,0
bitdeer-wenatchee-pangborn-wa,-120.209264,47.413902,Match,53,17,950300,3002,53017950300,Washington,Douglas County,"Wenatchee-East Wenatchee, WA",7.6990705,87371,118075,94263,94263,0.92688543,0,1,under_construction,confirmed,53017950300,0
edgeconnex-por01-por02-hillsboro-campus-or,-122.9122077,45.5564226,Match,41,67,32612,2001,41067032612,Oregon,Washington County,"Portland-Vancouver-Hillsboro, OR-WA",3.994967,165166,102281,119276,119276,1.384738,0,0,operational,reported,41067032612,0
equinix-sv4-ca,-122.0145563,37.4145109,Match,6,85,504602,1068,6085504602,California,Santa Clara County,"San Jose-Sunnyvale-Santa Clara, CA",7.4578471,144464,113346,184762,184762,0.78189236,0,0,operational,reported,06085504602,0
genesis-digital-assets-union-lockhart-sc,-81.4620402,34.7865238,Match,45,87,30900,2127,45087030900,South Carolina,Union County,"Spartanburg, SC",24.182243,73170,86707,78303,78303,0.93444693,1,1,operational,reported,45087030900,1
cloudhq-lc1-va,-77.4626713,39.0102471,Match,51,107,611020,3009,51107611020,Virginia,Loudoun County,"Washington-Arlington-Alexandria, DC-VA-MD-WV",0.73657423,155417,115213,154653,154653,1.00494,0,0,operational,reported,51107611020,0
switch-apex-industrial-park-north-las-vegas-nv,-114.9277774,36.329138,Match,32,3,5902,1172,32003005902,Nevada,Clark County,"Las Vegas-Henderson-North Las Vegas, NV",16.885553,112778,92663,89785,89785,1.2560896,0,0,proposed,reported,32003005902,0
oppd-turtle-creek-station-sarpy-ne,-96.191,41.056,Match,31,153,10701,2003,31153010701,Nebraska,Sarpy County,"Omaha, NE-IA",1.858736,151875,99751,109980,109980,1.3809329,0,0,operational,confirmed,31153010701,0
tierpoint-dallas-allen-tx,-96.657329,33.1379102,Match,48,85,31418,2049,48085031418,Texas,Collin County,"Dallas-Fort Worth-Arlington, TX",4.4897957,208944,94599,108711,108711,1.9220134,0,0,operational,reported,48085031418,0
province-group-merrillville-technology-park-in,-87.29,41.46,Match,18,89,42301,1018,18089042301,Indiana,Lake County,"Chicago-Naperville-Elgin, IL-IN",2.8268552,118259,90767,113207,113207,1.0446262,0,0,proposed,reported,18089042301,0
marathon-digital-garden-city-tx,-101.4849,31.8724,Match,48,173,950100,1145,48173950100,Texas,Glasscock County,NA,8.8951311,124464,94599,NA,94599,1.315701,0,1,operational,confirmed,48173950100,0
aws-green-new-florence-mo,-91.52,38.852,Match,29,139,970300,1103,29139970300,Missouri,Montgomery County,NA,11.190656,75945,91360,NA,91360,0.83127189,0,1,under_construction,confirmed,29139970300,0
us-signal-wi02-fitchburg-wi,-89.42339,42.9947535,Match,55,25,10702,2027,55025010702,Wisconsin,Dane County,"Madison, WI",4.0277138,160787,100141,120280,120280,1.3367726,0,0,operational,reported,55025010702,0
jones-eagle-dewitt-ar,-91.3383,34.2875,Match,5,1,480700,1091,5001480700,Arkansas,Arkansas County,NA,20.427807,56771,76968,NA,76968,0.73759222,1,1,operational,confirmed,05001480700,1
tierpoint-hawthorne-westchester-ny,-73.815184,41.088456,Match,36,119,981000,1019,36119981000,New York,Westchester County,"New York-Newark-Jersey City, NY-NJ",81.743225,NA,106873,120744,120744,NA,1,0,operational,confirmed,36119981000,0
lumen-baltimore-1-md,-76.6204024,39.2917592,Match,24,510,40100,4020,24510040100,Maryland,Baltimore city,"Baltimore-Columbia-Towson, MD",17.833099,90893,127817,126229,126229,0.72006434,0,0,operational,reported,24510040100,0
google-skyway-pine-island-mn,-92.6496,44.2019,Match,27,49,80800,2009,27049080800,Minnesota,Goodhue County,NA,3.3205619,133661,113993,NA,113993,1.172537,0,1,proposed,confirmed,27049080800,0
oppidan-beaver-dam-edge-wi,-88.8373,43.4578,Match,55,27,961000,3006,55027961000,Wisconsin,Dodge County,NA,12.539034,86906,100141,NA,100141,0.86783636,0,1,permitted,reported,55027961000,0
cologix-col2-columbus-oh,-83.0020077,40.1164691,Match,39,49,7048,3023,39049007048,Ohio,Franklin County,"Columbus, OH",11.277815,108958,92749,104588,104588,1.041783,0,0,operational,confirmed,39049007048,0
unisys-salt-lake-city-ut,-111.8868,40.75962,Match,49,35,114000,2009,49035114000,Utah,Salt Lake County,"Salt Lake City-Murray, UT",11.681244,112355,109675,116518,116518,0.96427161,0,0,operational,reported,49035114000,0
terra-nexus-custer-avenue-fayetteville-cumberland-county-nc,-78.97722,35.085,Match,37,51,3304,3000,37051003304,North Carolina,Cumberland County,"Fayetteville, NC",16.048307,69760,90290,73956,73956,0.94326359,0,0,proposed,reported,37051003304,0
60-hudson-street-ny,-74.008348,40.71767,Match,36,61,3300,2017,36061003300,New York,New York County,"New York-Newark-Jersey City, NY-NJ",3.4616032,250000,106873,120744,120744,2.0704963,0,0,operational,reported,36061003300,0
cloverleaf-wrightstown-village-wi,-88.1631,44.3269,Match,55,9,21400,3035,55009021400,Wisconsin,Brown County,"Green Bay, WI",2.8328612,118459,100141,101584,101584,1.1661186,0,0,proposed,reported,55009021400,0
dpo-wisconsin-rapids-hpc-wi,-89.8228767,44.3917589,Match,55,141,11000,5033,55141011000,Wisconsin,Wood County,NA,13.766098,67997,100141,NA,100141,0.6790126,1,1,proposed,reported,55141011000,1
edgeconnex-sac01-ca,-121.27744,38.5922987,Match,6,67,9010,4014,6067009010,California,Sacramento County,"Sacramento-Roseville-Folsom, CA",12.049781,98505,113346,116511,116511,0.84545666,0,0,operational,reported,06067009010,0
edged-mesa-az,-111.8315,33.4152,Match,4,13,421400,4019,4013421400,Arizona,Maricopa County,"Phoenix-Mesa-Chandler, AZ",17.322569,48345,95980,103615,103615,0.46658301,1,0,operational,reported,04013421400,0
fogo-data-centers-new-orleans-la,-90.0730531,29.9529522,Match,22,71,13400,1006,22071013400,Louisiana,Orleans Parish,"New Orleans-Metairie, LA",28.213507,NA,79407,83780,83780,NA,1,0,operational,confirmed,22071013400,0
ncar-wyoming-supercomputing-center-cheyenne-wy,-104.8974,41.1289,Match,56,21,1902,1019,56021001902,Wyoming,Laramie County,"Cheyenne, WY",2.5748377,123052,96997,99600,99600,1.2354618,0,0,operational,confirmed,56021001902,0
meta-forest-city-nc,-81.826,35.317,Match,37,161,961104,1003,37161961104,North Carolina,Rutherford County,NA,21.022259,76651,90290,NA,90290,0.84894228,1,1,operational,confirmed,37161961104,1
core-scientific-muskogee-ok,-95.42,35.72,Match,40,101,1100,2000,40101001100,Oklahoma,Muskogee County,NA,14.16252,82019,82385,NA,82385,0.99555743,0,1,under_construction,confirmed,40101001100,0
t5-chicago-iii-northlake-il,-87.9145933,41.9310571,Match,17,31,811702,1000,17031811702,Illinois,Cook County,"Chicago-Naperville-Elgin, IL-IN",11.646734,92925,106018,113207,113207,0.82084149,0,0,under_construction,confirmed,17031811702,0
segra-charlotte-international-airport-drive-nc,-80.84306,35.22722,Match,37,119,104,1014,37119000104,North Carolina,Mecklenburg County,"Charlotte-Concord-Gastonia, NC-SC",9.4455853,177969,90290,102246,102246,1.7405962,0,0,operational,reported,37119000104,0
lumen-salt-lake-city-ut,-111.8868,40.75962,Match,49,35,114000,2009,49035114000,Utah,Salt Lake County,"Salt Lake City-Murray, UT",11.681244,112355,109675,116518,116518,0.96427161,0,0,operational,reported,49035114000,0
mghpcc-holyoke-ma,-72.60693,42.20285,Match,25,13,811600,2011,25013811600,Massachusetts,Hampden County,"Springfield, MA",45.066753,36591,131675,91397,91397,0.4003523,1,0,operational,confirmed,25013811600,0
h5-data-centers-seattle-denny-way-wa,-122.3379,47.6205,Match,53,33,7303,3002,53033007303,Washington,King County,"Seattle-Tacoma-Bellevue, WA",4.4043512,250000,118075,140190,140190,1.7832941,0,0,operational,confirmed,53033007303,0
databank-slc1-salt-lake-city-ut,-111.88585,40.76852,Match,49,35,114000,1000,49035114000,Utah,Salt Lake County,"Salt Lake City-Murray, UT",11.681244,112355,109675,116518,116518,0.96427161,0,0,operational,confirmed,49035114000,0
microsoft-becker-mn,-93.8768904,45.3931821,Match,27,141,30407,2028,27141030407,Minnesota,Sherburne County,"Minneapolis-St. Paul-Bloomington, MN-WI",12.913159,109884,113993,126705,126705,0.86724281,0,1,proposed,reported,27141030407,0
cyrusone-project-peach-palmetto-ga,-84.6693,33.5182,Match,13,121,10401,3025,13121010401,Georgia,Fulton County,"Atlanta-Sandy Springs-Roswell, GA",8.2975063,115793,93754,107388,107388,1.0782676,0,0,permitted,reported,13121010401,0
t5-silicon-valley-newark-ca,-122.0312,37.5461,Match,6,1,444100,3007,6001444100,California,Alameda County,"San Francisco-Oakland-Fremont, CA",6.2956471,210523,113346,164296,164296,1.2813641,0,0,operational,reported,06001444100,0
cleanspark-dalton-ga,-84.9702,34.769800000000004,Match,13,313,502,1084,13313000502,Georgia,Whitfield County,"Dalton, GA",29.090073,65129,93754,76435,76435,0.85208344,1,1,operational,confirmed,13313000502,1
meta-rosemount-mn,-93.115,44.74,Match,27,37,61009,1023,27037061009,Minnesota,Dakota County,"Minneapolis-St. Paul-Bloomington, MN-WI",0.97453225,170707,113993,126705,126705,1.3472791,0,0,under_construction,confirmed,27037061009,0
sabey-umatilla-or,-119.339,45.919,Match,41,59,950900,1051,41059950900,Oregon,Umatilla County,NA,17.445255,72319,102281,NA,102281,0.70706195,0,1,under_construction,reported,41059950900,0
aligned-neo-01-oh,-82.7189574,41.4321977,Match,39,43,41600,3001,39043041600,Ohio,Erie County,"Sandusky, OH",2.1989715,109063,92749,93585,93585,1.1653898,0,1,under_construction,reported,39043041600,0
switch-citadel-storey-county-nv,-119.3732,39.6183,Match,32,31,3501,3075,32031003501,Nevada,Washoe County,"Reno, NV",8.5920582,125379,92663,104602,104602,1.1986291,0,0,operational,confirmed,32031003501,0
digital-realty-ord12-franklin-park-il,-87.8592552,41.9283705,Match,17,31,811302,2000,17031811302,Illinois,Cook County,"Chicago-Naperville-Elgin, IL-IN",22.873819,49457,106018,113207,113207,0.43687227,1,0,operational,confirmed,17031811302,0
stack-svy03a-hayward-ca,-122.1195048,37.6281336,Match,6,1,437101,1026,6001437101,California,Alameda County,"San Francisco-Oakland-Fremont, CA",6.9461403,167344,113346,164296,164296,1.0185518,0,0,permitted,confirmed,06001437101,0
switch-las-vegas-10-nv,-115.2230608,36.0555857,Match,32,3,2981,2000,32003002981,Nevada,Clark County,"Las Vegas-Henderson-North Las Vegas, NV",5.4070983,107440,92663,89785,89785,1.1966364,0,0,operational,reported,32003002981,0
aws-arlington-gilliam-or,-120.20088,45.7168,Match,41,21,960100,1059,41021960100,Oregon,Gilliam County,NA,15.253361,90865,102281,NA,102281,0.88838589,0,1,proposed,confirmed,41021960100,0
talen-montour-ct-expansion-derry-township-montour-pa,-76.6667,41.0333,Match,42,93,50100,3115,42093050100,Pennsylvania,Montour County,NA,12.118152,84623,100262,NA,100262,0.8440187,0,1,proposed,reported,42093050100,0
monticello-tech-park-frattalone-mn,-93.7994056,45.298583,Match,27,171,100203,3048,27171100203,Minnesota,Wright County,"Minneapolis-St. Paul-Bloomington, MN-WI",6.148591,84318,113993,126705,126705,0.66546702,1,1,proposed,reported,27171100203,1
coresite-dc1-washington-d-c-dc,-77.0291491,38.9028879,Match,11,1,10100,2004,11001010100,District of Columbia,District of Columbia,"Washington-Arlington-Alexandria, DC-VA-MD-WV",9.2680988,250000,155025,154653,154653,1.6165222,0,0,operational,reported,11001010100,0
vantage-san-antonio-tx22-tx,-98.6977011,29.4790852,Match,48,29,171912,3011,48029171912,Texas,Bexar County,"San Antonio-New Braunfels, TX",8.7169867,102083,94599,92961,92961,1.0981271,0,0,under_construction,reported,48029171912,0
flexential-atlanta-alpharetta-data-center-ga,-84.2518184,34.0869864,Match,13,121,11652,1023,13121011652,Georgia,Fulton County,"Atlanta-Sandy Springs-Roswell, GA",4.375,178381,93754,107388,107388,1.6610887,0,0,operational,reported,13121011652,0
xai-colossus-2-power-station-southaven-ms,-90.042296,34.984394,Match,28,33,70421,1004,28033070421,Mississippi,DeSoto County,"Memphis, TN-MS-AR",21.064617,52933,73163,84517,84517,0.62630004,1,0,operational,confirmed,28033070421,0
aligned-phx-01-02-03-az,-112.1111595,33.6590546,Match,4,13,616500,2002,4013616500,Arizona,Maricopa County,"Phoenix-Mesa-Chandler, AZ",17.481884,87773,95980,103615,103615,0.84710705,0,0,operational,reported,04013616500,0
fairfield-energy-center-millersport-fairfield-oh,-82.53861,39.89806,Match,39,45,30100,3008,39045030100,Ohio,Fairfield County,"Columbus, OH",5.4905024,92500,92749,104588,104588,0.88442266,0,1,proposed,reported,39045030100,0
amazon-gilroy-ca,-121.541,36.997,Match,6,85,512602,1046,6085512602,California,Santa Clara County,"San Jose-Sunnyvale-Santa Clara, CA",8.9772367,169886,113346,184762,184762,0.91948563,0,0,under_construction,confirmed,06085512602,0
cipher-milsing-huntsville-walker-tx,-95.5508,30.7235,Match,48,471,790500,3000,48471790500,Texas,Walker County,NA,20.508957,60606,94599,NA,94599,0.64066213,1,1,proposed,reported,48471790500,1
beale-project-atlas-coweta-ok,-95.6483,35.9526,Match,40,145,30604,1005,40145030604,Oklahoma,Wagoner County,"Tulsa, OK",16.411631,71667,82385,88320,88320,0.81144702,0,0,cancelled,reported,40145030604,0
digital-realty-somerset-650-randolph-road-nj,-74.5555236,40.5375265,Match,34,35,53501,2030,34035053501,New Jersey,Somerset County,"New York-Newark-Jersey City, NY-NJ",6.5716157,210814,127025,120744,120744,1.7459584,0,0,operational,reported,34035053501,0
american-tower-reedy-creek-charlotte-nc,-80.7229,35.2703,Match,37,119,5616,1017,37119005616,North Carolina,Mecklenburg County,"Charlotte-Concord-Gastonia, NC-SC",14.200368,58890,90290,102246,102246,0.57596385,1,0,proposed,reported,37119005616,0
avaio-digital-leo-little-rock-ar,-92.296,34.68,Match,5,119,4001,1009,5119004001,Arkansas,Pulaski County,"Little Rock-North Little Rock-Conway, AR",11.165414,71875,76968,87649,87649,0.82003218,0,0,proposed,confirmed,05119004001,0
meta-dekalb-data-center-il,-88.792,41.909,Match,17,37,1400,5003,17037001400,Illinois,DeKalb County,"Chicago-Naperville-Elgin, IL-IN",9.403285,106105,106018,113207,113207,0.93726534,0,1,operational,confirmed,17037001400,0
hut8-vega-amarillo-tx,-101.834,35.207,Match,48,375,15400,1090,48375015400,Texas,Potter County,"Amarillo, TX",45.655998,62961,94599,91941,91941,0.68479788,1,0,operational,confirmed,48375015400,0
fleet-data-centers-storey-county-nv,-119.43,39.53,Match,32,29,970200,1042,32029970200,Nevada,Storey County,"Reno, NV",7.0582547,121477,92663,104602,104602,1.1613258,0,1,under_construction,reported,32029970200,0
us-signal-wi01-madison-wi,-89.3870807,43.0732716,Match,55,25,1704,3006,55025001704,Wisconsin,Dane County,"Madison, WI",34.752529,131538,100141,120280,120280,1.0935982,1,0,operational,reported,55025001704,0
aws-richmond-county-nc,-79.775,34.9445,Match,37,153,970500,2000,37153970500,North Carolina,Richmond County,NA,28.151831,52967,90290,NA,90290,0.58663195,1,1,under_construction,confirmed,37153970500,1
cassville-grant-county-wi,-91.007,42.716,Match,19,43,70500,2004,19043070500,Iowa,Clayton County,NA,13.699906,69803,97491,NA,97491,0.7159943,0,1,cancelled,reported,19043070500,0
switch-tahoe-reno-1-the-citadel-campus-nv,-119.4755145,39.5140681,Match,32,29,970200,1145,32029970200,Nevada,Storey County,"Reno, NV",7.0582547,121477,92663,104602,104602,1.1613258,0,1,operational,reported,32029970200,0
hut8-salt-creek-culberson-tx,-103.909,31.825,Match,48,389,950600,1036,48389950600,Texas,Reeves County,NA,20.362423,61250,94599,NA,94599,0.64746982,1,1,operational,confirmed,48389950600,1
qts-hillsboro-3-or,-122.918438,45.5719248,Match,41,67,32700,3010,41067032700,Oregon,Washington County,"Portland-Vancouver-Hillsboro, OR-WA",4.8726654,157586,102281,119276,119276,1.3211879,0,0,under_construction,reported,41067032700,0
terra-hosting-vermillion-rise-newport-in,-87.405,39.885,Match,18,165,20200,1103,18165020200,Indiana,Vermillion County,"Terre Haute, IN",15.830838,69329,90767,75147,75147,0.92257839,0,1,operational,confirmed,18165020200,0
stack-por03-or,-122.9379069,45.5541322,Match,41,67,32603,5027,41067032603,Oregon,Washington County,"Portland-Vancouver-Hillsboro, OR-WA",2.2013981,143430,102281,119276,119276,1.2025051,0,0,operational,reported,41067032603,0
powerhouse-abx-1-va,-77.4504568,39.0195992,Match,51,107,611006,1014,51107611006,Virginia,Loudoun County,"Washington-Arlington-Alexandria, DC-VA-MD-WV",2.078522,211875,115213,154653,154653,1.3700025,0,0,operational,reported,51107611006,0
flexential-salt-lake-city-south-valley-slc09-ut,-111.986047,40.6203519,Match,49,35,980100,1004,49035980100,Utah,Salt Lake County,"Salt Lake City-Murray, UT",NA,NA,109675,116518,116518,NA,0,0,operational,reported,49035980100,0
datayard-dayton-oh,-84.1953733,39.7602255,Match,39,113,1501,3026,39113001501,Ohio,Montgomery County,"Dayton-Kettering-Beavercreek, OH",23.210024,178145,92749,94596,94596,1.8832191,0,0,operational,confirmed,39113001501,0
iron-mountain-va-3-va,-77.5451498,38.7755471,Match,51,153,901409,5006,51153901409,Virginia,Prince William County,"Washington-Arlington-Alexandria, DC-VA-MD-WV",3.2232347,143786,115213,154653,154653,0.92973304,0,0,operational,reported,51153901409,0
ms-solar-grid-data-new-orleans-east-la,-89.9786145,30.0406363,Match,22,71,1739,2011,22071001739,Louisiana,Orleans Parish,"New Orleans-Metairie, LA",17.281349,86250,79407,83780,83780,1.029482,0,0,cancelled,reported,22071001739,0
tract-caldwell-valley-uhland-tx,-97.7889,29.9499,Match,48,55,960104,1077,48055960104,Texas,Caldwell County,"Austin-Round Rock-San Marcos, TX",3.190767,91304,94599,126591,126591,0.7212519,0,1,proposed,confirmed,48055960104,0
sabey-decatur-technology-park-marion-county-in,-86.28,39.7,Match,18,97,390802,4000,18097390802,Indiana,Marion County,"Indianapolis-Carmel-Greenwood, IN",13.631234,74524,90767,102227,102227,0.72900504,0,0,permitted,confirmed,18097390802,0
aws-cosner-technology-campus-massaponax-va,-77.47623258858057,38.204738259414135,Match,51,177,20207,1001,51177020207,Virginia,Spotsylvania County,"Washington-Arlington-Alexandria, DC-VA-MD-WV",8.5904417,121400,115213,154653,154653,0.78498316,0,1,under_construction,confirmed,51177020207,0
cleanspark-lenoir-city-tn,-84.256,35.7973,Match,47,105,60304,2044,47105060304,Tennessee,Loudon County,"Knoxville, TN",11.98036,154911,87314,92008,92008,1.6836689,0,0,operational,confirmed,47105060304,0
townsite-solar-2-boulder-city-nv,-114.8337574,35.9787649,Match,32,3,5503,2000,32003005503,Nevada,Clark County,"Las Vegas-Henderson-North Las Vegas, NV",16.013565,105865,92663,89785,89785,1.1790946,0,1,proposed,reported,32003005503,0
meta-prometheus-new-albany-oh,-82.836,40.092,Match,39,49,7205,3036,39049007205,Ohio,Franklin County,"Columbus, OH",4.5401821,89286,92749,104588,104588,0.85369259,0,0,under_construction,reported,39049007205,0
cleanspark-winfield-tn,-84.4506,36.5619,Match,47,151,975000,3028,47151975000,Tennessee,Scott County,NA,18.006287,67813,87314,NA,87314,0.77665669,0,1,operational,confirmed,47151975000,0
qts-eisenhower-augusta-ga,-82.0105,33.4735,Match,13,245,1100,1000,13245001100,Georgia,Richmond County,"Augusta-Richmond County, GA-SC",13.357589,156250,93754,84944,84944,1.8394471,0,0,under_construction,confirmed,13245001100,0
netrality-717-south-wells-il,-87.63344,41.8728811,Match,17,31,839000,1005,17031839000,Illinois,Cook County,"Chicago-Naperville-Elgin, IL-IN",15.946844,170407,106018,113207,113207,1.5052691,0,0,operational,reported,17031839000,0
panther-creek-hpc-ai-campus-nesquehoning-pa,-75.8283,40.8564,Match,42,25,20301,2014,42025020301,Pennsylvania,Carbon County,"Allentown-Bethlehem-Easton, PA-NJ",12.865873,57045,100262,103840,103840,0.54935479,1,1,under_construction,confirmed,42025020301,1
nova-energy-cryptomine-frenchcreek-venango-county-pa,-79.82,41.44,Match,42,121,200600,4004,42121200600,Pennsylvania,Venango County,NA,9.8827105,74167,100262,NA,100262,0.73973191,0,1,operational,reported,42121200600,0
equinix-ashburn-va,-77.4875,39.0437,Match,51,107,611005,3000,51107611005,Virginia,Loudoun County,"Washington-Arlington-Alexandria, DC-VA-MD-WV",3.6146824,213000,115213,154653,154653,1.3772769,0,0,operational,confirmed,51107611005,0
creekstone-delta-ut,-112.5777,39.3527,Match,49,27,974100,3058,49027974100,Utah,Millard County,NA,9.0486336,78261,109675,NA,109675,0.71357191,0,1,under_construction,reported,49027974100,0
aws-2550-beech-road-new-albany-oh,-82.750086,40.094442,Match,39,89,755601,1035,39089755601,Ohio,Licking County,"Columbus, OH",2.3718438,170039,92749,104588,104588,1.6257983,0,0,operational,reported,39089755601,0
cloverleaf-troy-mo,-90.9832,38.9784,Match,29,113,810305,5015,29113810305,Missouri,Lincoln County,"St. Louis, MO-IL",18.452303,85906,91360,105167,105167,0.81685317,0,1,proposed,reported,29113810305,0
duane-arnold-energy-center-palo-ia,-91.77764,42.10125,Match,19,113,10600,1033,19113010600,Iowa,Linn County,"Cedar Rapids, IA",1.8993206,145139,97491,100430,100430,1.4451758,0,0,under_construction,confirmed,19113010600,0
digital-realty-atl11-ga,-84.5797407,33.7465605,Match,13,97,80105,2023,13097080105,Georgia,Douglas County,"Atlanta-Sandy Springs-Roswell, GA",10.400721,144618,93754,107388,107388,1.3466868,0,0,operational,reported,13097080105,0
digital-realty-va3-va,-77.3273071,38.9484941,Match,51,59,481900,2009,51059481900,Virginia,Fairfax County,"Washington-Arlington-Alexandria, DC-VA-MD-WV",5.2605209,220173,115213,154653,154653,1.4236581,0,0,operational,reported,51059481900,0
microsoft-cheyenne-expansion-wy,-104.79,41.09,Match,56,21,2001,2054,56021002001,Wyoming,Laramie County,"Cheyenne, WY",15.929009,81681,96997,99600,99600,0.82009035,0,0,permitted,reported,56021002001,0
aws-scioto-darby-hilliard-oh,-83.12439,40.01895,Match,39,49,7931,1023,39049007931,Ohio,Franklin County,"Columbus, OH",2.0174232,140192,92749,104588,104588,1.3404214,0,0,operational,confirmed,39049007931,0
project-delta-walnut-cove-nc,-80.1494,36.282,Match,37,169,70701,2006,37169070701,North Carolina,Stokes County,"Winston-Salem, NC",15.387401,74643,90290,83438,83438,0.8945924,0,1,proposed,reported,37169070701,0
truss-energy-carpenter-wy,-104.3627365,41.0461861,Match,56,21,2001,1167,56021002001,Wyoming,Laramie County,"Cheyenne, WY",15.929009,81681,96997,99600,99600,0.82009035,0,0,proposed,reported,56021002001,0
natelli-appeal-digital-park-lusby-md,-76.435,38.39,Match,24,9,861100,1067,24009861100,Maryland,Calvert County,"Lexington Park, MD",2.3570135,150096,127817,147758,147758,1.0158231,0,1,proposed,reported,24009861100,0
digihost-erie-county-ny,-78.81999,42.919825,Match,36,29,3600,4000,36029003600,New York,Erie County,"Buffalo-Cheektowaga, NY",27.415255,66567,106873,96701,96701,0.68837965,1,0,operational,confirmed,36029003600,0
riverhawk-energy-center-ia,-93.201,43.1536,Match,19,33,950402,1016,19033950402,Iowa,Cerro Gordo County,NA,20.735786,63894,97491,NA,97491,0.65538359,1,1,proposed,reported,19033950402,1
highwire-evansville-wy,-106.2735,42.8508,Match,56,25,502,1009,56025000502,Wyoming,Natrona County,"Casper, WY",19.267685,68945,96997,94037,94037,0.73316884,0,0,cancelled,reported,56025000502,0
switch-las-19-enterprise-nv,-115.2125,36.0571,Match,32,3,2979,1028,32003002979,Nevada,Clark County,"Las Vegas-Henderson-North Las Vegas, NV",4.1470127,104167,92663,89785,89785,1.1601827,0,0,permitted,reported,32003002979,0
databank-ord3-mount-prospect-il,-87.9238121,42.0771274,Match,17,31,802702,1000,17031802702,Illinois,Cook County,"Chicago-Naperville-Elgin, IL-IN",10.039784,130104,106018,113207,113207,1.1492575,0,0,operational,confirmed,17031802702,0
fleet-peru-ridge-self-generation-storey-county-nv,-119.4922,39.5312,Match,32,29,970200,1145,32029970200,Nevada,Storey County,"Reno, NV",7.0582547,121477,92663,104602,104602,1.1613258,0,1,proposed,reported,32029970200,0
blockchain-digital-infrastructure-collin-county-tx,-96.6398,33.1972,Match,48,85,30608,1006,48085030608,Texas,Collin County,"Dallas-Fort Worth-Arlington, TX",6.7604356,88407,94599,108711,108711,0.81322956,0,0,under_construction,reported,48085030608,0
riot-platforms-rockdale-tx,-97.0025,30.6549,Match,48,331,950700,1029,48331950700,Texas,Milam County,NA,8.4982748,102819,94599,NA,94599,1.0868931,0,1,operational,confirmed,48331950700,0
cologix-sv1-ca,-121.9616726,37.3654018,Match,6,85,505202,2071,6085505202,California,Santa Clara County,"San Jose-Sunnyvale-Santa Clara, CA",19.125883,163550,113346,184762,184762,0.88519287,0,0,operational,reported,06085505202,0
solis-arx-progress-park-wythe-va,-80.899,36.958,Match,51,197,50102,2000,51197050102,Virginia,Wythe County,NA,10.969724,75990,115213,NA,115213,0.65956098,1,1,proposed,reported,51197050102,1
tecfusions-keystone-connect-upper-burrell-pa,-79.705,40.5817,Match,42,129,801002,2007,42129801002,Pennsylvania,Westmoreland County,"Pittsburgh, PA",11.121495,94450,100262,102107,102107,0.92501003,0,0,proposed,confirmed,42129801002,0
iren-woods-county-ok,-98.667,36.8031,Match,40,151,954300,2041,40151954300,Oklahoma,Woods County,NA,23.410139,70833,82385,NA,82385,0.85978031,1,1,proposed,reported,40151954300,1
cologix-col3-columbus-oh,-83.0017691,40.1164586,Match,39,49,7048,3023,39049007048,Ohio,Franklin County,"Columbus, OH",11.277815,108958,92749,104588,104588,1.041783,0,0,operational,confirmed,39049007048,0
regence-salt-lake-city-ut,-111.8868,40.75962,Match,49,35,114000,2009,49035114000,Utah,Salt Lake County,"Salt Lake City-Murray, UT",11.681244,112355,109675,116518,116518,0.96427161,0,0,operational,reported,49035114000,0
centersquare-phx3-az,-111.8590191,33.4212542,Match,4,13,421303,3000,4013421303,Arizona,Maricopa County,"Phoenix-Mesa-Chandler, AZ",8.8706446,92083,95980,103615,103615,0.88870335,0,0,operational,reported,04013421303,0
beale-project-pilot-de-soto-ks,-94.967,38.966,Match,20,91,52701,4000,20091052701,Kansas,Johnson County,"Kansas City, MO-KS",4.7627807,122463,95810,106867,106867,1.1459384,0,0,under_construction,confirmed,20091052701,0
equinix-mi1-nap-of-the-americas-fl,-80.1930886,25.782359,Match,12,86,3710,2010,12086003710,Florida,Miami-Dade County,"Miami-Fort Lauderdale-West Palm Beach, FL",16.43198,122942,89891,89212,89212,1.3780881,0,0,operational,confirmed,12086003710,0
mesh-capital-cabin-field-road-data-center-campbell-va,-78.9909489,37.3407675,Match,51,31,20101,2054,51031020101,Virginia,Campbell County,"Lynchburg, VA",11.162362,81587,115213,85472,85472,0.95454651,0,1,proposed,reported,51031020101,0
edged-energy-ankeny-ia,-93.6058,41.7297,Match,19,153,10205,1028,19153010205,Iowa,Polk County,"Des Moines-West Des Moines, IA",6.5378056,140888,97491,110255,110255,1.2778378,0,0,under_construction,confirmed,19153010205,0
digico-lax1-monterey-park-ca,-118.115058,34.03951,Match,6,37,482801,2004,6037482801,California,Los Angeles County,"Los Angeles-Long Beach-Anaheim, CA",11.25,96875,113346,108949,108949,0.8891775,0,0,cancelled,confirmed,06037482801,0
meta-lebanon-in,-86.45,40.07,Match,18,11,810300,1027,18011810300,Indiana,Boone County,"Indianapolis-Carmel-Greenwood, IN",7.7795219,110423,90767,102227,102227,1.0801746,0,1,under_construction,confirmed,18011810300,0
merkle-standard-usk-wa,-117.2848,48.3079,Match,53,51,970200,4041,53051970200,Washington,Pend Oreille County,NA,19.663742,105731,118075,NA,118075,0.89545625,0,1,operational,reported,53051970200,0
new-carlisle-chicago-trail-data-center-st-joseph-county-in,-86.5089,41.7003,Match,18,141,10800,3027,18141010800,Indiana,St. Joseph County,"South Bend-Mishawaka, IN-MI",3.5204568,100673,90767,87126,87126,1.1554874,0,1,cancelled,reported,18141010800,0
fiberstate-draper-ut,-111.8628,40.52478,Match,49,35,112816,1009,49035112816,Utah,Salt Lake County,"Salt Lake City-Murray, UT",3.6015198,146875,109675,116518,116518,1.2605349,0,0,operational,reported,49035112816,0
cloudhq-manassas-mcc-va,-77.4982,38.7196,Match,51,153,901304,2006,51153901304,Virginia,Prince William County,"Washington-Arlington-Alexandria, DC-VA-MD-WV",4.4359951,136458,115213,154653,154653,0.88234949,0,0,under_construction,confirmed,51153901304,0
cipher-stingray-andrews-county-tx,-102.5457,32.3187,Match,48,3,950300,3047,48003950300,Texas,Andrews County,NA,15.377894,97986,94599,NA,94599,1.0358038,0,1,under_construction,reported,48003950300,0
microsoft-san-antonio-expansion-tx,-98.88,29.35,Match,48,325,101,3063,48325000101,Texas,Medina County,"San Antonio-New Braunfels, TX",8.6132402,91682,94599,92961,92961,0.98624152,0,1,under_construction,reported,48325000101,0
coreweave-dalton-ii-old-tilton-road-whitfield-ga,-84.94183002,34.69265485,Match,13,313,1500,4003,13313001500,Georgia,Whitfield County,"Dalton, GA",21.857197,64628,93754,76435,76435,0.8455289,1,1,under_construction,confirmed,13313001500,1
cipher-colchis-tom-green-tx,-100.3212098,31.5290977,Match,48,451,1600,2105,48451001600,Texas,Tom Green County,"San Angelo, TX",7.5621891,108472,94599,83906,83906,1.29278,0,0,proposed,confirmed,48451001600,0
cirrus-data-services-midvale-ut,-111.8994,40.6111,Match,49,35,112404,2008,49035112404,Utah,Salt Lake County,"Salt Lake City-Murray, UT",11.925176,65446,109675,116518,116518,0.56168145,1,0,operational,reported,49035112404,0
stack-dfw02-lancaster-tx,-96.7561083,32.5920798,Match,48,113,16803,3050,48113016803,Texas,Dallas County,"Dallas-Fort Worth-Arlington, TX",15.457185,54351,94599,108711,108711,0.4999586,1,0,under_construction,reported,48113016803,0
crusoe-warrenton-mo,-91.1432,38.8125,Match,29,219,820106,1047,29219820106,Missouri,Warren County,"St. Louis, MO-IL",7.2174563,100040,91360,105167,105167,0.95124894,0,1,permitted,reported,29219820106,0
sentinum-bni-montana-richland-mt,-104.155973,47.716735,Match,30,83,70400,2006,30083070400,Montana,Richland County,NA,5.3780451,90926,92794,NA,92794,0.97986937,0,1,operational,confirmed,30083070400,0
beale-project-clydesdale-tulsa-county-ok,-95.83,36.28,Match,40,143,5812,1008,40143005812,Oklahoma,Tulsa County,"Tulsa, OK",1.3579576,145245,82385,88320,88320,1.6445313,0,0,under_construction,confirmed,40143005812,0
we-energies-oak-creek-natural-gas-wi,-87.8347,42.8858,Match,55,79,990000,5,55079990000,Wisconsin,Milwaukee County,"Milwaukee-Waukesha, WI",NA,NA,100141,104346,104346,NA,0,1,under_construction,confirmed,55079990000,0
stargate-milam-county-tx,-96.972,30.852,Match,48,331,950401,2066,48331950401,Texas,Milam County,NA,12.401456,72604,94599,NA,94599,0.76749223,0,1,under_construction,reported,48331950401,0
expedient-cmh1-upper-arlington-oh,-83.078426,40.0578366,Match,39,49,6340,1000,39049006340,Ohio,Franklin County,"Columbus, OH",2.3945267,201250,92749,104588,104588,1.924217,0,0,operational,reported,39049006340,0
novva-west-jordan-ut,-112.04576,40.57389,Match,49,35,115211,3028,49035115211,Utah,Salt Lake County,"Salt Lake City-Murray, UT",7.4424343,137180,109675,116518,116518,1.1773288,0,0,operational,confirmed,49035115211,0
talen-susquehanna-aws-pa,-76.14889,41.08889,Match,42,79,216100,2016,42079216100,Pennsylvania,Luzerne County,"Scranton--Wilkes-Barre, PA",6.2263675,99441,100262,85514,85514,1.1628622,0,1,operational,confirmed,42079216100,0
google-columbia-county-ga,-82.2563979,33.5313102,Match,13,73,30403,2014,13073030403,Georgia,Columbia County,"Augusta-Richmond County, GA-SC",7.1749907,120145,93754,84944,84944,1.4144025,0,0,proposed,confirmed,13073030403,0
fortitude-grand-island-ne,-98.35861,40.92167,Match,31,79,300,5072,31079000300,Nebraska,Hall County,"Grand Island, NE",13.731295,73889,99751,87758,87758,0.84196311,0,0,operational,reported,31079000300,0
element-critical-chicago-one-il,-87.9646913,41.9757324,Match,17,43,840101,4033,17043840101,Illinois,DuPage County,"Chicago-Naperville-Elgin, IL-IN",7.2818232,95225,106018,113207,113207,0.84115821,0,0,operational,reported,17043840101,0
simple-mining-cedar-falls-ia,-92.4453,42.5347,Match,19,13,2200,3005,19013002200,Iowa,Black Hawk County,"Waterloo-Cedar Falls, IA",12.563215,100903,97491,90741,90741,1.111989,0,0,cancelled,confirmed,19013002200,0
google-project-louie-monrovia-in,-86.35,39.57,Match,18,109,510202,5021,18109510202,Indiana,Morgan County,"Indianapolis-Carmel-Greenwood, IN",17.826284,90163,90767,102227,102227,0.88198811,0,0,under_construction,confirmed,18109510202,0
virginia-technology-park-clear-brook-frederick-va,-78.096111,39.2564912,Match,51,69,50100,2051,51069050100,Virginia,Frederick County,"Winchester, VA-WV",4.5338116,112330,115213,105992,105992,1.0597969,0,1,proposed,reported,51069050100,0
firstlight-portsmouth-nh-data-center-nh,-70.8080395,43.0761287,Match,33,15,107400,2037,33015107400,New Hampshire,Rockingham County,"Boston-Cambridge-Newton, MA-NH",5.7350564,101000,122715,145780,145780,0.69282478,1,1,operational,reported,33015107400,1
microsoft-firecracker-rome-ga,-85.16,34.27,Match,13,115,600,2000,13115000600,Georgia,Floyd County,"Rome, GA",27.820053,52034,93754,80531,80531,0.64613628,1,1,permitted,reported,13115000600,1
qts-eagle-mountain-ii-fairfield-ut,-112.093,40.26217,Match,49,49,10107,4039,49049010107,Utah,Utah County,"Provo-Orem-Lehi, UT",7.4069095,132173,109675,110937,110937,1.191424,0,1,under_construction,reported,49049010107,0
aws-sprigg-township-adams-county-oh,-83.69306,38.63778,Match,39,1,770600,2048,39001770600,Ohio,Adams County,NA,37.03828,37181,92749,NA,92749,0.40087762,1,1,permitted,confirmed,39001770600,1
digital-realty-new-york-ewr12-nj,-74.4592038,40.5529283,Match,34,23,603,2026,34023000603,New Jersey,Middlesex County,"New York-Newark-Jersey City, NY-NJ",1.9766397,154318,127025,120744,120744,1.2780594,0,0,operational,reported,34023000603,0
cleanspark-campbell-junction-tn,-85.1692,36.0436,Match,47,35,970301,2043,47035970301,Tennessee,Cumberland County,NA,16.276596,65058,87314,NA,87314,0.7451039,0,1,operational,confirmed,47035970301,0
lightedge-chaska-mn,-93.635,44.828,Match,27,19,90802,1002,27019090802,Minnesota,Carver County,"Minneapolis-St. Paul-Bloomington, MN-WI",2.1876314,206845,113993,126705,126705,1.6324928,0,0,operational,confirmed,27019090802,0
ntt-ashburn-va7-data-center-va,-77.471954,39.0160142,Match,51,107,611019,3000,51107611019,Virginia,Loudoun County,"Washington-Arlington-Alexandria, DC-VA-MD-WV",1.6687378,244107,115213,154653,154653,1.5784175,0,0,under_construction,reported,51107611019,0
google-armstrong-county-tx,-101.367,34.973,Match,48,11,950100,3109,48011950100,Texas,Armstrong County,"Amarillo, TX",5.1948051,92188,94599,91941,91941,1.0026865,0,1,under_construction,confirmed,48011950100,0
enbridge-cowboy-solar-bess-laramie-county-wy,-104.82,41.14,Match,56,21,1000,4021,56021001000,Wyoming,Laramie County,"Cheyenne, WY",7.8263965,94276,96997,99600,99600,0.9465462,0,0,under_construction,confirmed,56021001000,0
iron-mountain-mia-1-miami-fl,-80.247556,25.88416,Match,12,86,508,2016,12086000508,Florida,Miami-Dade County,"Miami-Fort Lauderdale-West Palm Beach, FL",38.679245,41269,89891,89212,89212,0.46259472,1,0,under_construction,confirmed,12086000508,0
microsoft-heath-oh,-82.46,40.015,Match,39,89,753100,3047,39089753100,Ohio,Licking County,"Columbus, OH",8.5076981,64814,92749,104588,104588,0.61970782,1,1,under_construction,confirmed,39089753100,1
cleanspark-oneida-tn,-84.5127,36.4981,Match,47,151,975102,3012,47151975102,Tennessee,Scott County,NA,19.262011,70720,87314,NA,87314,0.80995029,0,1,operational,confirmed,47151975102,0
soluna-project-kati-willacy-tx,-97.7836,26.4804,Match,48,489,950300,4017,48489950300,Texas,Willacy County,NA,35.519432,49167,94599,NA,94599,0.51974124,1,1,under_construction,confirmed,48489950300,1
oakland-university-computing-auburn-hills-mi,-83.215,42.675,Match,26,125,981300,1017,26125981300,Michigan,Oakland County,"Detroit-Warren-Dearborn, MI",100,NA,93357,99913,99913,NA,1,0,proposed,confirmed,26125981300,0
entergy-pointe-coupee-cccts-la,-91.3693885,30.7288063,Match,22,77,951900,1005,22077951900,Louisiana,Pointe Coupee Parish,"Baton Rouge, LA",16.970182,94863,79407,89597,89597,1.0587742,0,1,proposed,reported,22077951900,0
epic-hosting-verona-wi,-89.562,42.98,Match,55,25,13700,1025,55025013700,Wisconsin,Dane County,"Madison, WI",1.042654,156047,100141,120280,120280,1.2973645,0,0,permitted,reported,55025013700,0
greenidge-columbus-ms,-88.4273,33.4957,Match,28,87,902,3050,28087000902,Mississippi,Lowndes County,NA,50.893211,NA,73163,NA,73163,NA,1,1,cancelled,confirmed,28087000902,1
mara-granbury-hood-tx,-97.7871,32.4427,Match,48,221,160100,3070,48221160100,Texas,Hood County,NA,7.3523335,86856,94599,NA,94599,0.91814923,0,1,operational,confirmed,48221160100,0
aws-wheatfield-in,-87.0586,41.1955,Match,18,73,100800,4015,18073100800,Indiana,Jasper County,"Chicago-Naperville-Elgin, IL-IN",7.255332,97750,90767,113207,113207,0.86346251,0,1,permitted,confirmed,18073100800,0
centersquare-gallatin-tn,-86.39812,36.40406,Match,47,165,20602,3019,47165020602,Tennessee,Sumner County,"Nashville-Davidson--Murfreesboro--Franklin, TN",8.0913277,103594,87314,105115,105115,0.98553014,0,0,operational,confirmed,47165020602,0
big-watt-digital-onida-sd,-100.3115,44.705,Match,46,119,979100,1219,46119979100,South Dakota,Sully County,NA,6.3199472,98906,96562,NA,96562,1.0242746,0,1,operational,confirmed,46119979100,0
flexential-atlanta-douglasville-2-ga,-84.6112398,33.7307027,Match,13,97,80105,2028,13097080105,Georgia,Douglas County,"Atlanta-Sandy Springs-Roswell, GA",10.400721,144618,93754,107388,107388,1.3466868,0,0,operational,reported,13097080105,0
google-loch-midlothian-va,-77.71,37.454,Match,51,41,101003,4007,51041101003,Virginia,Chesterfield County,"Richmond, VA",1.4231755,176139,115213,110863,110863,1.5887988,0,0,permitted,confirmed,51041101003,0
vantage-stafford-va4-va,-77.44,38.44,Match,51,179,10210,1018,51179010210,Virginia,Stafford County,"Washington-Arlington-Alexandria, DC-VA-MD-WV",1.4542483,172130,115213,154653,154653,1.1130078,0,1,under_construction,confirmed,51179010210,0
aws-project-cosmos-marysville-oh,-83.35,40.237,Match,39,159,50602,1026,39159050602,Ohio,Union County,"Columbus, OH",4.0842648,133183,92749,104588,104588,1.2734061,0,1,under_construction,confirmed,39159050602,0
bitfarms-sharon-pa,-80.497,41.2334,Match,42,85,30300,4006,42085030300,Pennsylvania,Mercer County,NA,13.042061,60000,100262,NA,100262,0.59843212,1,1,operational,confirmed,42085030300,1
flexential-nashville-franklin-tn,-86.8155401,35.9204203,Match,47,187,51001,1036,47187051001,Tennessee,Williamson County,"Nashville-Davidson--Murfreesboro--Franklin, TN",3.3946877,193883,87314,105115,105115,1.8444846,0,0,operational,reported,47187051001,0
prsm-group-cumberland-county-nc,-78.8394,35.0462,Match,37,51,1402,2018,37051001402,North Carolina,Cumberland County,"Fayetteville, NC",35.185184,41953,90290,73956,73956,0.56726974,1,0,proposed,reported,37051001402,0
prince-william-digital-gateway-va,-77.68,38.8,Match,51,153,901509,1022,51153901509,Virginia,Prince William County,"Washington-Arlington-Alexandria, DC-VA-MD-WV",4.281991,217105,115213,154653,154653,1.4038202,0,0,cancelled,confirmed,51153901509,0
csquare-sfo4-ca,-121.9551844,37.3757986,Match,6,85,505202,2041,6085505202,California,Santa Clara County,"San Jose-Sunnyvale-Santa Clara, CA",19.125883,163550,113346,184762,184762,0.88519287,0,0,operational,reported,06085505202,0
tigerdc-project-spero-spartanburg-county-sc,-82.092603,34.9109275,Match,45,83,23101,4043,45083023101,South Carolina,Spartanburg County,"Spartanburg, SC",14.660944,71818,86707,78303,78303,0.91718072,0,0,cancelled,reported,45083023101,0
flexential-salt-lake-city-millcreek-ut,-111.8850505,40.685569,Match,49,35,111906,1000,49035111906,Utah,Salt Lake County,"Salt Lake City-Murray, UT",13.884083,77167,109675,116518,116518,0.66227537,1,0,operational,reported,49035111906,0
amazon-bridgefield-tech-center-ashburn-loudoun-va,-77.4744148,39.029784,Match,51,107,611006,3001,51107611006,Virginia,Loudoun County,"Washington-Arlington-Alexandria, DC-VA-MD-WV",2.078522,211875,115213,154653,154653,1.3700025,0,0,proposed,reported,51107611006,0
equinix-dallas-da12-tx,-96.8586608,32.8209286,Match,48,113,10001,2045,48113010001,Texas,Dallas County,"Dallas-Fort Worth-Arlington, TX",34.268063,43662,94599,108711,108711,0.40163368,1,0,proposed,reported,48113010001,0
equinix-ch1-il,-87.6180475,41.8535578,Match,17,31,330101,1020,17031330101,Illinois,Cook County,"Chicago-Naperville-Elgin, IL-IN",9.9771833,189131,106018,113207,113207,1.6706653,0,0,operational,reported,17031330101,0
blusky-ai-walsenburg-co,-104.780995,37.6235234,Match,8,55,960600,3099,8055960600,Colorado,Huerfano County,NA,24.559307,66633,119139,NA,119139,0.55928791,1,1,proposed,reported,08055960600,1
microsoft-el-mirage-az,-112.3204,33.5695,Match,4,13,61043,3029,4013061043,Arizona,Maricopa County,"Phoenix-Mesa-Chandler, AZ",12.049215,89353,95980,103615,103615,0.86235583,0,0,operational,confirmed,04013061043,0
allegheny-dc-springdale-cheswick-pa,-79.7844,40.5425,Match,42,3,417100,2009,42003417100,Pennsylvania,Allegheny County,"Pittsburgh, PA",1.2235295,88933,100262,102107,102107,0.87097847,0,0,proposed,confirmed,42003417100,0
tpa-social-circle-technology-park-ga,-83.7182,33.6562,Match,13,297,110801,2025,13297110801,Georgia,Walton County,"Atlanta-Sandy Springs-Roswell, GA",6.92974,106489,93754,107388,107388,0.99162847,0,1,proposed,reported,13297110801,0
bloomberg-orangeburg-ny,-73.986828,41.036652,Match,36,87,12800,5044,36087012800,New York,Rockland County,"New York-Newark-Jersey City, NY-NJ",3.946816,227143,106873,120744,120744,1.8811949,0,0,operational,confirmed,36087012800,0
aligned-ord-03-elk-grove-village-il,-87.9703,42.0039,Match,17,31,770300,3018,17031770300,Illinois,Cook County,"Chicago-Naperville-Elgin, IL-IN",8.7209301,97601,106018,113207,113207,0.86214632,0,0,under_construction,reported,17031770300,0
digital-realty-silicon-valley-sjc11-ca,-121.9485649,37.3763668,Match,6,85,505202,2000,6085505202,California,Santa Clara County,"San Jose-Sunnyvale-Santa Clara, CA",19.125883,163550,113346,184762,184762,0.88519287,0,0,operational,reported,06085505202,0
summit-ridge-santaquin-ut,-111.78521,39.97551,Match,49,49,10506,1005,49049010506,Utah,Utah County,"Provo-Orem-Lehi, UT",5.8193979,90577,109675,110937,110937,0.81647241,0,1,under_construction,confirmed,49049010506,0
air-products-cetronia-road-upper-macungie-pa,-75.5965424,40.5510536,Match,42,77,6204,2025,42077006204,Pennsylvania,Lehigh County,"Allentown-Bethlehem-Easton, PA-NJ",0.75078714,169663,100262,103840,103840,1.6338887,0,0,cancelled,reported,42077006204,0
microsoft-ruthenium-west-des-moines-ia,-93.8098423,41.4999095,Match,19,121,60101,2034,19121060101,Iowa,Madison County,"Des Moines-West Des Moines, IA",5.3378029,122170,97491,110255,110255,1.1080676,0,0,proposed,confirmed,19121060101,0
crusoe-nolan-county-tx,-100.405938,32.4709519,Match,48,353,950300,2063,48353950300,Texas,Nolan County,NA,38.479923,39391,94599,NA,94599,0.41639975,1,1,proposed,reported,48353950300,1
bitdeer-shalersville-portage-county-oh,-81.245,41.199,Match,39,133,601100,1006,39133601100,Ohio,Portage County,"Akron, OH",10.594892,73621,92749,95658,95658,0.76962721,0,0,proposed,reported,39133601100,0
lambda-chicago-edgeconnex-il,-87.6298,41.8781,Match,17,31,839100,1094,17031839100,Illinois,Cook County,"Chicago-Naperville-Elgin, IL-IN",9.0022612,188216,106018,113207,113207,1.6625828,0,0,under_construction,confirmed,17031839100,0
canaan-alborz-happy-tx,-101.9165,35.012,Match,48,381,21707,3061,48381021707,Texas,Randall County,"Amarillo, TX",3.4041119,146009,94599,91941,91941,1.5880728,0,0,operational,confirmed,48381021707,0
lumen-austin-3-tx,-97.7235975,30.261396,Match,48,453,902,4022,48453000902,Texas,Travis County,"Austin-Round Rock-San Marcos, TX",10.967197,111286,94599,126591,126591,0.87909883,0,0,operational,reported,48453000902,0
cloudburst-san-marcos-tx,-97.94,29.88,Match,48,209,10500,1020,48209010500,Texas,Hays County,"Austin-Round Rock-San Marcos, TX",21.372192,55809,94599,126591,126591,0.44086072,1,0,under_construction,reported,48209010500,0
tract-eagle-mountain-ut,-112.01198,40.30935,Match,49,49,10114,1031,49049010114,Utah,Utah County,"Provo-Orem-Lehi, UT",2.173167,106508,109675,110937,110937,0.96007645,0,1,proposed,confirmed,49049010114,0
xai-colossus-memphis-tn,-90.0148,35.0565,Match,47,157,22026,1014,47157022026,Tennessee,Shelby County,"Memphis, TN-MS-AR",40.218521,36653,87314,84517,84517,0.43367606,1,0,operational,reported,47157022026,0
mara-findlay-oh,-83.6499,41.0442,Match,39,63,500,1012,39063000500,Ohio,Hancock County,NA,17.484535,60569,92749,NA,92749,0.65304208,1,1,under_construction,confirmed,39063000500,1
microsoft-goodyear-az,-112.39,33.4353,Match,4,13,61024,1005,4013061024,Arizona,Maricopa County,"Phoenix-Mesa-Chandler, AZ",8.2928648,104792,95980,103615,103615,1.0113593,0,0,operational,confirmed,04013061024,0
stream-data-centers-dfwa-dfw-vii-tx,-96.6542632,32.9836243,Match,48,113,19042,5005,48113019042,Texas,Dallas County,"Dallas-Fort Worth-Arlington, TX",19.637823,93929,94599,108711,108711,0.86402482,0,0,operational,reported,48113019042,0
netrality-401-north-broad-philadelphia-pa,-75.1619,39.9601,Match,42,101,12501,3004,42101012501,Pennsylvania,Philadelphia County,"Philadelphia-Camden-Wilmington, PA-NJ-DE-MD",13.845401,146058,100262,116434,116434,1.2544274,0,0,operational,reported,42101012501,0
entergy-cypress-harvest-solar-iberville-la,-91.2636506,30.2318568,Match,22,47,952901,2045,22047952901,Louisiana,Iberville Parish,"Baton Rouge, LA",19.749216,46563,79407,89597,89597,0.51969373,1,0,proposed,confirmed,22047952901,0
prime-ord-elk-grove-village-il,-87.9621839,42.0224688,Match,17,31,770400,3000,17031770400,Illinois,Cook County,"Chicago-Naperville-Elgin, IL-IN",9.4145918,91406,106018,113207,113207,0.80742359,0,0,under_construction,confirmed,17031770400,0
edged-atlanta-tilford-yard-ga,-84.388,33.749,Match,13,121,3500,1015,13121003500,Georgia,Fulton County,"Atlanta-Sandy Springs-Roswell, GA",40.707966,213162,93754,107388,107388,1.9849703,0,0,operational,reported,13121003500,0
vint-hill-corners-fauquier-va,-77.664,38.746,Match,51,61,930401,3012,51061930401,Virginia,Fauquier County,"Washington-Arlington-Alexandria, DC-VA-MD-WV",4.4526606,188973,115213,154653,154653,1.2219162,0,1,proposed,reported,51061930401,0
cologix-des-moines-ia,-93.625,41.5868,Match,19,153,5101,4030,19153005101,Iowa,Polk County,"Des Moines-West Des Moines, IA",22.28772,88661,97491,110255,110255,0.80414492,1,0,operational,confirmed,19153005101,0
equinix-sv15-ca,-121.9884063,37.3754952,Match,6,85,508708,1079,6085508708,California,Santa Clara County,"San Jose-Sunnyvale-Santa Clara, CA",7.3480992,250000,113346,184762,184762,1.3530921,0,0,operational,reported,06085508708,0
powerhouse-chirisa-chester-va,-77.4416,37.3554,Match,51,41,100505,1012,51041100505,Virginia,Chesterfield County,"Richmond, VA",8.8402405,90515,115213,110863,110863,0.81645817,0,0,under_construction,confirmed,51041100505,0
holtwood-hydroelectric-lancaster-county-pa,-76.3339,39.8331,Match,42,71,14501,3088,42071014501,Pennsylvania,Lancaster County,"Lancaster, PA",9.4761171,91042,100262,104406,104406,0.87199968,0,1,operational,reported,42071014501,0
microsoft-fairwater-fayetteville-ga,-84.4549,33.4487,Match,13,113,140406,2023,13113140406,Georgia,Fayette County,"Atlanta-Sandy Springs-Roswell, GA",10.793651,79867,93754,107388,107388,0.74372369,0,0,operational,confirmed,13113140406,0
bitfarms-panther-creek-nesquehoning-pa,-75.828,40.8557,Match,42,25,20301,2014,42025020301,Pennsylvania,Carbon County,"Allentown-Bethlehem-Easton, PA-NJ",12.865873,57045,100262,103840,103840,0.54935479,1,1,operational,confirmed,42025020301,1
expedient-mke1-milwaukee-franklin-wi,-87.9778759,42.8631424,Match,55,79,187200,1032,55079187200,Wisconsin,Milwaukee County,"Milwaukee-Waukesha, WI",8.4749556,144844,100141,104346,104346,1.3881127,0,0,operational,reported,55079187200,0
cipher-barber-lake-colorado-city-tx,-100.8687,32.3954,Match,48,335,950200,2018,48335950200,Texas,Mitchell County,NA,13.505195,96319,94599,NA,94599,1.018182,0,1,under_construction,confirmed,48335950200,0
compass-datacenters-loudoun-county-i-true-north-va,-77.5372623,39.0436134,Match,51,107,611028,2041,51107611028,Virginia,Loudoun County,"Washington-Arlington-Alexandria, DC-VA-MD-WV",2.9555845,250000,115213,154653,154653,1.6165222,0,0,operational,reported,51107611028,0
convergent-technology-park-remington-fauquier-va,-77.8046447409979,38.55073067963831,Match,51,61,930706,2015,51061930706,Virginia,Fauquier County,"Washington-Arlington-Alexandria, DC-VA-MD-WV",10.96208,86597,115213,154653,154653,0.55994385,1,1,proposed,reported,51061930706,1
nscale-monarch-mason-county-wv,-82.1,38.87,Match,54,53,954902,2003,54053954902,West Virginia,Mason County,NA,16.413307,85677,77710,NA,77710,1.1025223,0,1,proposed,confirmed,54053954902,0
cleanspark-washington-ga,-82.7379,33.7376,Match,13,317,10301,1052,13317010301,Georgia,Wilkes County,NA,11.201144,66583,93754,NA,93754,0.71018839,0,1,operational,confirmed,13317010301,0
prologis-mila-trenton-oh,-84.4638,39.48,Match,39,17,15100,3009,39017015100,Ohio,Butler County,"Cincinnati, OH-KY-IN",8.9135733,90360,92749,104379,104379,0.86569136,0,0,permitted,confirmed,39017015100,0
revolve-labs-glencoe-mn,-94.1497,44.7691,Match,27,85,950700,4040,27085950700,Minnesota,McLeod County,NA,8.9980631,94185,113993,NA,113993,0.82623494,0,1,operational,reported,27085950700,0
helion-orion-malaga-wa,-120.2011,47.3722,Match,53,7,961200,1008,53007961200,Washington,Chelan County,"Wenatchee-East Wenatchee, WA",4.9735208,109000,118075,94263,94263,1.1563392,0,1,under_construction,confirmed,53007961200,0
manse-technology-campus-pahrump-nv,-115.9758446,36.1925194,Match,32,23,960407,1051,32023960407,Nevada,Nye County,NA,16.635006,61917,92663,NA,92663,0.66819549,1,1,proposed,reported,32023960407,1
granite-renewables-logan-county-co,-103.207709,40.6255415,Match,8,75,966200,2064,8075966200,Colorado,Logan County,NA,15.91709,47550,119139,NA,119139,0.39911366,1,1,proposed,reported,08075966200,1
ntt-global-mesa-az,-111.62,33.3025,Match,4,13,817600,3086,4013817600,Arizona,Maricopa County,"Phoenix-Mesa-Chandler, AZ",2.7640264,135093,95980,103615,103615,1.3037977,0,0,proposed,reported,04013817600,0
quiet-data-centers-enfield-halifax-county-nc,-77.66889,36.18,Match,37,83,930902,3000,37083930902,North Carolina,Halifax County,NA,36.190121,39100,90290,NA,90290,0.43304905,1,1,proposed,reported,37083930902,1
hickory-grove-generating-station-ia,-90.7318,41.6803,Match,19,163,10300,2052,19163010300,Iowa,Scott County,"Davenport-Moline-Rock Island, IA-IL",15.243342,102159,97491,94063,94063,1.0860699,0,0,proposed,confirmed,19163010300,0
element-critical-austin-one-tx,-97.6961735,30.3428035,Match,48,453,40300,3015,48453040300,Texas,Travis County,"Austin-Round Rock-San Marcos, TX",28.590855,70132,94599,126591,126591,0.55400461,1,0,operational,reported,48453040300,0
oklahoma-ai-ventures-black-bear-noble-county-ok,-97.2836,36.2892,Match,40,103,957000,2001,40103957000,Oklahoma,Noble County,NA,14.237479,118011,82385,NA,82385,1.4324331,0,1,proposed,reported,40103957000,0
terawulf-lansing-ny,-76.4968,42.5453,Match,36,109,2300,2060,36109002300,New York,Tompkins County,"Ithaca, NY",11.536297,100694,106873,114291,114291,0.88103175,0,1,proposed,confirmed,36109002300,0
cyrusone-sangamon-talkington-township-il,-89.84,39.64,Match,17,167,3500,5061,17167003500,Illinois,Sangamon County,"Springfield, IL",5.8848891,104000,106018,103586,103586,1.0039967,0,1,permitted,confirmed,17167003500,0
prometheus-hyperscale-casper-wy,-106.15,42.87,Match,56,25,1401,1407,56025001401,Wyoming,Natrona County,"Casper, WY",4.9239807,100893,96997,94037,94037,1.0729074,0,0,proposed,reported,56025001401,0
digital-realty-lax12-ca,-118.3846186,33.9156593,Match,6,37,980013,1026,6037980013,California,Los Angeles County,"Los Angeles-Long Beach-Anaheim, CA",NA,NA,113346,108949,108949,NA,0,0,operational,reported,06037980013,0
digital-realty-sea1-intergate-seattle-east-bldg-4-wa,-122.2888803,47.4934032,Match,53,33,27200,1004,53033027200,Washington,King County,"Seattle-Tacoma-Bellevue, WA",12.864721,91395,118075,140190,140190,0.65193665,1,0,operational,reported,53033027200,0
dcblox-atlanta-east-conyers-ga,-84.02,33.66,Match,13,247,60310,1013,13247060310,Georgia,Rockdale County,"Atlanta-Sandy Springs-Roswell, GA",4.9747658,90842,93754,107388,107388,0.84592319,0,0,under_construction,reported,13247060310,0
ark-data-centers-marion-ia,-91.5871,42.0341,Match,19,113,400,3041,19113000400,Iowa,Linn County,"Cedar Rapids, IA",3.5377359,104712,97491,100430,100430,1.0426366,0,0,operational,confirmed,19113000400,0
meta-middleton-township-oh,-83.701,41.432,Match,39,173,21200,2050,39173021200,Ohio,Wood County,"Toledo, OH",6.0977101,150428,92749,89262,89262,1.6852412,0,0,under_construction,confirmed,39173021200,0
32-avenue-of-the-americas-ny,-74.004641,40.720012,Match,36,61,3300,1001,36061003300,New York,New York County,"New York-Newark-Jersey City, NY-NJ",3.4616032,250000,106873,120744,120744,2.0704963,0,0,operational,reported,36061003300,0
cyrusone-vint-hill-fauquier-va,-77.67347422456572,38.75228751094812,Match,51,61,930401,3015,51061930401,Virginia,Fauquier County,"Washington-Arlington-Alexandria, DC-VA-MD-WV",4.4526606,188973,115213,154653,154653,1.2219162,0,1,proposed,reported,51061930401,0
aligned-project-caprock-hale-county-tx,-101.84,33.84,Match,48,189,950900,3299,48189950900,Texas,Hale County,NA,4.4176707,88109,94599,NA,94599,0.93139464,0,1,under_construction,confirmed,48189950900,0
qts-chicago-1-il,-87.6689701,41.8422152,Match,17,31,843200,2038,17031843200,Illinois,Cook County,"Chicago-Naperville-Elgin, IL-IN",17.002342,53864,106018,113207,113207,0.47580096,1,0,operational,confirmed,17031843200,0
white-oak-technology-park-columbia-county-ga,-82.28,33.6,Match,13,73,30403,2001,13073030403,Georgia,Columbia County,"Augusta-Richmond County, GA-SC",7.1749907,120145,93754,84944,84944,1.4144025,0,0,permitted,confirmed,13073030403,0
aligned-shippingport-pa,-80.44,40.63,Match,42,7,602701,2020,42007602701,Pennsylvania,Beaver County,"Pittsburgh, PA",12.484549,92417,100262,102107,102107,0.90509957,0,1,permitted,reported,42007602701,0
h6-coin-newcastle-wy,-104.2,43.85,Match,56,45,951300,2056,56045951300,Wyoming,Weston County,NA,8.0105639,108036,96997,NA,96997,1.1138077,0,1,operational,reported,56045951300,0
cogent-akron-summit-county-oh,-81.5183,41.0876,Match,39,153,507400,1032,39153507400,Ohio,Summit County,"Akron, OH",18.436874,70521,92749,95658,95658,0.73722011,0,0,operational,confirmed,39153507400,0
google-spring-sand-springs-ok,-96.11,36.256,Match,40,113,940005,2007,40113940005,Oklahoma,Osage County,"Tulsa, OK",13.530958,101964,82385,88320,88320,1.1544837,0,0,proposed,reported,40113940005,0
tierpoint-milwaukee-wi,-87.9610932,43.0097937,Match,55,79,110100,3014,55079110100,Wisconsin,Milwaukee County,"Milwaukee-Waukesha, WI",20.386425,76042,100141,104346,104346,0.72874856,1,0,operational,reported,55079110100,0
andover-hpc-development-nj,-74.7381,41.0419,Match,34,37,373600,1027,34037373600,New Jersey,Sussex County,"New York-Newark-Jersey City, NY-NJ",13.279888,161016,127025,120744,120744,1.3335321,0,1,proposed,reported,34037373600,0
soluna-project-dorothy-silverton-tx,-101.318337,34.391589,Match,48,45,950200,2360,48045950200,Texas,Briscoe County,NA,16.795666,64643,94599,NA,94599,0.68333703,1,1,operational,confirmed,48045950200,1
ta-realty-elk-grove-village-il,-87.9703,42.0039,Match,17,31,770300,3018,17031770300,Illinois,Cook County,"Chicago-Naperville-Elgin, IL-IN",8.7209301,97601,106018,113207,113207,0.86214632,0,0,under_construction,reported,17031770300,0
google-lagrange-ga,-85.0313269,33.039291,Match,13,285,960401,1030,13285960401,Georgia,Troup County,NA,24.606619,101981,93754,NA,93754,1.0877509,1,1,proposed,confirmed,13285960401,1
lancium-crusoe-abilene-tx,-99.788717,32.502213,Match,48,441,13200,1010,48441013200,Texas,Taylor County,"Abilene, TX",15.31376,59271,94599,85182,85182,0.69581604,1,0,operational,reported,48441013200,0
sentinel-east-whiteland-chester-county-pa,-75.545,40.041,Match,42,29,302103,4026,42029302103,Pennsylvania,Chester County,"Philadelphia-Camden-Wilmington, PA-NJ-DE-MD",3.1653275,164521,100262,116434,116434,1.412998,0,0,under_construction,reported,42029302103,0
galaxy-helios-dickens-tx,-100.8790507,33.7814083,Match,48,125,950300,1055,48125950300,Texas,Dickens County,NA,17.984768,65469,94599,NA,94599,0.69206864,1,1,operational,reported,48125950300,1
stak-energy-north-slope-ak,-148.5,69.84,Match,2,185,200,3102,2185000200,Alaska,North Slope Borough,NA,16.557669,83839,112321,NA,112321,0.74642318,0,1,proposed,reported,02185000200,0
zenith-tooele-valley-burmester-ut,-112.674,40.748,Match,49,45,130600,2114,49045130600,Utah,Tooele County,"Salt Lake City-Murray, UT",18.315218,56111,109675,116518,116518,0.48156509,1,1,proposed,reported,49045130600,1
aspen-creek-digital-olathe-co,-107.973,38.5986,Match,8,85,966202,2085,8085966202,Colorado,Montrose County,NA,10.778844,88151,119139,NA,119139,0.73990047,0,1,operational,reported,08085966202,0
google-fort-wayne-in,-85.056,40.99,Match,18,3,11801,2022,18003011801,Indiana,Allen County,"Fort Wayne, IN",11.542417,90724,90767,88876,88876,1.020793,0,1,operational,confirmed,18003011801,0
simple-mining-cascade-ia,-91.0143,42.2997,Match,19,61,10400,4036,19061010400,Iowa,Dubuque County,"Dubuque, IA",5.1143665,113500,97491,101913,101913,1.113695,0,1,proposed,reported,19061010400,0
atterix-raton-digital-hub-nm,-104.4392,36.9033,Match,35,7,950500,4008,35007950500,New Mexico,Colfax County,NA,17.29977,61115,79556,NA,79556,0.76820099,0,1,proposed,reported,35007950500,0
digital-realty-new-york-ewr10-nj,-74.0250281,40.7618178,Match,34,17,17900,1012,34017017900,New Jersey,Hudson County,"New York-Newark-Jersey City, NY-NJ",2.6214483,250000,127025,120744,120744,2.0704963,0,0,operational,reported,34017017900,0
thornberry-data-center-campus-caroline-va,-77.52,37.885,Match,51,85,320100,2006,51085320100,Virginia,Hanover County,"Richmond, VA",1.3905789,126052,115213,110863,110863,1.1370069,0,1,proposed,reported,51085320100,0
green-digital-harrison-ar,-93.1077,36.2298,Match,5,9,790502,2093,5009790502,Arkansas,Boone County,NA,17.265387,49815,76968,NA,76968,0.64721704,1,1,cancelled,confirmed,05009790502,1
digital-realty-iad38-va,-77.4772014,39.0010841,Match,51,107,611020,3070,51107611020,Virginia,Loudoun County,"Washington-Arlington-Alexandria, DC-VA-MD-WV",0.73657423,155417,115213,154653,154653,1.00494,0,0,operational,reported,51107611020,0
qts-hillsboro-1-or,-122.9277661,45.5588149,Match,41,67,32603,5013,41067032603,Oregon,Washington County,"Portland-Vancouver-Hillsboro, OR-WA",2.2013981,143430,102281,119276,119276,1.2025051,0,0,operational,reported,41067032603,0
applied-digital-polaris-forge-2-harwood-nd,-97.025,47.02,Match,38,17,40200,1232,38017040200,North Dakota,Cass County,"Fargo, ND-MN",4.0501046,124286,104993,109334,109334,1.1367552,0,1,under_construction,confirmed,38017040200,0
tulsaconnect-dc2-tulsa-ok,-95.9932,36.1523,Match,40,143,2500,1064,40143002500,Oklahoma,Tulsa County,"Tulsa, OK",23.428375,72317,82385,88320,88320,0.81880659,1,0,operational,reported,40143002500,0
google-muskogee-county-ok,-95.65,35.57,Match,40,101,1600,1121,40101001600,Oklahoma,Muskogee County,NA,13.771742,80114,82385,NA,82385,0.97243428,0,1,proposed,reported,40101001600,0
edgeconnex-west-valley-city-ut,-111.9867,40.69679,Match,49,35,113406,2021,49035113406,Utah,Salt Lake County,"Salt Lake City-Murray, UT",12.383107,70972,109675,116518,116518,0.60910761,1,0,operational,reported,49035113406,0
stonebridge-pacific-columbia-county-wi,-89.4,43.55,Match,55,21,970600,3060,55021970600,Wisconsin,Columbia County,"Madison, WI",6.7293315,111875,100141,120280,120280,0.93012136,0,1,cancelled,reported,55021970600,0
cleanspark-cheyenne-wy,-104.8202,41.14,Match,56,21,1000,4021,56021001000,Wyoming,Laramie County,"Cheyenne, WY",7.8263965,94276,96997,99600,99600,0.9465462,0,0,operational,reported,56021001000,0
flexential-portland-hillsboro-2-or,-122.9171647,45.558302,Match,41,67,32612,2001,41067032612,Oregon,Washington County,"Portland-Vancouver-Hillsboro, OR-WA",3.994967,165166,102281,119276,119276,1.384738,0,0,operational,reported,41067032612,0
google-the-dalles-or,-121.1776,45.5975,Match,41,65,970200,3055,41065970200,Oregon,Wasco County,NA,15.64784,87981,102281,NA,102281,0.86018908,0,1,operational,confirmed,41065970200,0
lambda-aligned-plano-tx,-96.6989,33.0198,Match,48,85,32003,3009,48085032003,Texas,Collin County,"Dallas-Fort Worth-Arlington, TX",15.241986,73114,94599,108711,108711,0.67255384,1,0,under_construction,confirmed,48085032003,0
wise-innovation-hub-wise-va,-82.53,36.99,Match,51,195,931400,3014,51195931400,Virginia,Wise County,NA,19.130249,71071,115213,NA,115213,0.61686617,1,1,proposed,reported,51195931400,1
rb-inyokern-data-center-ca,-117.807864,35.631817,Match,6,29,5510,1081,6029005510,California,Kern County,"Bakersfield-Delano, CA",16.110134,74583,113346,77234,77234,0.96567571,0,1,proposed,reported,06029005510,0
digital-realty-acc9-va,-77.4673732,39.0154331,Match,51,107,611020,3009,51107611020,Virginia,Loudoun County,"Washington-Arlington-Alexandria, DC-VA-MD-WV",0.73657423,155417,115213,154653,154653,1.00494,0,0,operational,reported,51107611020,0
microsoft-granger-in,-86.13,41.73,Match,18,141,11406,1021,18141011406,Indiana,St. Joseph County,"South Bend-Mishawaka, IN-MI",7.1636362,116008,90767,87126,87126,1.331497,0,0,under_construction,reported,18141011406,0
digital-realty-atlanta-atl13-ga,-84.3914814,33.7555186,Match,13,121,11901,1031,13121011901,Georgia,Fulton County,"Atlanta-Sandy Springs-Roswell, GA",23.299101,NA,93754,107388,107388,NA,1,0,operational,reported,13121011901,0
salcido-cashmere-cashmere-wa,-120.4692,47.5262,Match,53,7,960501,3030,53007960501,Washington,Chelan County,"Wenatchee-East Wenatchee, WA",4.2601628,156019,118075,94263,94263,1.6551458,0,1,operational,reported,53007960501,0
aws-lake-anna-technology-campus-louisa-va,-77.81682351474,38.04763641638,Match,51,109,950202,3039,51109950202,Virginia,Louisa County,NA,7.9941249,95100,115213,NA,115213,0.82542771,0,1,under_construction,confirmed,51109950202,0
sandow-lakes-energy-station-lee-county-tx,-96.9588587,30.3031353,Match,48,287,200,3025,48287000200,Texas,Lee County,NA,4.0109391,87672,94599,NA,94599,0.9267751,0,1,under_construction,reported,48287000200,0
security-land-woodlawn-baltimore-county-md,-76.7448,39.3196,Match,24,5,401102,2008,24005401102,Maryland,Baltimore County,"Baltimore-Columbia-Towson, MD",5.3977275,175039,127817,126229,126229,1.3866782,0,0,proposed,reported,24005401102,0
dulles-cloud-south-gainesville-prince-william-va,-77.61,38.83,Match,51,153,901505,2000,51153901505,Virginia,Prince William County,"Washington-Arlington-Alexandria, DC-VA-MD-WV",0.48851332,231776,115213,154653,154653,1.4986842,0,0,cancelled,reported,51153901505,0
aws-cosgray-hilliard-oh,-83.1761,40.04946,Match,39,49,7961,1010,39049007961,Ohio,Franklin County,"Columbus, OH",1.0373067,185278,92749,104588,104588,1.7715034,0,0,operational,reported,39049007961,0
flexential-nashville-brentwood-nas01-04-tn,-86.8084949,35.9727294,Match,47,187,50306,1025,47187050306,Tennessee,Williamson County,"Nashville-Davidson--Murfreesboro--Franklin, TN",1.1944578,163083,87314,105115,105115,1.5514722,0,0,operational,reported,47187050306,0
iren-sweetwater-tx,-100.4059,32.4707,Match,48,353,950300,2063,48353950300,Texas,Nolan County,NA,38.479923,39391,94599,NA,94599,0.41639975,1,1,under_construction,confirmed,48353950300,1
t5-atlanta-iv-palmetto-ga,-84.724,33.548,Match,13,121,10402,3052,13121010402,Georgia,Fulton County,"Atlanta-Sandy Springs-Roswell, GA",3.038738,112313,93754,107388,107388,1.0458617,0,0,proposed,reported,13121010402,0
tallgrass-project-jade-cheyenne-wy,-104.82,41.12,Match,56,21,200,4010,56021000200,Wyoming,Laramie County,"Cheyenne, WY",14.022988,53980,96997,99600,99600,0.54196787,1,0,under_construction,reported,56021000200,0
tenaska-nebraska-ai-campus-power-plant-proposed,-96.371,40.474,Match,31,97,967500,2017,31097967500,Nebraska,Johnson County,NA,7.2952852,89000,99751,NA,99751,0.89222163,0,1,proposed,confirmed,31097967500,0
applied-digital-polaris-forge-3-oliver-nd,-101.426,47.111,Match,38,65,961200,1204,38065961200,North Dakota,Oliver County,"Bismarck, ND",5.2230687,87500,104993,113325,113325,0.77211559,0,1,proposed,confirmed,38065961200,0
aligned-west-jordan-ut,-111.96973,40.5861,Match,49,35,112921,1008,49035112921,Utah,Salt Lake County,"Salt Lake City-Murray, UT",9.7670441,104639,109675,116518,116518,0.89805007,0,0,operational,confirmed,49035112921,0
coreweave-digital-crossroads-hammond-in,-87.5,41.5836,Match,18,89,21300,3021,18089021300,Indiana,Lake County,"Chicago-Naperville-Elgin, IL-IN",11.080502,82163,90767,113207,113207,0.72577667,0,0,cancelled,confirmed,18089021300,0
dmg-blockchain-boardman-or,-119.70058,45.83986,Match,41,49,970101,1039,41049970101,Oregon,Morrow County,NA,14.84708,76777,102281,NA,102281,0.75064772,0,1,proposed,reported,41049970101,0
flexential-las-vegas-downtown-nv,-115.1431445,36.1686438,Match,32,3,700,2001,32003000700,Nevada,Clark County,"Las Vegas-Henderson-North Las Vegas, NV",37.066341,NA,92663,89785,89785,NA,1,0,operational,reported,32003000700,0
coresite-ch1-chicago-il,-87.6314808,41.8763329,Match,17,31,839100,2024,17031839100,Illinois,Cook County,"Chicago-Naperville-Elgin, IL-IN",9.0022612,188216,106018,113207,113207,1.6625828,0,0,operational,confirmed,17031839100,0
canadys-station-colleton-county-sc,-80.6196529,33.0565161,Match,45,29,970401,1016,45029970401,South Carolina,Colleton County,NA,25.192356,36790,86707,NA,86707,0.42430255,1,1,permitted,confirmed,45029970401,1
compass-red-oak-tx,-96.804371,32.537981,Match,48,139,60206,3000,48139060206,Texas,Ellis County,"Dallas-Fort Worth-Arlington, TX",5.938983,112615,94599,108711,108711,1.0359117,0,0,proposed,reported,48139060206,0
cleanspark-vicksburg-ms,-90.8779,32.3526,Match,28,149,950300,1034,28149950300,Mississippi,Warren County,NA,47.229694,33750,73163,NA,73163,0.46129873,1,1,operational,confirmed,28149950300,1
cyrusone-nas-lemoore-ca,-119.953,36.303,Match,6,31,980000,1017,6031980000,California,Kings County,"Hanford-Corcoran, CA",9.4441004,69564,113346,78609,78609,0.88493681,0,1,proposed,confirmed,06031980000,0
coreweave-lancaster-pa,-76.3055,40.0379,Match,42,71,100,2008,42071000100,Pennsylvania,Lancaster County,"Lancaster, PA",15.35596,82255,100262,104406,104406,0.78783786,0,0,proposed,reported,42071000100,0
lancium-fort-stockton-tx,-102.879,30.894,Match,48,371,950300,1018,48371950300,Texas,Pecos County,NA,34.636303,NA,94599,NA,94599,NA,1,1,operational,confirmed,48371950300,1
verrus-oakline-mill-creek-salem-or,-122.96941,44.88315,Match,41,47,1803,2005,41047001803,Oregon,Marion County,"Salem, OR",12.4632,57283,102281,93261,93261,0.61422247,1,0,proposed,confirmed,41047001803,0
energysolutions-kewaunee-new-nuclear-wi,-87.5369,44.3419,Match,55,61,960500,1005,55061960500,Wisconsin,Kewaunee County,"Green Bay, WI",7.6192093,104766,100141,101584,101584,1.0313238,0,1,proposed,reported,55061960500,0
blockchain-digital-infrastructure-wise-county-tx,-97.5864,33.2343,Match,48,497,150201,1005,48497150201,Texas,Wise County,"Dallas-Fort Worth-Arlington, TX",9.3944349,124732,94599,108711,108711,1.1473724,0,1,under_construction,reported,48497150201,0
srp-marigold-energy-center-stanfield-az,-111.964,32.8834,Match,4,21,941402,1103,4021941402,Arizona,Pinal County,"Phoenix-Mesa-Chandler, AZ",16.673666,75714,95980,103615,103615,0.73072433,0,0,proposed,confirmed,04021941402,0
stack-por01-or,-122.9278183,45.5493273,Match,41,67,32608,1000,41067032608,Oregon,Washington County,"Portland-Vancouver-Hillsboro, OR-WA",6.5566459,118636,102281,119276,119276,0.99463427,0,0,operational,reported,41067032608,0
lavue-massaponax-tech-campus-spotsylvania-va,-77.5505,38.1869,Match,51,177,20315,2007,51177020315,Virginia,Spotsylvania County,"Washington-Arlington-Alexandria, DC-VA-MD-WV",4.2884989,160789,115213,154653,154653,1.039676,0,1,proposed,reported,51177020315,0
hut8-beacon-point-robstown-tx,-97.6689,27.7897,Match,48,355,5604,2022,48355005604,Texas,Nueces County,"Corpus Christi, TX",8.4923668,84167,94599,79893,79893,1.0534966,0,0,under_construction,confirmed,48355005604,0
microsoft-gaines-township-mi,-85.571,42.802,Match,26,81,14803,2004,26081014803,Michigan,Kent County,"Grand Rapids-Wyoming-Kentwood, MI",3.0680919,142222,93357,101026,101026,1.4077762,0,0,proposed,confirmed,26081014803,0
expedient-bwi1-owings-mills-md,-76.8115503,39.4273178,Match,24,5,404101,1015,24005404101,Maryland,Baltimore County,"Baltimore-Columbia-Towson, MD",7.3601856,127621,127817,126229,126229,1.0110276,0,0,operational,reported,24005404101,0
hut8-river-bend-west-feliciana-la,-91.38,30.79,Match,22,125,951803,3012,22125951803,Louisiana,West Feliciana Parish,"Baton Rouge, LA",16.759089,112713,79407,89597,89597,1.2579997,0,1,under_construction,confirmed,22125951803,0
flexential-portland-hillsboro-4-pdx04-or,-122.9401317,45.5553133,Match,41,67,32603,5027,41067032603,Oregon,Washington County,"Portland-Vancouver-Hillsboro, OR-WA",2.2013981,143430,102281,119276,119276,1.2025051,0,0,operational,reported,41067032603,0
microsoft-skipwith-road-campus-mecklenburg-va,-78.4194,36.6798,Match,51,117,930600,3001,51117930600,Virginia,Mecklenburg County,NA,15.711947,83281,115213,NA,115213,0.72284377,0,1,permitted,confirmed,51117930600,0
thunderhead-wind-energy-center-antelope-ne,-98.0298,42.1289,Match,31,3,979700,2085,31003979700,Nebraska,Antelope County,NA,7.0175438,71125,99751,NA,99751,0.71302545,0,1,operational,reported,31003979700,0
terra-nexus-rockingham-richmond-county-nc,-79.7948,34.9151,Match,37,153,970800,1033,37153970800,North Carolina,Richmond County,NA,31.311306,41513,90290,NA,90290,0.45977405,1,1,proposed,reported,37153970800,1
blusky-ai-nephi-ut,-111.83632,39.71023,Match,49,23,10100,3028,49023010100,Utah,Juab County,"Provo-Orem-Lehi, UT",4.6632123,112418,109675,110937,110937,1.0133499,0,1,permitted,confirmed,49023010100,0
riot-calvert-city-marshall-ky,-88.35,37.0334,Match,21,157,950102,3042,21157950102,Kentucky,Marshall County,NA,29.142078,76645,81505,NA,81505,0.94037175,1,1,operational,confirmed,21157950102,1
cloverleaf-carlton-kewaunee-county-wi,-87.58,44.35,Match,55,61,960500,1050,55061960500,Wisconsin,Kewaunee County,"Green Bay, WI",7.6192093,104766,100141,101584,101584,1.0313238,0,1,cancelled,reported,55061960500,0
google-henderson-nv,-115.042545,36.056187,Match,32,3,5116,4001,32003005116,Nevada,Clark County,"Las Vegas-Henderson-North Las Vegas, NV",13.773001,112446,92663,89785,89785,1.2523918,0,0,operational,confirmed,32003005116,0
digital-realty-oak10-ca,-122.2829762,37.7992148,Match,6,1,982000,1021,6001982000,California,Alameda County,"San Francisco-Oakland-Fremont, CA",0,NA,113346,164296,164296,NA,0,0,operational,confirmed,06001982000,0
miningstore-st-anthony-ia,-93.1988,42.1355,Match,19,127,950200,2083,19127950200,Iowa,Marshall County,NA,3.9208634,102054,97491,NA,97491,1.0468043,0,1,operational,reported,19127950200,0
project-hazelnut-hazle-township-pa,-75.955,40.985,Match,42,79,216900,1047,42079216900,Pennsylvania,Luzerne County,"Scranton--Wilkes-Barre, PA",12.47316,87708,100262,85514,85514,1.0256566,0,1,proposed,reported,42079216900,0
beale-gardner-johnson-county-ks,-94.93,38.81,Match,20,91,53709,1018,20091053709,Kansas,Johnson County,"Kansas City, MO-KS",2.8702641,124704,95810,106867,106867,1.1669084,0,0,proposed,reported,20091053709,0
blackstone-data-services-bluestone-tazewell-va,-81.33,37.26,Match,51,185,20200,4016,51185020200,Virginia,Tazewell County,NA,20.807682,61430,115213,NA,115213,0.53318638,1,1,operational,reported,51185020200,1
hixson-bloom-fuel-cells-mcminnville-tn,-85.76998,35.6834,Match,47,177,930500,1026,47177930500,Tennessee,Warren County,NA,14.147078,59414,87314,NA,87314,0.68046361,1,1,proposed,confirmed,47177930500,1
salcido-columbia-wenatchee-wa,-120.3103,47.4235,Match,53,7,961002,4014,53007961002,Washington,Chelan County,"Wenatchee-East Wenatchee, WA",16.408585,83704,118075,94263,94263,0.88798362,0,1,operational,reported,53007961002,0
powerhouse-uhland-caldwell-county-tx,-97.85,29.87,Match,48,55,960501,1018,48055960501,Texas,Caldwell County,"Austin-Round Rock-San Marcos, TX",29.872101,63750,94599,126591,126591,0.50359029,1,0,proposed,reported,48055960501,0
breaker-street-data-center-jessup-lackawanna-pa,-75.5588,41.4712,Match,42,69,111300,3014,42069111300,Pennsylvania,Lackawanna County,"Scranton--Wilkes-Barre, PA",18.131256,87270,100262,85514,85514,1.0205346,0,0,proposed,reported,42069111300,0
cogent-cheyenne-114-w-10th-wy,-104.8110116,41.1278101,Match,56,21,200,2041,56021000200,Wyoming,Laramie County,"Cheyenne, WY",14.022988,53980,96997,99600,99600,0.54196787,1,0,operational,confirmed,56021000200,0
coresite-va1-reston-va-va,-77.3645496,38.9506059,Match,51,59,481202,3001,51059481202,Virginia,Fairfax County,"Washington-Arlington-Alexandria, DC-VA-MD-WV",5.8932428,140227,115213,154653,154653,0.90672022,0,0,operational,reported,51059481202,0
aws-boardman-morrow-county-or,-119.702,45.84,Match,41,49,970101,1038,41049970101,Oregon,Morrow County,NA,14.84708,76777,102281,NA,102281,0.75064772,0,1,proposed,reported,41049970101,0
t5-chicago-iv-grayslake-il,-88.0417,42.3442,Match,17,97,861105,1003,17097861105,Illinois,Lake County,"Chicago-Naperville-Elgin, IL-IN",10.3905,113650,106018,113207,113207,1.0039132,0,0,under_construction,confirmed,17097861105,0
vantage-santa-clara-ii-ca2-ca,-121.94689,37.3640012,Match,6,85,505202,2076,6085505202,California,Santa Clara County,"San Jose-Sunnyvale-Santa Clara, CA",19.125883,163550,113346,184762,184762,0.88519287,0,0,operational,reported,06085505202,0
google-storey-county-nv,-119.5157991,39.4572167,Match,32,29,970200,1123,32029970200,Nevada,Storey County,"Reno, NV",7.0582547,121477,92663,104602,104602,1.1613258,0,1,operational,confirmed,32029970200,0
stack-bossier-parish-la,-93.74,32.69,Match,22,15,11107,2000,22015011107,Louisiana,Bossier Parish,"Shreveport-Bossier City, LA",23.811493,76023,79407,75242,75242,1.0103798,1,1,under_construction,confirmed,22015011107,1
digital-realty-northern-virginia-acc4-va,-77.4624708,39.0178592,Match,51,107,611006,1020,51107611006,Virginia,Loudoun County,"Washington-Arlington-Alexandria, DC-VA-MD-WV",2.078522,211875,115213,154653,154653,1.3700025,0,0,operational,reported,51107611006,0
cleanspark-west-crossville-tn,-85.0269,35.9487,Match,47,35,970502,3044,47035970502,Tennessee,Cumberland County,NA,24.397989,65696,87314,NA,87314,0.75241083,1,1,operational,confirmed,47035970502,1
google-port-of-little-rock-data-center-ar,-92.29,34.746,Match,5,119,4400,2037,5119004400,Arkansas,Pulaski County,"Little Rock-North Little Rock-Conway, AR",11.551312,210375,76968,87649,87649,2.4001985,0,0,under_construction,confirmed,05119004400,0
prologis-rue-ferrari-san-jose-ca,-121.778138,37.247993,Match,6,85,512001,4025,6085512001,California,Santa Clara County,"San Jose-Sunnyvale-Santa Clara, CA",1.7258383,208074,113346,184762,184762,1.1261731,0,0,permitted,confirmed,06085512001,0
arizona-land-consulting-camelback-creek-tonopah-az,-112.962,33.509,Match,4,13,50603,4039,4013050603,Arizona,Maricopa County,"Phoenix-Mesa-Chandler, AZ",11.781109,71250,95980,103615,103615,0.68764174,1,0,proposed,reported,04013050603,0
oregon-industrial-park-data-center-lucas-oh,-83.4614,41.649,Match,39,95,9902,2009,39095009902,Ohio,Lucas County,"Toledo, OH",6.1827955,124293,92749,89262,89262,1.3924514,0,0,proposed,reported,39095009902,0
google-haskell-county-tx,-99.7337,33.1576,Match,48,207,950300,2077,48207950300,Texas,Haskell County,NA,10.664557,78250,94599,NA,94599,0.82717574,0,1,under_construction,confirmed,48207950300,0
microsoft-lowell-township-mi,-85.352,42.93,Match,26,81,12004,4012,26081012004,Michigan,Kent County,"Grand Rapids-Wyoming-Kentwood, MI",4.1758728,83223,93357,101026,101026,0.82377803,0,1,proposed,reported,26081012004,0
socrates-the-younger-new-albany-oh,-82.764,40.066,Match,39,89,755601,2036,39089755601,Ohio,Licking County,"Columbus, OH",2.3718438,170039,92749,104588,104588,1.6257983,0,0,permitted,confirmed,39089755601,0
wallace-jackson-data-center-campus-spalding-ga,-84.2641,33.2468,Match,13,255,161202,1011,13255161202,Georgia,Spalding County,"Atlanta-Sandy Springs-Roswell, GA",21.699545,76654,93754,107388,107388,0.71380413,1,1,permitted,reported,13255161202,1
terrapower-natrium-kemmerer-wy,-110.6,41.75,Match,56,23,978200,1473,56023978200,Wyoming,Lincoln County,NA,2.3209877,102054,96997,NA,96997,1.0521356,0,1,under_construction,reported,56023978200,0
beale-project-mustang-claremore-ok,-95.62,36.31,Match,40,131,50104,2024,40131050104,Oklahoma,Rogers County,"Tulsa, OK",23.161764,51823,82385,88320,88320,0.58676404,1,1,proposed,reported,40131050104,1
qts-atlanta-1-atlanta-metro-dc1-ga,-84.4211544,33.7776897,Match,13,121,700,1011,13121000700,Georgia,Fulton County,"Atlanta-Sandy Springs-Roswell, GA",11.054248,206208,93754,107388,107388,1.9202145,0,0,operational,reported,13121000700,0
joliet-technology-center-il,-88.128,41.432,Match,17,197,883307,2095,17197883307,Illinois,Will County,"Chicago-Naperville-Elgin, IL-IN",4.696774,124306,106018,113207,113207,1.0980417,0,0,permitted,confirmed,17197883307,0
seminoe-generating-station-carbon-county-wy,-107.2,41.65,Match,56,7,967600,2219,56007967600,Wyoming,Carbon County,NA,9.7906408,77350,96997,NA,96997,0.79744732,0,1,proposed,reported,56007967600,0
hp-cherokee-data-center-tulsa-ok,-95.9137,36.2085,Match,40,143,11300,2015,40143011300,Oklahoma,Tulsa County,"Tulsa, OK",28.048334,46433,82385,88320,88320,0.52573597,1,0,operational,reported,40143011300,0
qts-ashburn-2-ashburn-lockridge-va,-77.4562445,38.9959297,Match,51,107,611020,3064,51107611020,Virginia,Loudoun County,"Washington-Arlington-Alexandria, DC-VA-MD-WV",0.73657423,155417,115213,154653,154653,1.00494,0,0,operational,reported,51107611020,0
entergy-waterford-power-station-st-charles-la,-90.47111,29.99528,Match,22,89,62700,2049,22089062700,Louisiana,St. Charles Parish,"New Orleans-Metairie, LA",6.4659686,112125,79407,83780,83780,1.3383266,0,0,permitted,reported,22089062700,0
databank-las1-las-vegas-nv,-115.1470938,36.0597501,Match,32,3,2847,1058,32003002847,Nevada,Clark County,"Las Vegas-Henderson-North Las Vegas, NV",13.6408,65611,92663,89785,89785,0.73075682,0,0,operational,reported,32003002847,0
jackson-technical-enguard-tulsa-ok,-95.9856,36.1509,Match,40,143,2500,1057,40143002500,Oklahoma,Tulsa County,"Tulsa, OK",23.428375,72317,82385,88320,88320,0.81880659,1,0,operational,reported,40143002500,0
new-era-energy-digital-lea-county-data-center-nm,-103.3,32.7,Match,35,25,702,2082,35025000702,New Mexico,Lea County,NA,6.5613284,95135,79556,NA,79556,1.1958243,0,1,proposed,reported,35025000702,0
google-cedar-rapids-ia,-91.723,41.936,Match,19,113,3005,2020,19113003005,Iowa,Linn County,"Cedar Rapids, IA",6.5825067,81667,97491,100430,100430,0.81317335,0,0,under_construction,confirmed,19113003005,0
digital-realty-iad73-va,-77.4664074,39.0066187,Match,51,107,611020,3007,51107611020,Virginia,Loudoun County,"Washington-Arlington-Alexandria, DC-VA-MD-WV",0.73657423,155417,115213,154653,154653,1.00494,0,0,operational,reported,51107611020,0
microsoft-mount-pleasant-wi,-87.9023,42.7209,Match,55,101,1703,3012,55101001703,Wisconsin,Racine County,"Racine-Mount Pleasant, WI",2.5704298,129310,100141,96973,96973,1.3334639,0,0,operational,reported,55101001703,0
tierpoint-valley-forge-pa,-75.4208776,40.1218812,Match,42,91,206006,1000,42091206006,Pennsylvania,Montgomery County,"Philadelphia-Camden-Wilmington, PA-NJ-DE-MD",5.0296783,160313,100262,116434,116434,1.3768573,0,0,operational,reported,42091206006,0
cango-greenvolt-soperton-ga,-82.5917,32.381100000000004,Match,13,283,960200,1036,13283960200,Georgia,Treutlen County,NA,15.922084,68618,93754,NA,93754,0.73189414,0,1,operational,reported,13283960200,0
thor-equities-augusta-township-mi,-83.72,42.163,Match,26,161,422201,2005,26161422201,Michigan,Washtenaw County,"Ann Arbor, MI",3.7557251,166875,93357,126625,126625,1.3178678,0,0,cancelled,reported,26161422201,0
entergy-river-bend-ap1000-west-feliciana-la,-91.3323105,30.7550442,Match,22,125,951803,1030,22125951803,Louisiana,West Feliciana Parish,"Baton Rouge, LA",16.759089,112713,79407,89597,89597,1.2579997,0,1,proposed,reported,22125951803,0
qts-new-albany-4-licking-county-oh,-82.74301,40.11064,Match,39,89,755601,1011,39089755601,Ohio,Licking County,"Columbus, OH",2.3718438,170039,92749,104588,104588,1.6257983,0,0,permitted,reported,39089755601,0
tierpoint-tulsa-state-farm-ok,-95.9928,36.154,Match,40,143,2500,1044,40143002500,Oklahoma,Tulsa County,"Tulsa, OK",23.428375,72317,82385,88320,88320,0.81880659,1,0,operational,confirmed,40143002500,0
montana-property-group-high-falls-road-spalding-ga,-84.2641,33.2468,Match,13,255,161202,1011,13255161202,Georgia,Spalding County,"Atlanta-Sandy Springs-Roswell, GA",21.699545,76654,93754,107388,107388,0.71380413,1,1,permitted,reported,13255161202,1
fervo-project-red-humboldt-county-nv,-118.1428,40.9953,Match,32,13,10501,2440,32013010501,Nevada,Humboldt County,NA,8.1358614,82083,92663,NA,92663,0.88582283,0,1,operational,confirmed,32013010501,0
salcido-pangborn-east-wenatchee-wa,-120.2075,47.3985,Match,53,17,950300,3044,53017950300,Washington,Douglas County,"Wenatchee-East Wenatchee, WA",7.6990705,87371,118075,94263,94263,0.92688543,0,1,operational,reported,53017950300,0
aligned-atl-01-lithia-springs-ga,-84.6602,33.7943,Match,13,97,80106,2007,13097080106,Georgia,Douglas County,"Atlanta-Sandy Springs-Roswell, GA",19.543472,70093,93754,107388,107388,0.65270793,1,0,operational,reported,13097080106,0
amazon-becker-mn,-93.876,45.397,Match,27,141,30407,2010,27141030407,Minnesota,Sherburne County,"Minneapolis-St. Paul-Bloomington, MN-WI",12.913159,109884,113993,126705,126705,0.86724281,0,1,cancelled,confirmed,27141030407,0
hematite-bitcoin-mining-jefferson-county-mo,-90.508,38.126,Match,29,99,701300,2006,29099701300,Missouri,Jefferson County,"St. Louis, MO-IL",14.06658,90016,91360,105167,105167,0.8559339,0,1,permitted,reported,29099701300,0
prometheus-hyperscale-evanston-wy,-110.81,41.27,Match,56,41,975301,3120,56041975301,Wyoming,Uinta County,NA,23.218481,62125,96997,NA,96997,0.64048374,1,1,permitted,confirmed,56041975301,1
google-lancaster-oh,-82.68839,39.72057,Match,39,45,32501,1018,39045032501,Ohio,Fairfield County,"Columbus, OH",8.6581583,112500,92749,104588,104588,1.0756493,0,1,operational,confirmed,39045032501,0
white-cloud-acres-barnard-mo,-94.9436,40.2528,Match,29,147,470200,3124,29147470200,Missouri,Nodaway County,NA,8.3472452,86019,91360,NA,91360,0.94153899,0,1,proposed,reported,29147470200,0
nebius-independence-mo,-94.342,39.089,Match,29,95,11407,2004,29095011407,Missouri,Jackson County,"Kansas City, MO-KS",8.0065355,67113,91360,106867,106867,0.62800491,1,0,under_construction,confirmed,29095011407,0
tract-silver-springs-nv,-119.229,39.407,Match,32,19,960204,1030,32019960204,Nevada,Lyon County,"Reno, NV",22.941721,67639,92663,104602,104602,0.64663202,1,1,proposed,reported,32019960204,1
csquare-sfo2-ca,-121.980963,37.397572,Match,6,85,505010,2035,6085505010,California,Santa Clara County,"San Jose-Sunnyvale-Santa Clara, CA",9.913702,203478,113346,184762,184762,1.1012979,0,0,operational,reported,06085505010,0
new-day-ports-technology-campus-piketon-oh,-83.02,39.06,Match,39,131,952300,3044,39131952300,Ohio,Pike County,NA,23.976362,56512,92749,NA,92749,0.60930037,1,1,under_construction,confirmed,39131952300,1
flexential-dallas-richardson-tx,-96.7524974,32.9948122,Match,48,85,31813,1005,48085031813,Texas,Collin County,"Dallas-Fort Worth-Arlington, TX",76.291992,NA,94599,108711,108711,NA,1,0,operational,reported,48085031813,0
google-eagle-mountain-ut,-112.01198,40.30935,Match,49,49,10114,1031,49049010114,Utah,Utah County,"Provo-Orem-Lehi, UT",2.173167,106508,109675,110937,110937,0.96007645,0,1,proposed,confirmed,49049010114,0
penzance-1500-gateway-fredericksburg-va,-77.509,38.301,Match,51,630,500,2036,51630000500,Virginia,Fredericksburg city,"Washington-Arlington-Alexandria, DC-VA-MD-WV",15.209427,180275,115213,154653,154653,1.1656741,0,1,cancelled,confirmed,51630000500,0
microsoft-hebron-oh,-82.5,40.01,Match,39,89,753100,3052,39089753100,Ohio,Licking County,"Columbus, OH",8.5076981,64814,92749,104588,104588,0.61970782,1,1,under_construction,confirmed,39089753100,1
wahawk-power-waterloo-ia,-92.4006906,42.4429861,Match,19,13,3001,1072,19013003001,Iowa,Black Hawk County,"Waterloo-Cedar Falls, IA",13.09284,81189,97491,90741,90741,0.89473337,0,0,proposed,reported,19013003001,0
tract-virginia-highlands-storey-county-nv,-119.6464691,39.5071009,Match,32,29,970200,1108,32029970200,Nevada,Storey County,"Reno, NV",7.0582547,121477,92663,104602,104602,1.1613258,0,1,proposed,reported,32029970200,0
9ldg-niagara-falls-ny,-79.0433349,43.123029,Match,36,63,20200,2009,36063020200,New York,Niagara County,"Buffalo-Cheektowaga, NY",51.712212,24891,106873,96701,96701,0.25740167,1,0,proposed,reported,36063020200,0
amazon-potomac-church-fredericksburg-va,-77.4042471172777,38.4113223386809,Match,51,179,10106,1003,51179010106,Virginia,Stafford County,"Washington-Arlington-Alexandria, DC-VA-MD-WV",2.2463939,209551,115213,154653,154653,1.3549753,0,1,under_construction,confirmed,51179010106,0
ebay-topaz-south-jordan-ut,-111.93671,40.55849,Match,49,35,113011,3006,49035113011,Utah,Salt Lake County,"Salt Lake City-Murray, UT",2.1527667,160145,109675,116518,116518,1.3744228,0,0,operational,confirmed,49035113011,0
hydravault-chicago-il,-87.6254598,41.846546,Match,17,31,841000,1054,17031841000,Illinois,Cook County,"Chicago-Naperville-Elgin, IL-IN",19.84375,133281,106018,113207,113207,1.1773212,0,0,under_construction,confirmed,17031841000,0
sabey-intergate-ashburn-building-a-va,-77.4799874,39.0144996,Match,51,107,611019,3012,51107611019,Virginia,Loudoun County,"Washington-Arlington-Alexandria, DC-VA-MD-WV",1.6687378,244107,115213,154653,154653,1.5784175,0,0,under_construction,reported,51107611019,0
terawulf-lake-mariner-ny,-78.61459634619537,43.35055916999524,Match,36,63,24102,2001,36063024102,New York,Niagara County,"Buffalo-Cheektowaga, NY",12.843137,78500,106873,96701,96701,0.81178063,0,1,operational,confirmed,36063024102,0
powerhouse-charlotte-nc,-80.8431,35.2271,Match,37,119,101,2000,37119000101,North Carolina,Mecklenburg County,"Charlotte-Concord-Gastonia, NC-SC",4.921875,128333,90290,102246,102246,1.2551396,0,0,under_construction,confirmed,37119000101,0
fort-spunky-pacifico-energy-hood-county-tx,-97.78,32.42,Match,48,221,160206,2012,48221160206,Texas,Hood County,NA,10.224119,91038,94599,NA,94599,0.96235693,0,1,proposed,reported,48221160206,0
ntt-ashburn-va8-data-center-va,-77.475509,39.0201893,Match,51,107,611019,3000,51107611019,Virginia,Loudoun County,"Washington-Arlington-Alexandria, DC-VA-MD-WV",1.6687378,244107,115213,154653,154653,1.5784175,0,0,operational,reported,51107611019,0
h5-data-centers-quincy-campus-wa,-119.8528,47.2334,Match,53,25,10600,2019,53025010600,Washington,Grant County,NA,8.8303165,90379,118075,NA,118075,0.76543725,0,1,operational,confirmed,53025010600,0
aws-project-eagle-boling-wharton-county-tx,-96.0553,29.3167,Match,48,481,740400,5005,48481740400,Texas,Wharton County,NA,8.3253584,83250,94599,NA,94599,0.88003045,0,1,proposed,reported,48481740400,0
aws-project-atlas-madison-county-ms,-90.039,32.6121,Match,28,89,31100,3006,28089031100,Mississippi,Madison County,"Jackson, MS",36.805782,46441,73163,79993,79993,0.58056331,1,1,under_construction,confirmed,28089031100,1
evolution-technology-bourbon-county-ks,-94.9753,37.8473,Match,20,11,955700,1205,20011955700,Kansas,Bourbon County,NA,10.395315,98438,95810,NA,95810,1.0274293,0,1,operational,confirmed,20011955700,0
hyperblock-bonner-mt,-113.873623,46.872644,Match,30,63,1402,2126,30063001402,Montana,Missoula County,"Missoula, MT",9.0724783,99107,92794,102407,102407,0.96777564,0,0,cancelled,confirmed,30063001402,0
stack-svy02-ca,-121.9537306,37.3619343,Match,6,85,505202,2067,6085505202,California,Santa Clara County,"San Jose-Sunnyvale-Santa Clara, CA",19.125883,163550,113346,184762,184762,0.88519287,0,0,operational,reported,06085505202,0
beacon-westline-dove-creek-san-angelo-tx,-100.478,31.335,Match,48,451,1708,4032,48451001708,Texas,Tom Green County,"San Angelo, TX",1.7317246,149551,94599,83906,83906,1.7823637,0,0,proposed,reported,48451001708,0
aligned-iad-06-frederick-md,-77.5089,39.3417,Match,24,21,752502,2008,24021752502,Maryland,Frederick County,"Washington-Arlington-Alexandria, DC-VA-MD-WV",4.7817836,157986,127817,154653,154653,1.0215515,0,1,under_construction,confirmed,24021752502,0
microsoft-irving-tx,-96.9442177,32.8295183,Match,48,113,14601,1027,48113014601,Texas,Dallas County,"Dallas-Fort Worth-Arlington, TX",7.8906651,72375,94599,108711,108711,0.66575599,1,0,proposed,reported,48113014601,0
google-new-albany-oh,-82.77106,40.05832,Match,39,49,7211,1032,39049007211,Ohio,Franklin County,"Columbus, OH",3.7548449,250000,92749,104588,104588,2.3903315,0,0,operational,confirmed,39049007211,0
google-bosc-lima-oh,-84.1052,40.744,Match,39,3,14100,2021,39003014100,Ohio,Allen County,"Lima, OH",42.389526,44327,92749,81395,81395,0.54459119,1,1,permitted,confirmed,39003014100,1
tierpoint-boston-andover-ma,-71.2086024,42.6857078,Match,25,9,254402,1010,25009254402,Massachusetts,Essex County,"Boston-Cambridge-Newton, MA-NH",2.1715262,211750,131675,145780,145780,1.4525312,0,0,operational,reported,25009254402,0
vantage-quincy-wa11-wa,-119.8144903,47.2501646,Match,53,25,10500,1036,53025010500,Washington,Grant County,NA,7.2359843,99739,118075,NA,118075,0.84470886,0,1,operational,reported,53025010500,0
lumen-mclean-1-va,-77.2115713,38.9208538,Match,51,59,471201,2004,51059471201,Virginia,Fairfax County,"Washington-Arlington-Alexandria, DC-VA-MD-WV",7.9903979,151607,115213,154653,154653,0.9803043,0,0,operational,reported,51059471201,0
tulsaconnect-dc1-tulsa-ok,-95.9905,36.1535,Match,40,143,2500,1062,40143002500,Oklahoma,Tulsa County,"Tulsa, OK",23.428375,72317,82385,88320,88320,0.81880659,1,0,operational,reported,40143002500,0
databank-ord4-oak-brook-il,-87.9221234,41.85392,Match,17,43,844602,2004,17043844602,Illinois,DuPage County,"Chicago-Naperville-Elgin, IL-IN",1.80067,160139,106018,113207,113207,1.4145679,0,0,operational,confirmed,17043844602,0
google-hermantown-mn,-92.2382464,46.8068852,Match,27,137,10302,2003,27137010302,Minnesota,St. Louis County,"Duluth, MN-WI",2.5155833,115625,113993,97130,97130,1.1904149,0,0,proposed,reported,27137010302,0
aws-mattermeade-caroline-va,-77.3527,38.044,Match,51,33,30300,3004,51033030300,Virginia,Caroline County,NA,9.3343735,93356,115213,NA,115213,0.81029052,0,1,proposed,confirmed,51033030300,0
bristolville-25-lordstown-oh,-80.87,41.18,Match,39,155,933400,1002,39155933400,Ohio,Trumbull County,"Youngstown-Warren, OH",8.103241,81107,92749,76609,76609,1.0587137,0,0,proposed,confirmed,39155933400,0
greenidge-underwood-nd,-101.1371,47.4564,Match,38,55,960800,4248,38055960800,North Dakota,McLean County,NA,8.3566113,114327,104993,NA,104993,1.0889012,0,1,operational,confirmed,38055960800,0
cleanspark-lafayette-ga,-85.2819,34.7048,Match,13,295,20702,3011,13295020702,Georgia,Walker County,"Chattanooga, TN-GA",18.499598,59485,93754,91131,91131,0.65274167,1,1,operational,confirmed,13295020702,1
digital-realty-ord10-il,-87.6183067,41.8533507,Match,17,31,330101,1020,17031330101,Illinois,Cook County,"Chicago-Naperville-Elgin, IL-IN",9.9771833,189131,106018,113207,113207,1.6706653,0,0,operational,reported,17031330101,0
lunavi-cheyenne-wy,-104.78,41.11,Match,56,21,403,1028,56021000403,Wyoming,Laramie County,"Cheyenne, WY",13.170458,73125,96997,99600,99600,0.73418677,0,0,operational,reported,56021000403,0
atlas-power-williston-nd,-103.618,48.147,Match,38,105,954100,4069,38105954100,North Dakota,Williams County,NA,12.244535,87847,104993,NA,104993,0.83669388,0,1,operational,confirmed,38105954100,0
aws-galaxy-sidney-oh,-84.16,40.29,Match,39,149,971800,3012,39149971800,Ohio,Shelby County,NA,14.709969,59189,92749,NA,92749,0.63816321,1,1,under_construction,reported,39149971800,1
h5-buffalo-i-lockport-ny,-78.7516290070774,43.16879237433895,Match,36,63,23401,3002,36063023401,New York,Niagara County,"Buffalo-Cheektowaga, NY",13.527935,115048,106873,96701,96701,1.1897292,0,1,operational,confirmed,36063023401,0
cyrusone-freestone-energy-center-fairfield-tx,-96.1611,31.7285,Match,48,161,300,1042,48161000300,Texas,Freestone County,NA,26.916376,44185,94599,NA,94599,0.46707681,1,1,under_construction,reported,48161000300,1
eagle-rock-pairmont-data-center-campus-spotsylvania-va,-77.44283210846356,38.1791903850787,Match,51,177,20206,1012,51177020206,Virginia,Spotsylvania County,"Washington-Arlington-Alexandria, DC-VA-MD-WV",6.4631157,116182,115213,154653,154653,0.75124311,0,1,proposed,reported,51177020206,0
red-post-maverick-project-wise-va,-82.53,36.99,Match,51,195,931400,3014,51195931400,Virginia,Wise County,NA,19.130249,71071,115213,NA,115213,0.61686617,1,1,proposed,reported,51195931400,1
constellation-clinton-clean-energy-center-il,-88.8342,40.1722,Match,17,39,971500,2071,17039971500,Illinois,De Witt County,NA,4.4834309,106250,106018,NA,106018,1.0021883,0,1,operational,confirmed,17039971500,0
tenkey-franklin-ky,-86.591,36.703,Match,21,213,970401,2015,21213970401,Kentucky,Simpson County,NA,18.448683,80086,81505,NA,81505,0.98259002,0,1,proposed,reported,21213970401,0
dartpoints-greenville-sc,-82.3434922,34.8075277,Match,45,45,2901,1003,45045002901,South Carolina,Greenville County,"Greenville-Anderson-Greer, SC",12.302937,73299,86707,88723,88723,0.82615554,0,0,operational,confirmed,45045002901,0
prime-dfw01-01-tx,-96.8784007,32.8379581,Match,48,113,10003,2004,48113010003,Texas,Dallas County,"Dallas-Fort Worth-Arlington, TX",20.317751,112253,94599,108711,108711,1.0325818,1,0,operational,reported,48113010003,0
aws-blanchard-caddo-parish-la,-94.04,32.6,Match,22,17,24504,4027,22017024504,Louisiana,Caddo Parish,"Shreveport-Bossier City, LA",17.287331,64451,79407,75242,75242,0.85658276,0,0,under_construction,confirmed,22017024504,0
qts-clinton-clinton-county-ia,-90.24,41.88,Match,19,45,1200,1015,19045001200,Iowa,Clinton County,NA,9.7665558,103333,97491,NA,97491,1.0599235,0,1,proposed,reported,19045001200,0
revolve-labs-windom-mn,-95.1169366,43.8663464,Match,27,33,270400,3046,27033270400,Minnesota,Cottonwood County,NA,20.397669,81635,113993,NA,113993,0.71614045,1,1,cancelled,reported,27033270400,1
databank-den5-centennial-co,-104.8469635,39.5900652,Match,8,5,6864,2004,8005006864,Colorado,Arapahoe County,"Denver-Aurora-Centennial, CO",3.2453637,172692,119139,132002,132002,1.3082529,0,0,operational,confirmed,08005006864,0
soluna-project-annie-paris-tx,-95.5555,33.6609,Match,48,277,800,3004,48277000800,Texas,Lamar County,NA,40.186916,31908,94599,NA,94599,0.33729744,1,1,proposed,reported,48277000800,1
soluna-project-fei-childress-tx,-100.2013,34.4262,Match,48,75,950200,1047,48075950200,Texas,Childress County,NA,15.362319,67865,94599,NA,94599,0.71739662,0,1,proposed,reported,48075950200,0
tierpoint-sioux-falls-west-sd,-96.8091949,43.6069708,Match,46,99,10405,3007,46099010405,South Dakota,Minnehaha County,"Sioux Falls, SD-MN",10.139379,100429,96562,106578,106578,0.94230515,0,0,operational,reported,46099010405,0
meta-huntsville-al,-86.647,34.726,Match,1,89,1404,3026,1089001404,Alabama,Madison County,"Huntsville, AL",12.714078,89123,83032,109450,109450,0.81428051,0,0,operational,confirmed,01089001404,0
coresite-de3-denver-co,-104.9903,39.7392,Match,8,31,2000,1009,8031002000,Colorado,Denver County,"Denver-Aurora-Centennial, CO",10.902256,213856,119139,132002,132002,1.6200967,0,0,under_construction,confirmed,08031002000,0
cyrusone-nva1-nva2-nva3-sterling-va,-77.4144697,39.0259023,Match,51,107,611501,3001,51107611501,Virginia,Loudoun County,"Washington-Arlington-Alexandria, DC-VA-MD-WV",2.6223304,100475,115213,154653,154653,0.64968026,1,0,operational,reported,51107611501,0
hyperscale-data-dowagiac-mi,-86.109,41.984,Match,26,27,1901,1036,26027001901,Michigan,Cass County,"South Bend-Mishawaka, IN-MI",22.129726,80682,93357,87126,87126,0.92603815,1,1,under_construction,confirmed,26027001901,1
revolve-labs-moose-lake-mn,-92.761976,46.4543725,Match,27,17,70501,1053,27017070501,Minnesota,Carlton County,"Duluth, MN-WI",36.201782,92768,113993,97130,97130,0.95509112,1,1,cancelled,reported,27017070501,1
ln-compute-cuthbert-ga,-84.79361,31.77083,Match,13,243,790200,5043,13243790200,Georgia,Randolph County,NA,30.17845,39620,93754,NA,93754,0.42259529,1,1,operational,reported,13243790200,1
google-red-oak-tx,-96.8011,32.5163,Match,48,139,60207,2010,48139060207,Texas,Ellis County,"Dallas-Fort Worth-Arlington, TX",6.681191,112830,94599,108711,108711,1.0378895,0,0,operational,confirmed,48139060207,0
flexential-kaufman-county-talty-tx,-96.3378,32.689,Match,48,257,50701,1035,48257050701,Texas,Kaufman County,"Dallas-Fort Worth-Arlington, TX",8.6857376,121731,94599,108711,108711,1.1197671,0,1,proposed,reported,48257050701,0
geronimo-nobles-county-powered-data-park-mn,-95.6,43.62,Match,27,105,105500,3023,27105105500,Minnesota,Nobles County,NA,11.518152,76602,113993,NA,113993,0.67198861,1,1,proposed,reported,27105105500,1
invitium-energy-carroll-township-perry-county-pa,-77.17,40.32,Match,42,99,30501,3028,42099030501,Pennsylvania,Perry County,"Harrisburg-Carlisle, PA",13.891496,95563,100262,102964,102964,0.92812049,0,1,proposed,reported,42099030501,0
edged-dallas-irving-tx,-96.9169508,32.8211516,Match,48,113,20100,1058,48113020100,Texas,Dallas County,"Dallas-Fort Worth-Arlington, TX",18.798151,74028,94599,108711,108711,0.68096143,1,0,operational,reported,48113020100,0
rowan-temple-tx,-97.3428,31.0982,Match,48,27,20701,1028,48027020701,Texas,Bell County,"Killeen-Temple, TX",37.635185,31214,94599,81686,81686,0.38212177,1,0,under_construction,confirmed,48027020701,0
voonami-orem-ut,-111.69443,40.29816,Match,49,49,901,2013,49049000901,Utah,Utah County,"Provo-Orem-Lehi, UT",11.70778,73952,109675,110937,110937,0.66661257,1,0,operational,reported,49049000901,0
expedient-cmh2-dublin-oh,-83.1539198,40.0907697,Match,39,49,6239,2004,39049006239,Ohio,Franklin County,"Columbus, OH",7.5740943,109035,92749,104588,104588,1.0425192,0,0,operational,confirmed,39049006239,0
cyrusone-cin2-cincinnati-oh,-84.5179229,39.1027886,Match,39,61,700,3044,39061000700,Ohio,Hamilton County,"Cincinnati, OH-KY-IN",6.5982904,130469,92749,104379,104379,1.2499545,0,0,operational,confirmed,39061000700,0
qts-irving-1-tx,-96.9826475,32.897247900000004,Match,48,113,14159,2024,48113014159,Texas,Dallas County,"Dallas-Fort Worth-Arlington, TX",0.18552876,231472,94599,108711,108711,2.1292417,0,0,operational,reported,48113014159,0
dominion-chesterfield-energy-reliability-center-va,-77.38444091694713,37.38189170453291,Match,51,41,100403,3015,51041100403,Virginia,Chesterfield County,"Richmond, VA",2.0841961,128984,115213,110863,110863,1.1634539,0,0,permitted,confirmed,51041100403,0
global-ai-windsor-co,-104.909,40.4653149,Match,8,123,2206,2029,8123002206,Colorado,Weld County,"Greeley, CO",10.055683,105845,119139,112953,112953,0.93707114,0,0,under_construction,confirmed,08123002206,0
servpac-mtp2-mililani-hi,-158.017,21.448,Match,15,3,8906,2003,15003008906,Hawaii,Honolulu County,"Urban Honolulu, HI",0.82580644,126413,118909,125683,125683,1.0058082,0,1,proposed,confirmed,15003008906,0
metrobloks-mia-a1-miami-fl,-80.41,25.79,Match,12,86,14100,1010,12086014100,Florida,Miami-Dade County,"Miami-Fort Lauderdale-West Palm Beach, FL",34.782608,NA,89891,89212,89212,NA,1,0,proposed,confirmed,12086014100,0
rack59-oklahoma-city-ok,-97.5164,35.4676,Match,40,109,980007,1008,40109980007,Oklahoma,Oklahoma County,"Oklahoma City, OK",28.117359,165278,82385,90681,90681,1.822631,0,0,operational,confirmed,40109980007,0
agriforce-west-point-columbiana-oh,-80.702,40.662,Match,39,29,951300,2020,39029951300,Ohio,Columbiana County,NA,15.368098,75354,92749,NA,92749,0.81245083,0,1,operational,reported,39029951300,0
aligned-ord-01-il,-87.9175163,41.9140034,Match,17,31,811800,2009,17031811800,Illinois,Cook County,"Chicago-Naperville-Elgin, IL-IN",6.7065196,105575,106018,113207,113207,0.93258369,0,0,operational,reported,17031811800,0
switch-atlanta-the-keep-ga,-84.5872685,33.7550251,Match,13,97,80105,1034,13097080105,Georgia,Douglas County,"Atlanta-Sandy Springs-Roswell, GA",10.400721,144618,93754,107388,107388,1.3466868,0,0,operational,reported,13097080105,0
prologis-stem-park-zanker-road-san-jose-ca,-121.943,37.423,Match,6,85,504602,1018,6085504602,California,Santa Clara County,"San Jose-Sunnyvale-Santa Clara, CA",7.4578471,144464,113346,184762,184762,0.78189236,0,0,proposed,reported,06085504602,0
novva-apex-industrial-park-north-las-vegas-nv,-114.9278,36.3291,Match,32,3,5902,1172,32003005902,Nevada,Clark County,"Las Vegas-Henderson-North Las Vegas, NV",16.885553,112778,92663,89785,89785,1.2560896,0,0,proposed,reported,32003005902,0
tulsa-technology-exchange-tulsa-ok,-95.9903,36.1512,Match,40,143,2500,1073,40143002500,Oklahoma,Tulsa County,"Tulsa, OK",23.428375,72317,82385,88320,88320,0.81880659,1,0,operational,reported,40143002500,0
tulsaconnect-downtown-dc5-tulsa-ok,-95.9928,36.154,Match,40,143,2500,1044,40143002500,Oklahoma,Tulsa County,"Tulsa, OK",23.428375,72317,82385,88320,88320,0.81880659,1,0,operational,reported,40143002500,0
stream-data-centers-phxa-phoenix-i-vii-goodyear-campus-az,-112.3599883,33.4194907,Match,4,13,61058,2006,4013061058,Arizona,Maricopa County,"Phoenix-Mesa-Chandler, AZ",6.9172931,117325,95980,103615,103615,1.1323167,0,0,operational,reported,04013061058,0
ecp-york-2-energy-center-data-center-peach-bottom-york-pa,-76.35,39.75,Match,42,133,24001,2001,42133024001,Pennsylvania,York County,"York-Hanover, PA",4.4394541,89233,100262,102186,102186,0.87324095,0,1,proposed,reported,42133024001,0
safe-harbor-hydroelectric-lancaster-county-pa,-76.3856,39.9331,Match,42,71,13800,3054,42071013800,Pennsylvania,Lancaster County,"Lancaster, PA",6.9736843,121259,100262,104406,104406,1.161418,0,0,operational,reported,42071013800,0
cipher-mikeska-mcculloch-county-tx,-99.3349,31.1317,Match,48,307,950300,2029,48307950300,Texas,McCulloch County,NA,14.68254,82965,94599,NA,94599,0.87701774,0,1,proposed,reported,48307950300,0
radiusdc-miami-i-sweetwater-fl,-80.3839,25.7871,Match,12,86,9010,1097,12086009010,Florida,Miami-Dade County,"Miami-Fort Lauderdale-West Palm Beach, FL",4.8770547,120705,89891,89212,89212,1.353013,0,0,operational,confirmed,12086009010,0
equinix-sv1-ca,-121.7833277,37.2415975,Match,6,85,512032,3002,6085512032,California,Santa Clara County,"San Jose-Sunnyvale-Santa Clara, CA",12.269938,176667,113346,184762,184762,0.95618689,0,0,operational,reported,06085512032,0
canaan-bear-andrews-tx,-102.6042,32.2691,Match,48,3,950400,2069,48003950400,Texas,Andrews County,NA,11.656773,85625,94599,NA,94599,0.90513641,0,1,operational,confirmed,48003950400,0
fibernet-orem-ut,-111.67595,40.27619,Match,49,49,1300,5002,49049001300,Utah,Utah County,"Provo-Orem-Lehi, UT",5.0949912,78346,109675,110937,110937,0.70622063,0,0,operational,confirmed,49049001300,0
meta-montgomery-al,-86.273,32.185,Match,1,101,5903,2005,1101005903,Alabama,Montgomery County,"Montgomery, AL",13.534219,105901,83032,81959,81959,1.2921216,0,1,under_construction,confirmed,01101005903,0
cipher-black-pearl-wink-tx,-103.1607,31.751,Match,48,495,950400,1099,48495950400,Texas,Winkler County,NA,15.324046,123086,94599,NA,94599,1.3011342,0,1,under_construction,confirmed,48495950400,0
microsoft-silver-springs-lyon-county-nv,-119.22674429999999,39.373597,Match,32,19,960205,1013,32019960205,Nevada,Lyon County,"Reno, NV",20.627062,63365,92663,104602,104602,0.60577238,1,1,proposed,reported,32019960205,1
gigaland-data-centers-remington-fauquier-va,-77.78314256153212,38.56070838764574,Match,51,61,930706,3015,51061930706,Virginia,Fauquier County,"Washington-Arlington-Alexandria, DC-VA-MD-WV",10.96208,86597,115213,154653,154653,0.55994385,1,1,proposed,reported,51061930706,1
flexential-nashville-cool-springs-tn,-86.833406,35.951045,Match,47,187,50307,2047,47187050307,Tennessee,Williamson County,"Nashville-Davidson--Murfreesboro--Franklin, TN",3.1750128,115459,87314,105115,105115,1.0984066,0,0,operational,reported,47187050307,0
cleanspark-college-park-ga,-84.4277,33.6407,Match,13,63,980000,1017,13063980000,Georgia,Clayton County,"Atlanta-Sandy Springs-Roswell, GA",NA,NA,93754,107388,107388,NA,0,0,operational,confirmed,13063980000,0
aws-hobart-in,-87.263,41.517,Match,18,89,42000,4000,18089042000,Indiana,Lake County,"Chicago-Naperville-Elgin, IL-IN",7.3950796,93750,90767,113207,113207,0.82812899,0,0,under_construction,confirmed,18089042000,0
edgeconnex-mad01-madison-wi,-89.2982832,43.0481038,Match,55,25,3100,3034,55025003100,Wisconsin,Dane County,"Madison, WI",8.0101185,113958,100141,120280,120280,0.94743931,0,0,operational,confirmed,55025003100,0
stratos-box-elder-ut,-113.5,41.5,Match,49,3,960100,3429,49003960100,Utah,Box Elder County,NA,10.962633,95658,109675,NA,109675,0.87219512,0,1,proposed,reported,49003960100,0
microsoft-bristow-mnz03-va,-77.56,38.728,Match,51,153,901417,1007,51153901417,Virginia,Prince William County,"Washington-Arlington-Alexandria, DC-VA-MD-WV",1.212508,228625,115213,154653,154653,1.4783095,0,0,operational,reported,51153901417,0
coresite-bo1-boston-ma-ma,-71.0797577,42.3767059,Match,25,17,351500,4006,25017351500,Massachusetts,Middlesex County,"Boston-Cambridge-Newton, MA-NH",12.987013,101875,131675,145780,145780,0.69882703,1,0,operational,reported,25017351500,0
stargate-saline-township-mi,-83.8063,42.174,Match,26,161,425000,3017,26161425000,Michigan,Washtenaw County,"Ann Arbor, MI",2.9490616,192321,93357,126625,126625,1.5188233,0,0,under_construction,reported,26161425000,0
voltagrid-covington-power-plant-ga,-83.8602,33.5968,Match,13,217,100701,1000,13217100701,Georgia,Newton County,"Atlanta-Sandy Springs-Roswell, GA",20.113493,34302,93754,107388,107388,0.31942117,1,0,under_construction,confirmed,13217100701,0
h5-data-centers-cincinnati-gest-oh,-84.5261021,39.0981558,Match,39,61,26300,1105,39061026300,Ohio,Hamilton County,"Cincinnati, OH-KY-IN",66.747574,NA,92749,104379,104379,NA,1,0,operational,confirmed,39061026300,0
iron-mountain-den1-denver-co,-104.9695542,39.7773827,Match,8,31,3501,1036,8031003501,Colorado,Denver County,"Denver-Aurora-Centennial, CO",25.47506,70313,119139,132002,132002,0.53266615,1,0,operational,confirmed,08031003501,0
westblock-shiprock-nm,-108.6866,36.7867,Match,35,45,942802,4030,35045942802,New Mexico,San Juan County,"Farmington, NM",30.805092,42083,79556,68290,68290,0.61623955,1,1,cancelled,reported,35045942802,1
cologix-jax1-fl,-81.6624257,30.3314298,Match,12,31,17200,2081,12031017200,Florida,Duval County,"Jacksonville, FL",44.759972,54265,89891,98813,98813,0.54916865,1,0,operational,reported,12031017200,0
stargate-lordstown-oh,-80.8534,41.1745,Match,39,155,933400,2005,39155933400,Ohio,Trumbull County,"Youngstown-Warren, OH",8.103241,81107,92749,76609,76609,1.0587137,0,0,under_construction,reported,39155933400,0
edgeconnex-mesa-campus-phx11-3302-s-hawes-rd-az,-111.6475291,33.3520091,Match,4,13,422655,2000,4013422655,Arizona,Maricopa County,"Phoenix-Mesa-Chandler, AZ",4.5466089,101364,95980,103615,103615,0.97827536,0,0,under_construction,reported,04013422655,0
mudiita-ransom-township-lackawanna-pa,-75.7375,41.4483,Match,42,69,112400,2039,42069112400,Pennsylvania,Lackawanna County,"Scranton--Wilkes-Barre, PA",11.913627,108311,100262,85514,85514,1.266588,0,1,cancelled,reported,42069112400,0
prometheus-hyperscale-fort-morgan-co,-103.799951,40.2502582,Match,8,87,500,2018,8087000500,Colorado,Morgan County,NA,3.9985051,73993,119139,NA,119139,0.62106448,1,1,proposed,reported,08087000500,1
lumen-ashburn-va,-77.4576094,39.022182,Match,51,107,611006,1020,51107611006,Virginia,Loudoun County,"Washington-Arlington-Alexandria, DC-VA-MD-WV",2.078522,211875,115213,154653,154653,1.3700025,0,0,operational,reported,51107611006,0
cloverleaf-project-open-sky-piedmont-ok,-97.8,35.7,Match,40,17,300201,1094,40017300201,Oklahoma,Canadian County,"Oklahoma City, OK",3.6414177,103852,82385,90681,90681,1.1452454,0,0,proposed,reported,40017300201,0
powerhouse-95-spotsylvania-va,-77.66,38.17,Match,51,177,20406,3011,51177020406,Virginia,Spotsylvania County,"Washington-Arlington-Alexandria, DC-VA-MD-WV",13.665879,104044,115213,154653,154653,0.67275774,1,1,under_construction,reported,51177020406,1
eagle-rock-meridian-technology-park-taylorville-il,-89.36787,39.489771,Match,17,21,959000,2021,17021959000,Illinois,Christian County,NA,5.0573301,96625,106018,NA,106018,0.91140181,0,1,proposed,reported,17021959000,0
qts-new-albany-1-franklin-county-oh,-82.75793,40.06378,Match,39,89,755601,2036,39089755601,Ohio,Licking County,"Columbus, OH",2.3718438,170039,92749,104588,104588,1.6257983,0,0,under_construction,confirmed,39089755601,0
bluebird-quad-cities-bettendorf-ia,-90.5157,41.5245,Match,19,163,13200,1077,19163013200,Iowa,Scott County,"Davenport-Moline-Rock Island, IA-IL",3.1375167,115833,97491,94063,94063,1.2314407,0,0,operational,confirmed,19163013200,0
midcon-recovery-solutions-oklahoma-city-ok,-97.567,35.618,Match,40,109,108326,2000,40109108326,Oklahoma,Oklahoma County,"Oklahoma City, OK",14.014252,85257,82385,90681,90681,0.9401859,0,0,operational,reported,40109108326,0
cascade-digital-power-hatfield-wi,-90.7306966,44.4146842,Match,55,53,960200,3004,55053960200,Wisconsin,Jackson County,NA,10.028011,81250,100141,NA,100141,0.81135601,0,1,operational,confirmed,55053960200,0
entergy-bogalusa-west-solar-washington-parish-la,-89.8486858,30.7910204,Match,22,117,950800,2040,22117950800,Louisiana,Washington Parish,NA,26.37636,57950,79407,NA,79407,0.72978455,1,1,under_construction,reported,22117950800,1
microsoft-elk-grove-village-il,-87.96,42.005,Match,17,31,770300,3018,17031770300,Illinois,Cook County,"Chicago-Naperville-Elgin, IL-IN",8.7209301,97601,106018,113207,113207,0.86214632,0,0,under_construction,confirmed,17031770300,0
beacon-golden-valley-ca,-119.55,35.36,Match,6,29,3304,2156,6029003304,California,Kern County,"Bakersfield-Delano, CA",13.347826,103750,113346,77234,77234,1.3433203,0,1,proposed,reported,06029003304,0
flexential-minneapolis-chaska-msp01-mn,-93.5988964,44.8516116,Match,27,19,90802,2000,27019090802,Minnesota,Carver County,"Minneapolis-St. Paul-Bloomington, MN-WI",2.1876314,206845,113993,126705,126705,1.6324928,0,0,operational,reported,27019090802,0
greenidge-spartanburg-sc,-81.925,34.9494,Match,45,83,21200,1109,45083021200,South Carolina,Spartanburg County,"Spartanburg, SC",9.3898201,178487,86707,78303,78303,2.2794402,0,1,cancelled,confirmed,45083021200,0
google-palo-ia,-91.7935,42.0611,Match,19,113,10600,3049,19113010600,Iowa,Linn County,"Cedar Rapids, IA",1.8993206,145139,97491,100430,100430,1.4451758,0,0,proposed,confirmed,19113010600,0
bull-church-data-center-caroline-va,-77.49262214339025,38.00820612043225,Match,51,33,30503,1051,51033030503,Virginia,Caroline County,NA,27.86536,47695,115213,NA,115213,0.41397238,1,1,proposed,reported,51033030503,1
edgeconnex-mcn-new-albany-licking-county-oh,-82.72274,40.08878,Match,39,89,755601,1031,39089755601,Ohio,Licking County,"Columbus, OH",2.3718438,170039,92749,104588,104588,1.6257983,0,0,under_construction,reported,39089755601,0
meta-stanton-springs-newton-ga,-83.7182,33.6551,Match,13,297,110801,1006,13297110801,Georgia,Walton County,"Atlanta-Sandy Springs-Roswell, GA",6.92974,106489,93754,107388,107388,0.99162847,0,1,operational,reported,13297110801,0
microsoft-van-meter-ia,-93.9548406,41.5332166,Match,19,49,50902,3073,19049050902,Iowa,Dallas County,"Des Moines-West Des Moines, IA",1.6703243,147458,97491,110255,110255,1.3374269,0,1,proposed,reported,19049050902,0
peak-mining-texas-2-corpus-christi-tx,-97.421,27.852,Match,48,355,6300,1001,48355006300,Texas,Nueces County,"Corpus Christi, TX",34.827194,49920,94599,79893,79893,0.62483573,1,0,under_construction,reported,48355006300,0
prime-smf02-sacramento-ca,-121.399,38.671,Match,6,67,7301,3003,6067007301,California,Sacramento County,"Sacramento-Roseville-Folsom, CA",24.963045,60923,113346,116511,116511,0.52289486,1,0,under_construction,confirmed,06067007301,0
starwood-digital-project-washington-de,-75.593,39.578,Match,10,3,16404,2019,10003016404,Delaware,New Castle County,"Philadelphia-Camden-Wilmington, PA-NJ-DE-MD",4.1065125,101146,105121,116434,116434,0.86869812,0,0,proposed,reported,10003016404,0
tract-farmington-technology-park-mn,-93.152,44.606,Match,27,37,60904,1003,27037060904,Minnesota,Dakota County,"Minneapolis-St. Paul-Bloomington, MN-WI",12.450369,80873,113993,126705,126705,0.63827789,1,0,proposed,confirmed,27037060904,0
ainet-cybernap-glen-burnie-md,-76.612,39.169,Match,24,3,751000,1001,24003751000,Maryland,Anne Arundel County,"Baltimore-Columbia-Towson, MD",9.9060202,114250,127817,126229,126229,0.90510106,0,0,operational,reported,24003751000,0
deep-river-data-cumnock-lee-county-nc,-79.23778,35.555,Match,37,105,30601,2014,37105030601,North Carolina,Lee County,NA,8.6076632,108286,90290,NA,90290,1.1993133,0,1,proposed,reported,37105030601,0
bginusa-york-ne,-97.593,40.885,Match,31,185,969700,2049,31185969700,Nebraska,York County,NA,10.113519,98448,99751,NA,99751,0.98693746,0,1,permitted,confirmed,31185969700,0
hixson-data-center-mcminnville-tn,-85.76998,35.6834,Match,47,177,930500,1026,47177930500,Tennessee,Warren County,NA,14.147078,59414,87314,NA,87314,0.68046361,1,1,proposed,confirmed,47177930500,1
google-redhawk-mesa-az,-111.6199,33.3764,Match,4,13,422642,3007,4013422642,Arizona,Maricopa County,"Phoenix-Mesa-Chandler, AZ",4.3879056,100590,95980,103615,103615,0.97080541,0,0,operational,confirmed,04013422642,0
aws-calvert-cliffs-md,-76.443,38.437,Match,24,9,861100,1003,24009861100,Maryland,Calvert County,"Lexington Park, MD",2.3570135,150096,127817,147758,147758,1.0158231,0,1,cancelled,reported,24009861100,0
lightfield-energy-chickasha-airport-ok,-97.9364,35.0526,Match,40,51,1000,1007,40051001000,Oklahoma,Grady County,"Oklahoma City, OK",24.992334,54521,82385,90681,90681,0.6012395,1,1,proposed,reported,40051001000,1
qts-colorado-springs-co,-104.8426568,38.9220674,Match,8,41,3711,1002,8041003711,Colorado,El Paso County,"Colorado Springs, CO",5.9221659,113419,119139,108260,108260,1.0476538,0,0,operational,reported,08041003711,0
we-energies-paris-rice-wi,-88.0087,42.6489,Match,55,59,2802,1013,55059002802,Wisconsin,Kenosha County,"Kenosha, WI",4.9435029,119659,100141,105009,105009,1.1395118,0,0,under_construction,confirmed,55059002802,0
bitfarms-scrubgrass-kennerdell-pa,-79.8517,41.2306,Match,42,121,201400,2009,42121201400,Pennsylvania,Venango County,NA,11.629153,76080,100262,NA,100262,0.75881189,0,1,operational,reported,42121201400,0
meta-davenport-ia,-90.5776,41.5236,Match,19,163,10900,3003,19163010900,Iowa,Scott County,"Davenport-Moline-Rock Island, IA-IL",44.690723,29095,97491,94063,94063,0.30931398,1,0,proposed,confirmed,19163010900,0
meta-jeffersonville-in,-85.715,38.33,Match,18,19,50603,1007,18019050603,Indiana,Clark County,"Louisville/Jefferson County, KY-IN",13.681774,77172,90767,93011,93011,0.82970834,0,0,under_construction,confirmed,18019050603,0
ntt-data-quincy-data-center-wa,-119.8657481,47.2435798,Match,53,25,10600,3005,53025010600,Washington,Grant County,NA,8.8303165,90379,118075,NA,118075,0.76543725,0,1,operational,reported,53025010600,0
qts-new-albany-2-franklin-county-oh,-82.75685,40.05491,Match,39,89,755601,2036,39089755601,Ohio,Licking County,"Columbus, OH",2.3718438,170039,92749,104588,104588,1.6257983,0,0,under_construction,confirmed,39089755601,0
edged-aurora-il,-88.284,41.79,Match,17,89,852906,1005,17089852906,Illinois,Kane County,"Chicago-Naperville-Elgin, IL-IN",13.733742,89297,106018,113207,113207,0.78879398,0,0,under_construction,confirmed,17089852906,0
applied-digital-delta-forge-1-la,-92.65,31.4,Match,22,43,20300,1017,22043020300,Louisiana,Grant Parish,"Alexandria, LA",20.827068,67583,79407,73265,73265,0.92244589,1,1,under_construction,confirmed,22043020300,1
cyrusone-chi6-wood-dale-il,-87.964189,41.9790594,Match,17,43,840101,4033,17043840101,Illinois,DuPage County,"Chicago-Naperville-Elgin, IL-IN",7.2818232,95225,106018,113207,113207,0.84115821,0,0,under_construction,confirmed,17043840101,0
aphorio-carter-collierville-tn,-89.66453,35.04204,Match,47,157,21620,1010,47157021620,Tennessee,Shelby County,"Memphis, TN-MS-AR",24.515757,84643,87314,84517,84517,1.0014908,1,0,operational,confirmed,47157021620,0
stack-berry-hill-va,-79.35,36.68,Match,51,143,10801,1026,51143010801,Virginia,Pittsylvania County,NA,10.564054,84205,115213,NA,115213,0.73086369,0,1,proposed,confirmed,51143010801,0
aws-north-creek-technology-campus-louisa-va,-77.967415971191,37.999666431819,Match,51,109,950202,1003,51109950202,Virginia,Louisa County,NA,7.9941249,95100,115213,NA,115213,0.82542771,0,1,proposed,reported,51109950202,0
ntt-chicago-ch1-data-center-il,-88.0072217,41.9879619,Match,17,43,840201,2000,17043840201,Illinois,DuPage County,"Chicago-Naperville-Elgin, IL-IN",1.0686529,117412,106018,113207,113207,1.0371443,0,0,operational,reported,17043840201,0
qts-marvel-bessemer-al,-86.97,33.44,Match,1,73,13902,1073,1073013902,Alabama,Jefferson County,"Birmingham, AL",8.9715538,83750,83032,91396,91396,0.91634208,0,0,proposed,reported,01073013902,0
tcdc-ector-county-tx,-102.54,31.87,Match,48,135,2702,3048,48135002702,Texas,Ector County,"Odessa, TX",17.924637,67466,94599,81330,81330,0.82953399,0,0,proposed,reported,48135002702,0
lumen-phoenix-1-az,-112.0707916,33.494309,Match,4,13,110502,1002,4013110502,Arizona,Maricopa County,"Phoenix-Mesa-Chandler, AZ",23.91144,94444,95980,103615,103615,0.91148967,1,0,operational,reported,04013110502,0
wildcat-ridge-archbald-lackawanna-county-pa,-75.54,41.51,Match,42,69,111100,1021,42069111100,Pennsylvania,Lackawanna County,"Scranton--Wilkes-Barre, PA",8.1847649,94781,100262,85514,85514,1.1083683,0,0,proposed,reported,42069111100,0
duke-energy-progress-richmond-county-bridge-power-nc,-79.71,34.88917,Match,37,153,970900,3038,37153970900,North Carolina,Richmond County,NA,17.359818,68545,90290,NA,90290,0.75916493,0,1,permitted,reported,37153970900,0
hut8-batavia-il,-88.275,41.859,Match,17,89,852803,2009,17089852803,Illinois,Kane County,"Chicago-Naperville-Elgin, IL-IN",6.4049587,127843,106018,113207,113207,1.1292853,0,0,under_construction,confirmed,17089852803,0
microsoft-maiden-catawba-county-nc,-81.2255,35.5845,Match,37,35,11702,4020,37035011702,North Carolina,Catawba County,"Hickory-Lenoir-Morganton, NC",11.646235,88511,90290,76116,76116,1.1628436,0,1,under_construction,confirmed,37035011702,0
t5-chicago-ii-il,-87.9755567,42.0230424,Match,17,31,770400,1025,17031770400,Illinois,Cook County,"Chicago-Naperville-Elgin, IL-IN",9.4145918,91406,106018,113207,113207,0.80742359,0,0,operational,reported,17031770400,0
comanche-peak-nuclear-somervell-county-tx,-97.785,32.2983,Match,48,425,101,2000,48425000101,Texas,Somervell County,NA,12.08104,77298,94599,NA,94599,0.81711221,0,1,operational,confirmed,48425000101,0
raeden-taurus-colorado-springs-co,-104.8214,38.8339,Match,8,41,2300,1018,8041002300,Colorado,El Paso County,"Colorado Springs, CO",36.614918,81845,119139,108260,108260,0.75600404,1,0,permitted,confirmed,08041002300,0
digital-realty-jfk10-manhattan-ny,-74.003206,40.741369,Match,36,61,8300,2000,36061008300,New York,New York County,"New York-Newark-Jersey City, NY-NJ",22.578859,NA,106873,120744,120744,NA,1,0,operational,confirmed,36061008300,0
switch-tahoe-reno-3-the-citadel-campus-nv,-119.4833058,39.5115198,Match,32,29,970200,1141,32029970200,Nevada,Storey County,"Reno, NV",7.0582547,121477,92663,104602,104602,1.1613258,0,1,operational,reported,32029970200,0
google-moncks-corner-sc,-80.039105,33.072101,Match,45,15,20707,1044,45015020707,South Carolina,Berkeley County,"Charleston-North Charleston, SC",6.25,92340,86707,105712,105712,0.87350535,0,0,operational,confirmed,45015020707,0
equinix-ch8-minooka-il,-88.262,41.4506,Match,17,63,102,1041,17063000102,Illinois,Grundy County,"Chicago-Naperville-Elgin, IL-IN",2.8830504,120159,106018,113207,113207,1.0614096,0,1,proposed,confirmed,17063000102,0
centersquare-ord4-lisle-il,-88.0948856,41.8023406,Match,17,43,846102,2039,17043846102,Illinois,DuPage County,"Chicago-Naperville-Elgin, IL-IN",13.148283,88798,106018,113207,113207,0.7843861,0,0,operational,confirmed,17043846102,0
google-omaha-ne,-96.145,41.334,Match,31,55,7314,3014,31055007314,Nebraska,Douglas County,"Omaha, NE-IA",2.0337751,129702,99751,109980,109980,1.1793236,0,0,operational,confirmed,31055007314,0
digital-realty-mia10-fl,-80.1929625,25.7758419,Match,12,86,3704,1004,12086003704,Florida,Miami-Dade County,"Miami-Fort Lauderdale-West Palm Beach, FL",17.341482,48304,89891,89212,89212,0.54145181,1,0,operational,confirmed,12086003704,0
aws-birchwood-data-campus-king-george-va,-77.32191549954541,38.25934134516552,Match,51,99,40302,1012,51099040302,Virginia,King George County,NA,14.270977,160444,115213,NA,115213,1.3925859,0,1,permitted,confirmed,51099040302,0
digital-realty-8100-boone-boulevard-former-dupont-fabros-va3-va,-77.2258825,38.9137236,Match,51,59,460501,1006,51059460501,Virginia,Fairfax County,"Washington-Arlington-Alexandria, DC-VA-MD-WV",6.8306012,221563,115213,154653,154653,1.432646,0,0,operational,reported,51059460501,0
microsoft-douglasville-ga,-84.7427,33.7547,Match,13,97,80305,2029,13097080305,Georgia,Douglas County,"Atlanta-Sandy Springs-Roswell, GA",10.886758,83611,93754,107388,107388,0.77858794,0,0,under_construction,confirmed,13097080305,0
project-shirley-eagle-creek-township-lake-county-in,-87.3,41.31,Match,18,89,43404,1012,18089043404,Indiana,Lake County,"Chicago-Naperville-Elgin, IL-IN",2.9850745,112188,90767,113207,113207,0.9909988,0,1,proposed,reported,18089043404,0
rowan-bauxite-iii-frederick-md,-77.506,39.338,Match,24,21,752303,2020,24021752303,Maryland,Frederick County,"Washington-Arlington-Alexandria, DC-VA-MD-WV",1.6821946,177000,127817,154653,154653,1.1444976,0,0,permitted,confirmed,24021752303,0
hut8-logan-prairie-latham-il,-89.1614,39.9672,Match,17,107,953600,4141,17107953600,Illinois,Logan County,NA,10.614346,82434,106018,NA,106018,0.77754718,0,1,proposed,reported,17107953600,0
google-west-memphis-ar,-90.175,35.156,Match,5,35,30102,2000,5035030102,Arkansas,Crittenden County,"Memphis, TN-MS-AR",48.018829,31250,76968,84517,84517,0.36974809,1,1,under_construction,confirmed,05035030102,1
calethos-lithium-valley-imperial-county-ca,-115.56,32.79,Match,6,25,11600,2011,6025011600,California,Imperial County,"El Centro, CA",30.701492,52365,113346,65458,65458,0.79997861,1,1,proposed,reported,06025011600,1
lumen-dallas-1-tx,-96.8685888,32.8069549,Match,48,113,10003,2176,48113010003,Texas,Dallas County,"Dallas-Fort Worth-Arlington, TX",20.317751,112253,94599,108711,108711,1.0325818,1,0,operational,reported,48113010003,0
meta-gallatin-tn,-86.4369,36.3884,Match,47,165,20700,4022,47165020700,Tennessee,Sumner County,"Nashville-Davidson--Murfreesboro--Franklin, TN",14.336194,80121,87314,105115,105115,0.76222235,0,0,operational,confirmed,47165020700,0
project-cannoli-van-buren-township-wayne-county-mi,-83.44,42.23,Match,26,163,587900,3010,26163587900,Michigan,Wayne County,"Detroit-Warren-Dearborn, MI",9.137126,119390,93357,99913,99913,1.1949396,0,0,proposed,confirmed,26163587900,0
expedient-cleveland-neo-oh,-81.5733,41.428,Match,39,35,198200,2008,39035198200,Ohio,Cuyahoga County,"Cleveland, OH",33.38113,39583,92749,95803,95803,0.41317078,1,0,operational,confirmed,39035198200,0
digital-realty-acc3-va,-77.4598033,39.01988,Match,51,107,611006,1020,51107611006,Virginia,Loudoun County,"Washington-Arlington-Alexandria, DC-VA-MD-WV",2.078522,211875,115213,154653,154653,1.3700025,0,0,operational,reported,51107611006,0
metrobloks-southfield-mi,-83.293,42.474,Match,26,125,161000,2006,26125161000,Michigan,Oakland County,"Detroit-Warren-Dearborn, MI",7.7131257,76157,93357,99913,99913,0.76223314,0,0,permitted,confirmed,26125161000,0
niagara-digital-campus-niagara-falls-ny,-79.0603,43.0885,Match,36,63,21100,1025,36063021100,New York,Niagara County,"Buffalo-Cheektowaga, NY",40.2649,27596,106873,96701,96701,0.28537449,1,0,proposed,reported,36063021100,0
cielo-clarksville-tn,-87.36,36.53,Match,47,125,100100,1015,47125100100,Tennessee,Montgomery County,"Clarksville, TN-KY",43.225807,65580,87314,83546,83546,0.78495681,1,0,proposed,reported,47125100100,0
drox-group-rural-hall-forsyth-county-nc,-80.267,36.267,Match,37,169,70600,3032,37169070600,North Carolina,Stokes County,"Winston-Salem, NC",13.677536,72340,90290,83438,83438,0.86699104,0,1,proposed,reported,37169070600,0
crusoe-walden-co,-106.2848,40.7331,Match,8,57,955600,2017,8057955600,Colorado,Jackson County,NA,14.641289,59922,119139,NA,119139,0.50295871,1,1,operational,reported,08057955600,1
microsoft-alviso-san-jose-ca,-121.977,37.428,Match,6,85,504602,1016,6085504602,California,Santa Clara County,"San Jose-Sunnyvale-Santa Clara, CA",7.4578471,144464,113346,184762,184762,0.78189236,0,0,under_construction,confirmed,06085504602,0
cipher-mclennan-county-tx,-96.96261,31.474088,Match,48,309,3602,1112,48309003602,Texas,McLennan County,"Waco, TX",10.5488,97875,94599,85306,85306,1.1473402,0,1,proposed,reported,48309003602,0
qts-ashburn-1-va,-77.4501109,38.9995277,Match,51,107,611020,3029,51107611020,Virginia,Loudoun County,"Washington-Arlington-Alexandria, DC-VA-MD-WV",0.73657423,155417,115213,154653,154653,1.00494,0,0,operational,reported,51107611020,0
bitdeer-clarington-oh,-80.8731,39.7748,Match,39,111,966600,2015,39111966600,Ohio,Monroe County,NA,13.911439,72619,92749,NA,92749,0.78296262,0,1,under_construction,confirmed,39111966600,0
nextera-rush-springs-solar-stephens-county-ok,-97.85,34.49,Match,40,137,800,1083,40137000800,Oklahoma,Stephens County,NA,10.335965,94297,82385,NA,82385,1.1445894,0,1,proposed,confirmed,40137000800,0
flexential-louisville-downtown-ky,-85.733336,38.242501,Match,21,111,6300,1001,21111006300,Kentucky,Jefferson County,"Louisville/Jefferson County, KY-IN",14.327315,114659,81505,93011,93011,1.2327467,0,0,operational,reported,21111006300,0
impactdata-greensboro-nc,-79.792,36.0726,Match,37,81,10800,3027,37081010800,North Carolina,Guilford County,"Greensboro-High Point, NC",25.662317,139550,90290,83641,83641,1.6684401,0,0,under_construction,reported,37081010800,0
google-meitner-pampa-tx,-100.9609,35.5365,Match,48,179,950500,3033,48179950500,Texas,Gray County,NA,24.677938,53750,94599,NA,94599,0.56818783,1,1,under_construction,confirmed,48179950500,1
google-michigan-city-in,-86.8950297,41.7075394,Match,18,91,40800,2024,18091040800,Indiana,LaPorte County,"Michigan City-La Porte, IN",14.26282,54583,90767,84464,84464,0.64622796,1,1,under_construction,confirmed,18091040800,1
ntt-ashburn-va5-data-center-va,-77.472611,39.0183033,Match,51,107,611019,3000,51107611019,Virginia,Loudoun County,"Washington-Arlington-Alexandria, DC-VA-MD-WV",1.6687378,244107,115213,154653,154653,1.5784175,0,0,operational,reported,51107611019,0
edgeconnex-cedar-creek-tx,-97.565051,30.139438,Match,48,21,950303,1002,48021950303,Texas,Bastrop County,"Austin-Round Rock-San Marcos, TX",5.503499,95235,94599,126591,126591,0.75230467,0,0,under_construction,confirmed,48021950303,0
lpi-group-project-midway-casa-grande-az,-111.79,32.84,Match,4,21,1500,1050,4021001500,Arizona,Pinal County,"Phoenix-Mesa-Chandler, AZ",24.874687,52097,95980,103615,103615,0.50279397,1,0,proposed,reported,04021001500,0
edgeconnex-ashville-oh,-83.03,39.72,Match,39,129,21404,1020,39129021404,Ohio,Pickaway County,"Columbus, OH",2.9784887,107941,92749,104588,104588,1.0320591,0,1,proposed,reported,39129021404,0
qts-piscataway-1-nj,-74.4839173,40.5569431,Match,34,23,603,2008,34023000603,New Jersey,Middlesex County,"New York-Newark-Jersey City, NY-NJ",1.9766397,154318,127025,120744,120744,1.2780594,0,0,operational,reported,34023000603,0
tierpoint-little-rock-ar,-92.4447234,34.7562396,Match,5,119,4218,1006,5119004218,Arkansas,Pulaski County,"Little Rock-North Little Rock-Conway, AR",3.543776,103980,76968,87649,87649,1.1863227,0,0,operational,reported,05119004218,0
google-project-peanut-chester-va,-77.29960686,37.34629075,Match,51,41,100403,1019,51041100403,Virginia,Chesterfield County,"Richmond, VA",2.0841961,128984,115213,110863,110863,1.1634539,0,0,under_construction,confirmed,51041100403,0
arizona-land-consulting-hassayampa-ranch-tonopah-az,-112.769387,33.511576,Match,4,13,50621,4021,4013050621,Arizona,Maricopa County,"Phoenix-Mesa-Chandler, AZ",12.617791,98098,95980,103615,103615,0.94675481,0,0,proposed,reported,04013050621,0
cielo-haines-city-fl,-81.6198,28.1114,Match,12,105,12602,4063,12105012602,Florida,Polk County,"Lakeland-Winter Haven, FL",31.343037,58015,89891,76474,76474,0.75862384,1,0,proposed,reported,12105012602,0
digital-realty-sc1-ca,-121.9439784,37.3616469,Match,6,85,505202,2062,6085505202,California,Santa Clara County,"San Jose-Sunnyvale-Santa Clara, CA",19.125883,163550,113346,184762,184762,0.88519287,0,0,operational,reported,06085505202,0
williams-aquila-eagle-mountain-ut,-112.01198,40.30935,Match,49,49,10114,1031,49049010114,Utah,Utah County,"Provo-Orem-Lehi, UT",2.173167,106508,109675,110937,110937,0.96007645,0,1,proposed,reported,49049010114,0
blockchain-digital-infrastructure-reeves-county-tx,-103.4933,31.4229,Match,48,389,950200,3029,48389950200,Texas,Reeves County,NA,28.396397,55492,94599,NA,94599,0.58660239,1,1,proposed,reported,48389950200,1
buckley-bros-pawhuska-ok,-96.3364,36.6698,Match,40,113,940013,3039,40113940013,Oklahoma,Osage County,"Tulsa, OK",13.199577,60625,82385,88320,88320,0.68642437,1,1,proposed,reported,40113940013,1
google-douglas-county-ga,-84.7477136,33.7514966,Match,13,97,80304,2013,13097080304,Georgia,Douglas County,"Atlanta-Sandy Springs-Roswell, GA",13.08226,87083,93754,107388,107388,0.81091928,0,0,operational,confirmed,13097080304,0
monarch-on-site-generation-yerington-nv,-119.162989,38.9855429,Match,32,19,960901,2014,32019960901,Nevada,Lyon County,"Reno, NV",11.367314,69167,92663,104602,104602,0.66123974,1,1,proposed,reported,32019960901,1
equinix-dc2-va,-77.4590691,39.0163894,Match,51,107,611006,1020,51107611006,Virginia,Loudoun County,"Washington-Arlington-Alexandria, DC-VA-MD-WV",2.078522,211875,115213,154653,154653,1.3700025,0,0,operational,reported,51107611006,0
flexential-phoenix-deer-valley-az,-112.0983398,33.6846775,Match,4,13,614700,1004,4013614700,Arizona,Maricopa County,"Phoenix-Mesa-Chandler, AZ",14.033019,54271,95980,103615,103615,0.52377552,1,0,operational,reported,04013614700,0
digital-realty-phx-tempe-az,-111.8992189,33.3446197,Match,4,13,319909,1003,4013319909,Arizona,Maricopa County,"Phoenix-Mesa-Chandler, AZ",2.2082019,151741,95980,103615,103615,1.4644694,0,0,operational,reported,04013319909,0
dc-blox-henrico-county-va,-77.4543,37.5532,Match,51,760,40201,2016,51760040201,Virginia,Richmond city,"Richmond, VA",48.665821,NA,115213,110863,110863,NA,1,0,cancelled,confirmed,51760040201,0
metrobloks-martindale-brightwood-indianapolis-in,-86.1197,39.7975,Match,18,97,352800,1006,18097352800,Indiana,Marion County,"Indianapolis-Carmel-Greenwood, IN",30.905077,72167,90767,102227,102227,0.70594853,1,0,permitted,confirmed,18097352800,0
project-altair-newberry-county-sc,-81.5338576,34.2098669,Match,45,71,950601,1073,45071950601,South Carolina,Newberry County,NA,13.949124,71379,86707,NA,86707,0.82322073,0,1,cancelled,reported,45071950601,0
cleanspark-norcross-ga,-84.2135,33.9412,Match,13,135,50311,2020,13135050311,Georgia,Gwinnett County,"Atlanta-Sandy Springs-Roswell, GA",3.7979968,179321,93754,107388,107388,1.6698421,0,0,operational,confirmed,13135050311,0
qts-white-oak-technology-park-ii-henrico-va,-77.27,37.49,Match,51,87,201404,3010,51087201404,Virginia,Henrico County,"Richmond, VA",8.9690943,96296,115213,110863,110863,0.86860359,0,0,permitted,confirmed,51087201404,0
samx-data-centers-remington-fauquier-va,-77.8,38.53,Match,51,61,930706,2051,51061930706,Virginia,Fauquier County,"Washington-Arlington-Alexandria, DC-VA-MD-WV",10.96208,86597,115213,154653,154653,0.55994385,1,1,proposed,reported,51061930706,1
google-project-mica-kc-northland-mo,-94.651,39.274,Match,29,165,30201,2007,29165030201,Missouri,Platte County,"Kansas City, MO-KS",2.5688694,147955,91360,106867,106867,1.3844779,0,0,under_construction,confirmed,29165030201,0
quantica-bsdi-billings-mt,-108.7,45.823,Match,30,111,1402,2148,30111001402,Montana,Yellowstone County,"Billings, MT",5.0561056,124274,92794,100273,100273,1.2393565,0,0,proposed,reported,30111001402,0
aligned-ord-02-northlake-il,-87.8956,41.9169,Match,17,31,811800,1004,17031811800,Illinois,Cook County,"Chicago-Naperville-Elgin, IL-IN",6.7065196,105575,106018,113207,113207,0.93258369,0,0,operational,reported,17031811800,0
aligned-chillicothe-ross-oh,-82.9824,39.3331,Match,39,141,956300,3004,39141956300,Ohio,Ross County,NA,20.402594,38074,92749,NA,92749,0.41050577,1,1,proposed,reported,39141956300,1
amazon-blackwell-road-warrenton-va,-77.78753470617198,38.72948224074257,Match,51,61,930303,1022,51061930303,Virginia,Fauquier County,"Washington-Arlington-Alexandria, DC-VA-MD-WV",10.728629,182206,115213,154653,154653,1.1781602,0,1,permitted,confirmed,51061930303,0
switch-las-vegas-11-nv,-115.2141369,36.0558853,Match,32,3,2981,1000,32003002981,Nevada,Clark County,"Las Vegas-Henderson-North Las Vegas, NV",5.4070983,107440,92663,89785,89785,1.1966364,0,0,operational,reported,32003002981,0
a1-data-center-millville-nj,-75.043,39.402,Match,34,11,30300,1015,34011030300,New Jersey,Cumberland County,"Vineland, NJ",11.824818,47133,127025,80948,80948,0.58226269,1,0,cancelled,reported,34011030300,0
dcblox-nashville-grassmere-tn,-86.74893,36.0865,Match,47,37,18901,2000,47037018901,Tennessee,Davidson County,"Nashville-Davidson--Murfreesboro--Franklin, TN",16.366907,127000,87314,105115,105115,1.2082006,0,0,proposed,confirmed,47037018901,0
powerconnex-i-new-albany-oh,-82.756,40.064,Match,39,89,755601,2036,39089755601,Ohio,Licking County,"Columbus, OH",2.3718438,170039,92749,104588,104588,1.6257983,0,0,under_construction,reported,39089755601,0
salix-data-center-site-ia,-96.2872,42.3208,Match,19,193,3500,2073,19193003500,Iowa,Woodbury County,"Sioux City, IA-NE-SD",9.7695131,100990,97491,91178,91178,1.1076137,0,0,proposed,confirmed,19193003500,0
green-data-spaceport-america-sierra-county-nm,-106.9698,32.9903,Match,35,51,962401,1305,35051962401,New Mexico,Sierra County,NA,11.73045,79034,79556,NA,79556,0.9934386,0,1,proposed,reported,35051962401,0
google-council-bluffs-ia,-95.792975,41.167368,Match,19,155,31900,1013,19155031900,Iowa,Pottawattamie County,"Omaha, NE-IA",2.8273809,108875,97491,109980,109980,0.98995274,0,0,operational,confirmed,19155031900,0
lumen-albany-4-ny,-73.818665,42.7356308,Match,36,1,13703,1034,36001013703,New York,Albany County,"Albany-Schenectady-Troy, NY",10.202899,135833,106873,117583,117583,1.1552095,0,0,operational,reported,36001013703,0
microsoft-laporte-in,-86.735,41.595,Match,18,91,42402,2001,18091042402,Indiana,LaPorte County,"Michigan City-La Porte, IN",28.458574,70119,90767,84464,84464,0.83016431,1,1,under_construction,confirmed,18091042402,1
valorc3-st-george-ut,-113.58321,37.10988,Match,49,53,270301,2045,49053270301,Utah,Washington County,"St. George, UT",18.017622,106434,109675,98356,98356,1.0821302,0,0,operational,reported,49053270301,0
primeblock-murphy-cherokee-county-nc,-84.0235,35.0756,Match,37,39,930502,1009,37039930502,North Carolina,Cherokee County,NA,10.561914,82823,90290,NA,90290,0.91729981,0,1,operational,confirmed,37039930502,0
freestone-energy-center-fairfield-tx,-96.1648789,31.7244035,Match,48,161,300,1034,48161000300,Texas,Freestone County,NA,26.916376,44185,94599,NA,94599,0.46707681,1,1,operational,reported,48161000300,1
avaio-appomattox-va,-78.8,37.43,Match,51,11,40200,2041,51011040200,Virginia,Appomattox County,"Lynchburg, VA",13.251311,86503,115213,85472,85472,1.0120624,0,1,permitted,reported,51011040200,0
salcido-fortress-quincy-wa,-119.8528,47.234,Match,53,25,10600,4039,53025010600,Washington,Grant County,NA,8.8303165,90379,118075,NA,118075,0.76543725,0,1,operational,reported,53025010600,0
cyrusone-nym1-somerset-nj,-74.5457225,40.5379623,Match,34,35,53501,2044,34035053501,New Jersey,Somerset County,"New York-Newark-Jersey City, NY-NJ",6.5716157,210814,127025,120744,120744,1.7459584,0,0,operational,reported,34035053501,0
scalematrix-san-diego-ca,-117.132639,32.8377287,Match,6,73,8511,1005,6073008511,California,San Diego County,"San Diego-Chula Vista-Carlsbad, CA",6.910275,141056,113346,122377,122377,1.1526349,0,0,operational,reported,06073008511,0
flexential-salt-lake-city-lindon-ut,-111.7278754,40.332648,Match,49,49,601,2018,49049000601,Utah,Utah County,"Provo-Orem-Lehi, UT",8.3811207,121635,109675,110937,110937,1.0964332,0,0,operational,reported,49049000601,0
foundry-minden-ne,-98.9484,40.5033,Match,31,99,966700,1036,31099966700,Nebraska,Kearney County,NA,4.615871,85227,99751,NA,99751,0.85439748,0,1,proposed,reported,31099966700,0
cologix-cedar-falls-ia,-92.4453,42.5347,Match,19,13,2200,3005,19013002200,Iowa,Black Hawk County,"Waterloo-Cedar Falls, IA",12.563215,100903,97491,90741,90741,1.111989,0,0,operational,confirmed,19013002200,0
nexus-hubbard-campus-hill-county-tx,-96.776243,31.824001,Match,48,217,961400,2054,48217961400,Texas,Hill County,NA,18.45977,77500,94599,NA,94599,0.81924754,0,1,under_construction,reported,48217961400,0
digital-realty-iad41-building-p-va,-77.4582358,39.0088059,Match,51,107,611020,3007,51107611020,Virginia,Loudoun County,"Washington-Arlington-Alexandria, DC-VA-MD-WV",0.73657423,155417,115213,154653,154653,1.00494,0,0,operational,reported,51107611020,0
dc-blox-warren-township-marion-county-in,-86.05,39.78,Match,18,97,360700,1002,18097360700,Indiana,Marion County,"Indianapolis-Carmel-Greenwood, IN",7.8463202,108233,90767,102227,102227,1.0587516,0,0,permitted,confirmed,18097360700,0
lumen-sunnyvale-1-ca,-121.9878002,37.3734695,Match,6,85,508708,1070,6085508708,California,Santa Clara County,"San Jose-Sunnyvale-Santa Clara, CA",7.3480992,250000,113346,184762,184762,1.3530921,0,0,operational,reported,06085508708,0
gemini-data-center-sioux-falls-sd,-96.685,43.583,Match,46,99,10404,3037,46099010404,South Dakota,Minnehaha County,"Sioux Falls, SD-MN",1.2340425,119803,96562,106578,106578,1.1240876,0,0,permitted,confirmed,46099010404,0
duke-energy-belews-creek-smr-stokes-county-nc,-80.06028,36.28139,Match,37,169,70702,2035,37169070702,North Carolina,Stokes County,"Winston-Salem, NC",14.630682,77794,90290,83438,83438,0.93235695,0,1,proposed,reported,37169070702,0
stack-nal01-new-albany-oh,-82.8,40.07,Match,39,49,7211,1025,39049007211,Ohio,Franklin County,"Columbus, OH",3.7548449,250000,92749,104588,104588,2.3903315,0,0,operational,reported,39049007211,0
edgecore-culpeper-tech-zone-va,-77.96,38.4735,Match,51,47,930300,4055,51047930300,Virginia,Culpeper County,"Washington-Arlington-Alexandria, DC-VA-MD-WV",19.350199,87299,115213,154653,154653,0.56448305,1,1,proposed,confirmed,51047930300,1
logistix-hamilton-innovation-center-butler-county-oh,-84.5613,39.3995,Match,39,17,14600,2039,39017014600,Ohio,Butler County,"Cincinnati, OH-KY-IN",40.404041,44478,92749,104379,104379,0.42612019,1,0,proposed,reported,39017014600,0
google-montgomery-county-tn,-87.3636,36.5288,Match,47,125,100100,1018,47125100100,Tennessee,Montgomery County,"Clarksville, TN-KY",43.225807,65580,87314,83546,83546,0.78495681,1,0,operational,confirmed,47125100100,0
netsonic-green-bay-wi,-87.995,44.5155,Match,55,9,900,5011,55009000900,Wisconsin,Brown County,"Green Bay, WI",23.592043,59208,100141,101584,101584,0.58284771,1,0,operational,reported,55009000900,0
viridian-apecs-janesville-wi,-89.02056,42.66331,Match,55,105,1000,2008,55105001000,Wisconsin,Rock County,"Janesville-Beloit, WI",20.09901,56450,100141,90467,90467,0.62398446,1,0,proposed,confirmed,55105001000,0
advanced-internet-technologies-fayetteville-nc,-78.97722,35.085,Match,37,51,3304,3000,37051003304,North Carolina,Cumberland County,"Fayetteville, NC",16.048307,69760,90290,73956,73956,0.94326359,0,0,operational,reported,37051003304,0
cleanspark-new-tazewell-tn,-83.5996,36.4426,Match,47,25,970900,1026,47025970900,Tennessee,Claiborne County,NA,24.537579,80212,87314,NA,87314,0.91866136,1,1,operational,reported,47025970900,1
iron-mountain-azp-1-az,-111.9762182,33.4547261,Match,4,13,111203,1000,4013111203,Arizona,Maricopa County,"Phoenix-Mesa-Chandler, AZ",20.513998,79519,95980,103615,103615,0.76744682,1,0,operational,reported,04013111203,0
centersquare-lax3-irvine-ca,-117.8479769,33.6870931,Match,6,59,75516,6050,6059075516,California,Orange County,"Los Angeles-Long Beach-Anaheim, CA",24.078167,129453,113346,108949,108949,1.1881981,1,0,operational,reported,06059075516,0
switch-edge-1-nv,-115.213688,36.0591345,Match,32,3,2979,1028,32003002979,Nevada,Clark County,"Las Vegas-Henderson-North Las Vegas, NV",4.1470127,104167,92663,89785,89785,1.1601827,0,0,operational,reported,32003002979,0
switch-tahoe-reno-2-the-citadel-campus-nv,-119.4848531,39.5138706,Match,32,29,970200,1141,32029970200,Nevada,Storey County,"Reno, NV",7.0582547,121477,92663,104602,104602,1.1613258,0,1,operational,reported,32029970200,0
terawulf-morgantown-charles-county-md,-77.129,38.362,Match,51,99,40100,1014,51099040100,Virginia,King George County,NA,6.7116418,131759,115213,NA,115213,1.1436123,0,1,proposed,confirmed,51099040100,0
lumen-austin-1-tx,-97.7124025,30.1965,Match,48,453,2448,3002,48453002448,Texas,Travis County,"Austin-Round Rock-San Marcos, TX",6.4102564,113161,94599,126591,126591,0.89391029,0,0,operational,reported,48453002448,0
qumulusai-denton-tx,-97.1331,33.2148,Match,48,121,21100,1009,48121021100,Texas,Denton County,"Dallas-Fort Worth-Arlington, TX",29.560284,87829,94599,108711,108711,0.80791271,1,0,proposed,reported,48121021100,0
edgeconnex-chi02-il,-87.9525624,42.0014952,Match,17,31,770500,2045,17031770500,Illinois,Cook County,"Chicago-Naperville-Elgin, IL-IN",13.979497,76026,106018,113207,113207,0.67156625,1,0,operational,reported,17031770500,0
apple-waukee-ia,-93.9258365,41.6193799,Match,19,49,50902,2016,19049050902,Iowa,Dallas County,"Des Moines-West Des Moines, IA",1.6703243,147458,97491,110255,110255,1.3374269,0,1,operational,confirmed,19049050902,0
serverfarm-lax1-el-segundo-ca,-118.3864589,33.9217807,Match,6,37,980013,1023,6037980013,California,Los Angeles County,"Los Angeles-Long Beach-Anaheim, CA",NA,NA,113346,108949,108949,NA,0,0,operational,reported,06037980013,0
crusoe-blue-energy-victoria-tx,-97.0036,28.8053,Match,48,469,100,1001,48469000100,Texas,Victoria County,"Victoria, TX",24.449339,70435,94599,84761,84761,0.83098358,1,0,proposed,reported,48469000100,0
google-winding-woods-st-george-sc,-80.5793,33.1843,Match,45,35,10200,4034,45035010200,South Carolina,Dorchester County,"Charleston-North Charleston, SC",33.458023,48587,86707,105712,105712,0.45961669,1,1,under_construction,confirmed,45035010200,1
aws-summit-crossing-tech-campus-spotsylvania-va,-77.44053482811216,38.18847901989237,Match,51,177,20206,1012,51177020206,Virginia,Spotsylvania County,"Washington-Arlington-Alexandria, DC-VA-MD-WV",6.4631157,116182,115213,154653,154653,0.75124311,0,1,under_construction,confirmed,51177020206,0
energy-storage-solutions-kingsboro-edgecombe-county-nc,-77.734,35.941,Match,37,65,20300,4000,37065020300,North Carolina,Edgecombe County,"Rocky Mount, NC",29.437843,42772,90290,74340,74340,0.57535648,1,0,permitted,reported,37065020300,0
microsoft-ginger-west-ia,-93.782,41.551,Match,19,153,11026,5004,19153011026,Iowa,Polk County,"Des Moines-West Des Moines, IA",5.2425532,167266,97491,110255,110255,1.5170832,0,0,under_construction,reported,19153011026,0
sequitor-edge-kearney-ne,-99.0817,40.6994,Match,31,19,969500,1046,31019969500,Nebraska,Buffalo County,NA,14.771118,87237,99751,NA,99751,0.8745476,0,1,permitted,confirmed,31019969500,0
cerebras-oklahoma-city-ok,-97.5164,35.4676,Match,40,109,980007,1008,40109980007,Oklahoma,Oklahoma County,"Oklahoma City, OK",28.117359,165278,82385,90681,90681,1.822631,0,0,operational,confirmed,40109980007,0
potentia-oklahoma-campus-02-inola-ok,-95.5097,36.1487,Match,40,131,50502,1056,40131050502,Oklahoma,Rogers County,"Tulsa, OK",8.757576,80938,82385,88320,88320,0.9164176,0,1,proposed,reported,40131050502,0
elk-river-capital-swervo-mn,-93.5864375,45.3187147,Match,27,141,30503,1001,27141030503,Minnesota,Sherburne County,"Minneapolis-St. Paul-Bloomington, MN-WI",2.3559759,125455,113993,126705,126705,0.99013454,0,0,cancelled,confirmed,27141030503,0
cleanspark-limestone-tn,-82.625,36.2235,Match,47,179,61903,2011,47179061903,Tennessee,Washington County,"Johnson City, TN",12.480294,66125,87314,76052,76052,0.86947089,0,0,cancelled,confirmed,47179061903,0
heartland-industrial-park-sullivan-county-in,-87.5108,39.0694,Match,18,153,50200,3047,18153050200,Indiana,Sullivan County,"Terre Haute, IN",11.007912,83750,90767,75147,75147,1.1144823,0,1,under_construction,confirmed,18153050200,0
ln-energy-blackshear-pierce-ga,-82.24207,31.30518,Match,13,229,960401,3000,13229960401,Georgia,Pierce County,NA,13.591048,81212,93754,NA,93754,0.86622435,0,1,cancelled,reported,13229960401,0
flexential-salt-lake-city-fair-park-ut,-111.9202947,40.7667963,Match,49,35,102600,1018,49035102600,Utah,Salt Lake County,"Salt Lake City-Murray, UT",15.628939,82133,109675,116518,116518,0.70489538,0,0,operational,reported,49035102600,0
digital-realty-silicon-valley-sjc31-ca,-121.9482625,37.3722213,Match,6,85,505202,2057,6085505202,California,Santa Clara County,"San Jose-Sunnyvale-Santa Clara, CA",19.125883,163550,113346,184762,184762,0.88519287,0,0,operational,reported,06085505202,0
qts-mia1-sweetwater-fl,-80.3795596,25.7915329,Match,12,86,9010,1090,12086009010,Florida,Miami-Dade County,"Miami-Fort Lauderdale-West Palm Beach, FL",4.8770547,120705,89891,89212,89212,1.353013,0,0,operational,confirmed,12086009010,0
5c-group-vultr-prime-ohio-springfield-oh,-83.7936,39.8664,Match,39,23,2200,2013,39023002200,Ohio,Clark County,"Springfield, OH",3.2414911,117450,92749,79932,79932,1.4693739,0,0,under_construction,confirmed,39023002200,0
microsoft-east-wenatchee-wa,-120.207723,47.407837,Match,53,17,950300,3002,53017950300,Washington,Douglas County,"Wenatchee-East Wenatchee, WA",7.6990705,87371,118075,94263,94263,0.92688543,0,1,operational,reported,53017950300,0
qts-york-county-sc,-81.1001847,35.0046528,Match,45,91,60904,2000,45091060904,South Carolina,York County,"Charlotte-Concord-Gastonia, NC-SC",8.7312603,124703,86707,102246,102246,1.2196369,0,0,under_construction,confirmed,45091060904,0
centersquare-ord2-elk-grove-village-il,-87.9582323,41.9923175,Match,17,43,840000,2011,17043840000,Illinois,DuPage County,"Chicago-Naperville-Elgin, IL-IN",6.7446876,98942,106018,113207,113207,0.87399191,0,0,operational,confirmed,17043840000,0
fluidstack-abernathy-tx,-101.84,33.84,Match,48,189,950900,3299,48189950900,Texas,Hale County,NA,4.4176707,88109,94599,NA,94599,0.93139464,0,1,under_construction,confirmed,48189950900,0
holtec-brigham-city-smr-ut,-112.0155,41.51104,Match,49,3,960601,4006,49003960601,Utah,Box Elder County,NA,12.605932,76000,109675,NA,109675,0.69295645,1,1,proposed,confirmed,49003960601,1
stream-chicago-i-orda-elk-grove-village-il,-87.9703,42.0039,Match,17,31,770300,3018,17031770300,Illinois,Cook County,"Chicago-Naperville-Elgin, IL-IN",8.7209301,97601,106018,113207,113207,0.86214632,0,0,operational,reported,17031770300,0
thornburg-industrial-park-data-center-spotsylvania-va,-77.5208,38.135,Match,51,177,20311,1013,51177020311,Virginia,Spotsylvania County,"Washington-Arlington-Alexandria, DC-VA-MD-WV",15.563234,116550,115213,154653,154653,0.75362265,0,1,proposed,reported,51177020311,0
flexential-dallas-plano-tx,-96.6663507,33.007033,Match,48,85,31901,1013,48085031901,Texas,Collin County,"Dallas-Fort Worth-Arlington, TX",17.184574,66250,94599,108711,108711,0.60941392,1,0,operational,reported,48085031901,0
core-scientific-austin-tx,-97.622,30.214,Match,48,453,2216,1052,48453002216,Texas,Travis County,"Austin-Round Rock-San Marcos, TX",7.7580538,104026,94599,126591,126591,0.82174879,0,0,operational,confirmed,48453002216,0
google-papillion-ne,-96.143728,41.13257,Match,31,153,10629,2034,31153010629,Nebraska,Sarpy County,"Omaha, NE-IA",2.2850678,167222,99751,109980,109980,1.5204765,0,0,operational,reported,31153010629,0
digital-realty-iad42-building-r-va,-77.4494637,39.0056891,Match,51,107,611020,3005,51107611020,Virginia,Loudoun County,"Washington-Arlington-Alexandria, DC-VA-MD-WV",0.73657423,155417,115213,154653,154653,1.00494,0,0,operational,reported,51107611020,0
edgecore-mesa-az,-111.6497,33.375,Match,4,13,422640,1004,4013422640,Arizona,Maricopa County,"Phoenix-Mesa-Chandler, AZ",6.5623732,102794,95980,103615,103615,0.99207646,0,0,operational,confirmed,04013422640,0
flexential-cincinnati-cin01-02-oh,-84.4494638,39.3159313,Match,39,17,11123,1026,39017011123,Ohio,Butler County,"Cincinnati, OH-KY-IN",24.196787,46125,92749,104379,104379,0.44189924,1,0,operational,reported,39017011123,0
tesla-cortex-2-giga-texas-austin-tx,-97.6171,30.2223,Match,48,453,2216,1052,48453002216,Texas,Travis County,"Austin-Round Rock-San Marcos, TX",7.7580538,104026,94599,126591,126591,0.82174879,0,0,under_construction,reported,48453002216,0
constellation-calvert-cliffs-new-nuclear-md,-76.4419,38.4322,Match,24,9,861100,1003,24009861100,Maryland,Calvert County,"Lexington Park, MD",2.3570135,150096,127817,147758,147758,1.0158231,0,1,proposed,reported,24009861100,0
oppd-standing-bear-lake-station-douglas-ne,-96.118,41.3129,Match,31,55,7315,3008,31055007315,Nebraska,Douglas County,"Omaha, NE-IA",1.0285512,125968,99751,109980,109980,1.1453719,0,0,operational,reported,31055007315,0
ark-data-centers-akron-i-summit-county-oh,-81.521388,41.057162,Match,39,153,506800,1056,39153506800,Ohio,Summit County,"Akron, OH",35.330261,37276,92749,95658,95658,0.38967991,1,0,operational,confirmed,39153506800,0
microsoft-tyrone-ga,-84.588,33.494,Match,13,113,140203,3010,13113140203,Georgia,Fayette County,"Atlanta-Sandy Springs-Roswell, GA",2.3111112,136047,93754,107388,107388,1.2668734,0,0,permitted,confirmed,13113140203,0
lumen-ogden-ut,-111.97384,41.223,Match,49,57,201100,1003,49057201100,Utah,Weber County,"Ogden, UT",20.93224,85375,109675,114227,114227,0.74741524,1,0,operational,reported,49057201100,0
meta-sarpy-springfield-ne,-96.148,41.052,Match,31,153,10701,2000,31153010701,Nebraska,Sarpy County,"Omaha, NE-IA",1.858736,151875,99751,109980,109980,1.3809329,0,0,under_construction,confirmed,31153010701,0
meta-beaver-dam-wi,-88.837,43.457,Match,55,27,961000,3013,55027961000,Wisconsin,Dodge County,NA,12.539034,86906,100141,NA,100141,0.86783636,0,1,under_construction,confirmed,55027961000,0
digital-realty-iad44-va,-77.4913983,38.9608537,Match,51,107,980100,1010,51107980100,Virginia,Loudoun County,"Washington-Arlington-Alexandria, DC-VA-MD-WV",NA,NA,115213,154653,154653,NA,0,0,operational,reported,51107980100,0
serverfarm-covington-hazelbrand-ga,-83.8602,33.5968,Match,13,217,100701,1000,13217100701,Georgia,Newton County,"Atlanta-Sandy Springs-Roswell, GA",20.113493,34302,93754,107388,107388,0.31942117,1,0,under_construction,confirmed,13217100701,0
thornburg-business-park-data-center-spotsylvania-va,-77.52959,38.127876,Match,51,177,20311,1015,51177020311,Virginia,Spotsylvania County,"Washington-Arlington-Alexandria, DC-VA-MD-WV",15.563234,116550,115213,154653,154653,0.75362265,0,1,proposed,reported,51177020311,0
powerhouse-provident-grand-prairie-tx,-97.02,32.62,Match,48,113,16416,1023,48113016416,Texas,Dallas County,"Dallas-Fort Worth-Arlington, TX",9.0607071,105221,94599,108711,108711,0.96789652,0,0,under_construction,confirmed,48113016416,0
flexential-philadelphia-collegeville-phl01-pa,-75.4776181,40.1522366,Match,42,91,206104,3029,42091206104,Pennsylvania,Montgomery County,"Philadelphia-Camden-Wilmington, PA-NJ-DE-MD",2.4975753,207400,100262,116434,116434,1.7812667,0,0,operational,reported,42091206104,0
novva-tahoe-reno-storey-county-nv,-119.44,39.53,Match,32,29,970200,1042,32029970200,Nevada,Storey County,"Reno, NV",7.0582547,121477,92663,104602,104602,1.1613258,0,1,operational,confirmed,32029970200,0
flexential-tampa-west-fl,-82.5399781,28.0372991,Match,12,57,11611,1000,12057011611,Florida,Hillsborough County,"Tampa-St. Petersburg-Clearwater, FL",11.127745000000001,77898,89891,93653,93653,0.83177263,0,0,operational,reported,12057011611,0
stonebridge-powder-mills-lawrence-county-pa,-80.4272333,40.9915328,Match,42,73,11200,3004,42073011200,Pennsylvania,Lawrence County,"Pittsburgh, PA",9.1438818,77813,100262,102107,102107,0.7620731,0,1,proposed,reported,42073011200,0
digital-realty-pdx12-or,-122.91865,45.56952,Match,41,67,32700,3010,41067032700,Oregon,Washington County,"Portland-Vancouver-Hillsboro, OR-WA",4.8726654,157586,102281,119276,119276,1.3211879,0,0,operational,reported,41067032700,0
meta-prineville-or,-120.8515,44.3042,Match,41,13,950302,2006,41013950302,Oregon,Crook County,"Bend, OR",20.152092,57542,102281,105335,105335,0.54627615,1,1,operational,confirmed,41013950302,1
pathone-hull-ia,-96.1333,43.1888,Match,19,167,70200,1038,19167070200,Iowa,Sioux County,NA,5.5908251,101442,97491,NA,97491,1.0405269,0,1,proposed,reported,19167070200,0
flexential-parker-co,-104.8119323,39.5620551,Match,8,35,14014,3018,8035014014,Colorado,Douglas County,"Denver-Aurora-Centennial, CO",3.0544949,149408,119139,132002,132002,1.1318617,0,0,under_construction,reported,08035014014,0
google-wilbarger-vernon-tx,-99.294,34.1551,Match,48,487,950500,3041,48487950500,Texas,Wilbarger County,NA,14.657482,71389,94599,NA,94599,0.75464857,0,1,under_construction,confirmed,48487950500,0
flexential-jacksonville-fl,-81.5817226,30.2457482,Match,12,31,15926,1002,12031015926,Florida,Duval County,"Jacksonville, FL",7.816092,97522,89891,98813,98813,0.9869349,0,0,operational,reported,12031015926,0
oppidan-apple-valley-technology-park-mn,-93.1731744,44.7546223,Match,27,37,60840,2000,27037060840,Minnesota,Dakota County,"Minneapolis-St. Paul-Bloomington, MN-WI",1.3186814,171275,113993,126705,126705,1.3517619,0,0,cancelled,confirmed,27037060840,0
expedient-cmh3-lewis-center-oh,-82.9614584,40.1533067,Match,39,41,11540,1023,39041011540,Ohio,Delaware County,"Columbus, OH",4.6293449,184983,92749,104588,104588,1.7686828,0,0,operational,reported,39041011540,0
riverview-innovation-tech-campus-tonawanda-ny,-78.887,43.037,Match,36,63,23001,1035,36063023001,New York,Niagara County,"Buffalo-Cheektowaga, NY",24.352077,55606,106873,96701,96701,0.57503027,1,0,proposed,reported,36063023001,0
cyrusone-chi1-chi3-aurora-il,-88.2438232,41.7966077,Match,17,43,846409,2008,17043846409,Illinois,DuPage County,"Chicago-Naperville-Elgin, IL-IN",2.5236592,216406,106018,113207,113207,1.9115956,0,0,operational,reported,17043846409,0
jumping-bison-greensburg-decatur-county-in,-85.4836,39.3372,Match,18,31,969400,2011,18031969400,Indiana,Decatur County,NA,5.739645,88029,90767,NA,90767,0.96983486,0,1,proposed,reported,18031969400,0
beltline-oklahoma-city-frisco-road-ok,-97.795,35.49,Match,40,17,301302,4028,40017301302,Oklahoma,Canadian County,"Oklahoma City, OK",12.6156,105272,82385,90681,90681,1.1609048,0,0,proposed,reported,40017301302,0
northmark-valara-spartanburg-sc,-81.851905,34.923066,Match,45,83,23901,1018,45083023901,South Carolina,Spartanburg County,"Spartanburg, SC",11.529934,74509,86707,78303,78303,0.95154721,0,1,under_construction,reported,45083023901,0
american-bitcoin-niagara-falls-ny,-79.03094758819105,43.082124888357896,Match,36,63,21700,5018,36063021700,New York,Niagara County,"Buffalo-Cheektowaga, NY",18.919744,39702,106873,96701,96701,0.41056451,1,0,operational,reported,36063021700,0
fervo-corsac-station-churchill-county-nv,-118.55,39.75,Match,32,1,950100,1116,32001950100,Nevada,Churchill County,NA,7.9787235,95652,92663,NA,92663,1.0322567,0,1,proposed,reported,32001950100,0
cleanspark-wiggins-ms,-89.1284,30.8508,Match,28,131,20100,3000,28131020100,Mississippi,Stone County,"Gulfport-Biloxi, MS",20.387762,64844,73163,79516,79516,0.81548369,1,1,operational,confirmed,28131020100,1
hunters-ridge-south-data-center-campus-spotsylvania-va,-77.482,38.213,Match,51,177,20206,3012,51177020206,Virginia,Spotsylvania County,"Washington-Arlington-Alexandria, DC-VA-MD-WV",6.4631157,116182,115213,154653,154653,0.75124311,0,1,permitted,reported,51177020206,0
flexential-allentown-data-center-abe01-pa,-75.4575733,40.6356953,Match,42,77,5902,1027,42077005902,Pennsylvania,Lehigh County,"Allentown-Bethlehem-Easton, PA-NJ",11.356297,64258,100262,103840,103840,0.61881739,1,0,operational,reported,42077005902,0
prometheus-hyperscale-kaufman-county-tx,-96.36,32.65,Match,48,257,50701,2002,48257050701,Texas,Kaufman County,"Dallas-Fort Worth-Arlington, TX",8.6857376,121731,94599,108711,108711,1.1197671,0,1,proposed,reported,48257050701,0
meta-los-lunas-ai-nm,-106.7296,34.8083,Match,35,61,970401,3013,35061970401,New Mexico,Valencia County,"Albuquerque, NM",19.473396,53915,79556,88526,88526,0.60903013,1,1,under_construction,confirmed,35061970401,1
compass-lauderdale-meridian-ms,-88.7037,32.3644,Match,28,75,10700,2046,28075010700,Mississippi,Lauderdale County,NA,49.590164,22131,73163,NA,73163,0.30248895,1,1,under_construction,confirmed,28075010700,1
atlas-project-springbank-adairsville-ga,-84.9341,34.369,Match,13,15,960202,1048,13015960202,Georgia,Bartow County,"Atlanta-Sandy Springs-Roswell, GA",9.7638245,96412,93754,107388,107388,0.89779121,0,1,proposed,reported,13015960202,0
philcade-data-center-tulsa-ok,-95.9903,36.1516,Match,40,143,2500,1074,40143002500,Oklahoma,Tulsa County,"Tulsa, OK",23.428375,72317,82385,88320,88320,0.81880659,1,0,operational,reported,40143002500,0
lightedge-solutions-altoona-ia,-93.4627,41.6433,Match,19,153,10709,3012,19153010709,Iowa,Polk County,"Des Moines-West Des Moines, IA",7.1009917,100484,97491,110255,110255,0.91137815,0,0,operational,confirmed,19153010709,0
lumen-madison-1-wi,-89.3922794,43.0677161,Match,55,25,1605,1004,55025001605,Wisconsin,Dane County,"Madison, WI",23.141264,NA,100141,120280,120280,NA,1,0,operational,reported,55025001605,0
northern-data-pryor-ok,-95.31806,36.29167,Match,40,97,40200,3018,40097040200,Oklahoma,Mayes County,NA,13.138815,60463,82385,NA,82385,0.73390788,0,1,cancelled,confirmed,40097040200,0
vantage-san-antonio-tx11-tx,-98.7892449,29.4161404,Match,48,29,172002,4054,48029172002,Texas,Bexar County,"San Antonio-New Braunfels, TX",3.7139568,117963,94599,92961,92961,1.2689515,0,0,operational,reported,48029172002,0
edgeconnex-sdg01-ca,-117.1694226,32.8423554,Match,6,73,8511,2006,6073008511,California,San Diego County,"San Diego-Chula Vista-Carlsbad, CA",6.910275,141056,113346,122377,122377,1.1526349,0,0,operational,reported,06073008511,0
interstate-holdings-blockchain-vilonia-ar,-92.2071,35.1073,Match,5,45,30202,2047,5045030202,Arkansas,Faulkner County,"Little Rock-North Little Rock-Conway, AR",10.681057,73818,76968,87649,87649,0.84220016,0,1,cancelled,confirmed,05045030202,0
oppd-pierce-county-energy-center-ne,-97.55,42.2,Match,31,139,979100,2157,31139979100,Nebraska,Pierce County,NA,5.125628,99118,99751,NA,99751,0.99365419,0,1,under_construction,confirmed,31139979100,0
scannell-monticello-tech-park-mn,-93.8499172,45.2914854,Match,27,171,100203,4010,27171100203,Minnesota,Wright County,"Minneapolis-St. Paul-Bloomington, MN-WI",6.148591,84318,113993,126705,126705,0.66546702,1,1,proposed,reported,27171100203,1
coresite-sv1-san-jose-ca-ca,-121.891646,37.3341181,Match,6,85,500800,3009,6085500800,California,Santa Clara County,"San Jose-Sunnyvale-Santa Clara, CA",10.922631,163929,113346,184762,184762,0.88724411,0,0,operational,reported,06085500800,0
vantage-westlake-south-fulton-ga,-84.5646,33.6273,Match,13,121,10308,2014,13121010308,Georgia,Fulton County,"Atlanta-Sandy Springs-Roswell, GA",2.2213712,145026,93754,107388,107388,1.350486,0,0,proposed,reported,13121010308,0
sos-limited-park-falls-wi,-90.438,45.9305,Match,55,99,970200,1051,55099970200,Wisconsin,Price County,NA,20.824909,75121,100141,NA,100141,0.75015229,1,1,operational,reported,55099970200,1
csquare-sfo3-ca,-121.9860407,37.3720542,Match,6,85,505202,2025,6085505202,California,Santa Clara County,"San Jose-Sunnyvale-Santa Clara, CA",19.125883,163550,113346,184762,184762,0.88519287,0,0,operational,reported,06085505202,0
percheron-data-center-or,-119.8262349,45.7113177,Match,41,49,970101,3070,41049970101,Oregon,Morrow County,NA,14.84708,76777,102281,NA,102281,0.75064772,0,1,under_construction,reported,41049970101,0
sabey-intergate-columbia-building-a-wa,-120.1893981,47.4086205,Match,53,17,950300,3055,53017950300,Washington,Douglas County,"Wenatchee-East Wenatchee, WA",7.6990705,87371,118075,94263,94263,0.92688543,0,1,operational,reported,53017950300,0
centersquare-shakopee-mn,-93.482,44.7965,Match,27,139,80303,3005,27139080303,Minnesota,Scott County,"Minneapolis-St. Paul-Bloomington, MN-WI",12.324414,82717,113993,126705,126705,0.65283138,1,0,operational,confirmed,27139080303,0
cyrusone-dugway-proving-ground-tooele-county-ut,-112.93,40.2,Match,49,45,130600,1070,49045130600,Utah,Tooele County,"Salt Lake City-Murray, UT",18.315218,56111,109675,116518,116518,0.48156509,1,1,proposed,reported,49045130600,1
prologis-silver-creek-valley-san-jose-ca,-121.79,37.25,Match,6,85,512039,2002,6085512039,California,Santa Clara County,"San Jose-Sunnyvale-Santa Clara, CA",11.948236,122321,113346,184762,184762,0.66204631,1,0,proposed,reported,06085512039,0
emerald-lakes-etheridge-lakes-data-center-chesapeake-va,-76.18817902157426,36.68061281906499,Match,51,550,21104,1005,51550021104,Virginia,Chesapeake city,"Virginia Beach-Chesapeake-Norfolk, VA-NC",2.653964,147240,115213,102262,102262,1.439831,0,0,cancelled,confirmed,51550021104,0
dominion-cumberland-energy-center-va,-78.26,37.62,Match,51,49,930101,1039,51049930101,Virginia,Cumberland County,NA,9.1624508,54643,115213,NA,115213,0.47427806,1,1,proposed,reported,51049930101,1
patmos-kansas-city-mo,-94.5786,39.0997,Match,29,95,15702,1007,29095015702,Missouri,Jackson County,"Kansas City, MO-KS",28.916309,NA,91360,106867,106867,NA,1,0,operational,reported,29095015702,0
google-the-dalles-port-river-road-or,-121.20239,45.62539,Match,41,65,970500,3007,41065970500,Oregon,Wasco County,NA,21.484375,62829,102281,NA,102281,0.61427832,1,1,under_construction,confirmed,41065970500,1
project-gravity-archbald-lackawanna-county-pa,-75.55,41.5,Match,42,69,111100,3006,42069111100,Pennsylvania,Lackawanna County,"Scranton--Wilkes-Barre, PA",8.1847649,94781,100262,85514,85514,1.1083683,0,0,proposed,reported,42069111100,0
novva-mesa-az,-111.6747,33.3717,Match,4,13,422617,4007,4013422617,Arizona,Maricopa County,"Phoenix-Mesa-Chandler, AZ",5.3321829,128944,95980,103615,103615,1.2444531,0,0,under_construction,confirmed,04013422617,0
stack-dfw01-plano-tx,-96.6925096,33.0136764,Match,48,85,31902,2025,48085031902,Texas,Collin County,"Dallas-Fort Worth-Arlington, TX",16.683937,79214,94599,108711,108711,0.72866589,0,0,operational,reported,48085031902,0
aligned-west-valley-city-ut,-112.05576,40.71498,Match,49,35,113415,3000,49035113415,Utah,Salt Lake County,"Salt Lake City-Murray, UT",12.38467,99129,109675,116518,116518,0.85076123,0,0,operational,confirmed,49035113415,0
big-horn-data-hub-hardin-mt,-107.598778,45.765054,Match,30,3,100,4198,30003000100,Montana,Big Horn County,NA,6.1823106,78421,92794,NA,92794,0.84510851,0,1,cancelled,confirmed,30003000100,0
brightnight-red-butte-newcastle-ut,-113.943,37.6949,Match,49,21,110300,1221,49021110300,Utah,Iron County,NA,7.8557043,102946,109675,NA,109675,0.93864602,0,1,proposed,reported,49021110300,0
cologix-col5-orange-township-delaware-county-oh,-83.011113,40.190863,Match,39,41,11563,1001,39041011563,Ohio,Delaware County,"Columbus, OH",1.3615334,200288,92749,104588,104588,1.9150189,0,0,under_construction,confirmed,39041011563,0
platteview-solar-saunders-ne,-96.3936,41.228,Match,31,155,968400,3064,31155968400,Nebraska,Saunders County,"Omaha, NE-IA",3.3607306,119141,99751,109980,109980,1.083297,0,1,operational,reported,31155968400,0
galaxy-helios-dickens-county-tx,-100.84,33.72,Match,48,125,950300,1074,48125950300,Texas,Dickens County,NA,17.984768,65469,94599,NA,94599,0.69206864,1,1,under_construction,confirmed,48125950300,1
galaxy-digital-mcgregor-tx,-97.4,31.44,Match,48,309,3901,1048,48309003901,Texas,McLennan County,"Waco, TX",8.0740738,150714,94599,85306,85306,1.7667456,0,0,proposed,confirmed,48309003901,0
google-project-skye-midlothian-va,-77.77600992,37.44741159,Match,51,41,101003,3014,51041101003,Virginia,Chesterfield County,"Richmond, VA",1.4231755,176139,115213,110863,110863,1.5887988,0,0,permitted,confirmed,51041101003,0
tierpoint-newton-ia,-93.0479,41.6997,Match,19,99,40500,6033,19099040500,Iowa,Jasper County,"Des Moines-West Des Moines, IA",19.96423,49635,97491,110255,110255,0.45018366,1,1,operational,reported,19099040500,1
wiscasset-proposed-me,-69.6553,44.0015,Match,23,15,975400,3002,23015975400,Maine,Lincoln County,NA,3.8655887,116525,96912,NA,96912,1.2023795,0,1,proposed,reported,23015975400,0
ashville-energy-center-pickaway-oh,-82.94833,39.71833,Match,39,129,21201,2002,39129021201,Ohio,Pickaway County,"Columbus, OH",3.7902069,109293,92749,104588,104588,1.044986,0,0,proposed,reported,39129021201,0
aws-beech-road-new-albany-oh,-82.75731,40.11593,Match,39,89,755601,1010,39089755601,Ohio,Licking County,"Columbus, OH",2.3718438,170039,92749,104588,104588,1.6257983,0,0,under_construction,reported,39089755601,0
qts-new-albany-3-franklin-county-oh,-82.77165,40.06965,Match,39,49,7211,1031,39049007211,Ohio,Franklin County,"Columbus, OH",3.7548449,250000,92749,104588,104588,2.3903315,0,0,under_construction,reported,39049007211,0
flexential-denver-aurora-den03-co,-104.8488321,39.6610488,Match,8,5,80400,4011,8005080400,Colorado,Arapahoe County,"Denver-Aurora-Centennial, CO",4.898447,117039,119139,132002,132002,0.88664567,0,0,operational,reported,08005080400,0
atlas-project-sassy-rome-ga,-85.1647,34.257,Match,13,115,600,2043,13115000600,Georgia,Floyd County,"Rome, GA",27.820053,52034,93754,80531,80531,0.64613628,1,1,proposed,reported,13115000600,1
lumon-solutions-marshfield-mo,-92.905,37.36,Match,29,225,470101,1121,29225470101,Missouri,Webster County,"Springfield, MO",10.366451,80938,91360,84001,84001,0.96353614,0,1,under_construction,reported,29225470101,0
grandilla-foot-creek-491st-thomas-tonopah-az,-113.134,33.481,Match,4,13,50603,3116,4013050603,Arizona,Maricopa County,"Phoenix-Mesa-Chandler, AZ",11.781109,71250,95980,103615,103615,0.68764174,1,0,permitted,reported,04013050603,0
tierpoint-oklahoma-city-ok,-97.5164,35.4676,Match,40,109,980007,1008,40109980007,Oklahoma,Oklahoma County,"Oklahoma City, OK",28.117359,165278,82385,90681,90681,1.822631,0,0,operational,confirmed,40109980007,0
qts-santa-clara-1-ca,-121.9783207,37.3939862,Match,6,85,505010,2033,6085505010,California,Santa Clara County,"San Jose-Sunnyvale-Santa Clara, CA",9.913702,203478,113346,184762,184762,1.1012979,0,0,operational,reported,06085505010,0
meta-mesa-az,-111.6355386,33.3375358,Match,4,13,422647,1000,4013422647,Arizona,Maricopa County,"Phoenix-Mesa-Chandler, AZ",1.6494024,154573,95980,103615,103615,1.4918014,0,0,operational,confirmed,04013422647,0
corscale-gainesville-crossing-va,-77.62,38.78,Match,51,153,901411,4008,51153901411,Virginia,Prince William County,"Washington-Arlington-Alexandria, DC-VA-MD-WV",3.2176549,225119,115213,154653,154653,1.4556394,0,0,under_construction,confirmed,51153901411,0
google-spade-new-florence-mo,-91.508,38.791,Match,29,139,970300,3048,29139970300,Missouri,Montgomery County,NA,11.190656,75945,91360,NA,91360,0.83127189,0,1,under_construction,confirmed,29139970300,0
meta-project-klondike-piqua-oh,-84.259053,40.103974,Match,39,109,315002,2018,39109315002,Ohio,Miami County,"Dayton-Kettering-Beavercreek, OH",11.353591,87872,92749,94596,94596,0.92891878,0,1,permitted,confirmed,39109315002,0
skybox-houston-one-tx,-95.7553386,29.802893,Match,48,201,542901,2004,48201542901,Texas,Harris County,"Houston-Pasadena-The Woodlands, TX",6.9120569,118172,94599,98582,98582,1.1987178,0,0,operational,reported,48201542901,0
expedient-baltimore-tide-point-md,-76.5916709,39.2746554,Match,24,510,240100,1004,24510240100,Maryland,Baltimore city,"Baltimore-Columbia-Towson, MD",3.7684326,175427,127817,126229,126229,1.3897519,0,0,operational,reported,24510240100,0
xai-southaven-ms,-89.974,34.993,Match,28,33,70521,1000,28033070521,Mississippi,DeSoto County,"Memphis, TN-MS-AR",13.720393,64981,73163,84517,84517,0.76885122,0,0,operational,confirmed,28033070521,0
atlas-power-butte-mt,-112.518238,45.930855,Match,30,93,800,5220,30093000800,Montana,Silver Bow County,NA,5.6515422,116757,92794,NA,92794,1.2582387,0,1,operational,reported,30093000800,0
equinix-sv8-ca,-122.160786,37.4458951,Match,6,85,511302,2008,6085511302,California,Santa Clara County,"San Jose-Sunnyvale-Santa Clara, CA",18.245237,241703,113346,184762,184762,1.3081857,0,0,operational,reported,06085511302,0
volition-spanish-fork-ut,-111.6461,40.115,Match,49,49,3201,2014,49049003201,Utah,Utah County,"Provo-Orem-Lehi, UT",10.137376,80179,109675,110937,110937,0.72274351,0,0,proposed,reported,49049003201,0
databank-brooklyn-park-mn,-93.386,45.116,Match,27,53,26812,5004,27053026812,Minnesota,Hennepin County,"Minneapolis-St. Paul-Bloomington, MN-WI",4.5061069,144844,113993,126705,126705,1.1431593,0,0,operational,confirmed,27053026812,0
ark-data-centers-akron-ii-summit-county-oh,-81.521336,41.057297,Match,39,153,506800,1056,39153506800,Ohio,Summit County,"Akron, OH",35.330261,37276,92749,95658,95658,0.38967991,1,0,operational,confirmed,39153506800,0
databank-cleveland-cle1-oh,-81.6829,41.4998,Match,39,35,107701,2022,39035107701,Ohio,Cuyahoga County,"Cleveland, OH",21.943462,149531,92749,95803,95803,1.5608175,0,0,operational,confirmed,39035107701,0
flexential-fort-lauderdale-fll01-02-fl,-80.1932967,26.1900857,Match,12,11,50208,2025,12011050208,Florida,Broward County,"Miami-Fort Lauderdale-West Palm Beach, FL",17.383276,66027,89891,89212,89212,0.74011344,0,0,operational,reported,12011050208,0
prsm-preble-county-oh,-84.6873978,39.8283325,Match,39,135,450100,1001,39135450100,Ohio,Preble County,NA,9.0542355,94167,92749,NA,92749,1.0152886,0,1,cancelled,reported,39135450100,0
qlevr-charlestown-clark-county-in,-85.67,38.4517,Match,18,19,50903,1000,18019050903,Indiana,Clark County,"Louisville/Jefferson County, KY-IN",14.841269,91563,90767,93011,93011,0.98443192,0,0,proposed,reported,18019050903,0
prologis-shelbyville-in,-85.7769,39.5214,Match,18,145,710601,2051,18145710601,Indiana,Shelby County,"Indianapolis-Carmel-Greenwood, IN",15.17038,66442,90767,102227,102227,0.64994574,1,1,permitted,reported,18145710601,1
cologix-col4-columbus-oh,-83.0007799,40.1178254,Match,39,49,7043,2026,39049007043,Ohio,Franklin County,"Columbus, OH",12.345271,84803,92749,104588,104588,0.81082916,0,0,operational,reported,39049007043,0
tract-tuckahoe-technology-park-goochland-county-va,-77.68,37.68,Match,51,75,400102,1031,51075400102,Virginia,Goochland County,"Richmond, VA",4.0227466,158305,115213,110863,110863,1.4279336,0,0,proposed,reported,51075400102,0
meta-fort-worth-tx,-97.2617581,32.9844048,Match,48,439,113941,2006,48439113941,Texas,Tarrant County,"Dallas-Fort Worth-Arlington, TX",5.0329256000000004,120139,94599,108711,108711,1.1051228,0,0,operational,reported,48439113941,0
oklo-aurora-pike-county-oh,-82.996,39.018,Match,39,131,952200,4075,39131952200,Ohio,Pike County,NA,30.347618,64728,92749,NA,92749,0.69788355,1,1,proposed,confirmed,39131952200,1
slate-belt-holdings-upper-mount-bethel-northampton-pa,-75.13,40.9,Match,42,95,18200,2023,42095018200,Pennsylvania,Northampton County,"Allentown-Bethlehem-Easton, PA-NJ",5.6140351,95446,100262,103840,103840,0.91916412,0,1,proposed,reported,42095018200,0
whitefiber-nc1-madison-nc,-79.9692,36.3801,Match,37,157,40800,1055,37157040800,North Carolina,Rockingham County,"Greensboro-High Point, NC",9.2540665,76250,90290,83641,83641,0.91163427,0,1,operational,confirmed,37157040800,0
peterson-project-sisson-stafford-va,-77.39,38.287,Match,51,179,10504,1008,51179010504,Virginia,Stafford County,"Washington-Arlington-Alexandria, DC-VA-MD-WV",5.1241417,141000,115213,154653,154653,0.91171849,0,1,proposed,reported,51179010504,0
sabey-intergate-east-building-1-wa,-122.2881943,47.4948597,Match,53,33,27200,1004,53033027200,Washington,King County,"Seattle-Tacoma-Bellevue, WA",12.864721,91395,118075,140190,140190,0.65193665,1,0,operational,reported,53033027200,0
tierpoint-omaha-midlands-papillion-ne,-96.046,41.11,Match,31,153,10702,4004,31153010702,Nebraska,Sarpy County,"Omaha, NE-IA",4.6828542,108966,99751,109980,109980,0.99078012,0,0,operational,reported,31153010702,0
warrenton-group-halifax-road-petersburg-va,-77.418,37.177,Match,51,730,811100,3013,51730811100,Virginia,Petersburg city,"Richmond, VA",4.7239614,74141,115213,110863,110863,0.66876233,1,0,permitted,confirmed,51730811100,0
flexential-charlotte-south-clt01-02-03-nc,-80.9368313,35.1354147,Match,37,119,5915,2005,37119005915,North Carolina,Mecklenburg County,"Charlotte-Concord-Gastonia, NC-SC",6.5649867,NA,90290,102246,102246,NA,0,0,operational,reported,37119005915,0
rellis-data-research-center-bryan-brazos-county-tx,-96.3589,30.6013,Match,48,41,2017,1027,48041002017,Texas,Brazos County,"College Station-Bryan, TX",76.646248,78393,94599,89843,89843,0.87255543,1,0,under_construction,reported,48041002017,0
tulsaconnect-east-dc3-tulsa-ok,-95.9928,36.154,Match,40,143,2500,1044,40143002500,Oklahoma,Tulsa County,"Tulsa, OK",23.428375,72317,82385,88320,88320,0.81880659,1,0,operational,confirmed,40143002500,0
natelli-new-hill-nc,-79.0033,35.6526,Match,37,37,20702,2040,37037020702,North Carolina,Chatham County,"Durham-Chapel Hill, NC",5.7623048,119180,90290,113114,113114,1.0536274,0,0,cancelled,reported,37037020702,0
vantage-wa12-wa,-119.8136985,47.2539697,Match,53,25,10500,1036,53025010500,Washington,Grant County,NA,7.2359843,99739,118075,NA,118075,0.84470886,0,1,operational,reported,53025010500,0
province-group-bristol-innovation-park-elkhart-county-in,-85.8175,41.7203,Match,18,39,702,2022,18039000702,Indiana,Elkhart County,"Elkhart-Goshen, IN",23.814262,77500,90767,84311,84311,0.91921574,1,0,proposed,reported,18039000702,0
flexential-denver-centennial-den05-co,-104.8431597,39.5938733,Match,8,5,6864,2001,8005006864,Colorado,Arapahoe County,"Denver-Aurora-Centennial, CO",3.2453637,172692,119139,132002,132002,1.3082529,0,0,operational,reported,08005006864,0
stargate-port-washington-wi,-87.8753,43.3882,Match,55,89,630100,1033,55089630100,Wisconsin,Ozaukee County,"Milwaukee-Waukesha, WI",4.1666665,84697,100141,104346,104346,0.81169379,0,1,under_construction,reported,55089630100,0
beltline-luther-horizon-technology-park-ok,-97.1961,35.6612,Match,40,109,109202,1032,40109109202,Oklahoma,Oklahoma County,"Oklahoma City, OK",7.9106278,93333,82385,90681,90681,1.0292454,0,0,proposed,reported,40109109202,0
switch-big-beaver-pa,-80.33,40.75,Match,42,7,601200,1027,42007601200,Pennsylvania,Beaver County,"Pittsburgh, PA",23.78702,47438,100262,102107,102107,0.46459106,1,0,proposed,confirmed,42007601200,0
stack-caddo-parish-la,-93.9,32.58,Match,22,17,25406,3006,22017025406,Louisiana,Caddo Parish,"Shreveport-Bossier City, LA",21.672817,86154,79407,75242,75242,1.1450254,1,0,under_construction,confirmed,22017025406,0
tierpoint-allentown-tekpark-breinigsville-pa,-75.6288,40.5384,Match,42,77,6206,3002,42077006206,Pennsylvania,Lehigh County,"Allentown-Bethlehem-Easton, PA-NJ",2.3672972,123361,100262,103840,103840,1.1879911,0,0,operational,reported,42077006206,0
cambrin-project-cornmaze-town-of-beloit-wi,-89.0215921,42.5843885,Match,55,105,1400,1002,55105001400,Wisconsin,Rock County,"Janesville-Beloit, WI",12.560806,90789,100141,90467,90467,1.0035594,0,0,proposed,reported,55105001400,0
salcido-wheeler-moses-lake-wa,-119.285,47.125,Match,53,25,11102,1024,53025011102,Washington,Grant County,NA,31.021801,65149,118075,NA,118075,0.55175948,1,1,operational,reported,53025011102,1
vantage-nv1-storey-county-nv,-119.5904,39.5311,Match,32,29,970200,1071,32029970200,Nevada,Storey County,"Reno, NV",7.0582547,121477,92663,104602,104602,1.1613258,0,1,under_construction,confirmed,32029970200,0
skybox-chicago-i-il,-87.973521,41.9936612,Match,17,31,770300,3037,17031770300,Illinois,Cook County,"Chicago-Naperville-Elgin, IL-IN",8.7209301,97601,106018,113207,113207,0.86214632,0,0,operational,reported,17031770300,0
switch-las-vegas-9-nv,-115.2196277,36.0557074,Match,32,3,2981,2000,32003002981,Nevada,Clark County,"Las Vegas-Henderson-North Las Vegas, NV",5.4070983,107440,92663,89785,89785,1.1966364,0,0,operational,reported,32003002981,0
mara-flared-gas-fleet-tx-nd,-102.37,31.87,Match,48,135,1500,1001,48135001500,Texas,Ector County,"Odessa, TX",23.954273,62711,94599,81330,81330,0.77106851,1,0,operational,reported,48135001500,0
flexential-atlanta-douglasville-1-ga,-84.6160809,33.7310574,Match,13,97,80105,2028,13097080105,Georgia,Douglas County,"Atlanta-Sandy Springs-Roswell, GA",10.400721,144618,93754,107388,107388,1.3466868,0,0,operational,reported,13097080105,0
ntt-sacramento-ca3-data-center-ca,-121.4987627,38.6442393,Match,6,67,7019,2044,6067007019,California,Sacramento County,"Sacramento-Roseville-Folsom, CA",25.901741,115536,113346,116511,116511,0.99163169,1,0,operational,reported,06067007019,0
penzance-bedington-berkeley-county-wv,-77.882,39.554,Match,24,43,10902,2007,24043010902,Maryland,Washington County,"Hagerstown-Martinsburg, MD-WV",1.4980026,106734,127817,94359,94359,1.1311481,0,1,proposed,confirmed,24043010902,0
crane-pdx01-forest-grove-or,-123.1087,45.5207,Match,41,67,33202,1005,41067033202,Oregon,Washington County,"Portland-Vancouver-Hillsboro, OR-WA",24.621878,117857,102281,119276,119276,0.98810321,1,1,under_construction,confirmed,41067033202,1
databank-vernon-la-ca,-118.218653,34.00543,Match,6,37,980016,1049,6037980016,California,Los Angeles County,"Los Angeles-Long Beach-Anaheim, CA",7.2507553,70250,113346,108949,108949,0.64479709,1,0,proposed,confirmed,06037980016,0
iron-mountain-va-4-va,-77.54223,38.7744146,Match,51,153,901409,5006,51153901409,Virginia,Prince William County,"Washington-Arlington-Alexandria, DC-VA-MD-WV",3.2232347,143786,115213,154653,154653,0.92973304,0,0,operational,reported,51153901409,0
edgeconnex-den01-denver-co,-104.8275475,39.5608526,Match,8,35,14014,3021,8035014014,Colorado,Douglas County,"Denver-Aurora-Centennial, CO",3.0544949,149408,119139,132002,132002,1.1318617,0,0,operational,reported,08035014014,0
genesis-digital-assets-anderson-sc,-82.6506264,34.5068601,Match,45,7,12300,1011,45007012300,South Carolina,Anderson County,"Greenville-Anderson-Greer, SC",30.740038,46767,86707,88723,88723,0.52711248,1,1,operational,reported,45007012300,1
greenidge-generation-dresden-ny,-76.948604,42.679134,Match,36,123,150102,1005,36123150102,New York,Yates County,NA,7.360157,102917,106873,NA,106873,0.96298409,0,1,operational,confirmed,36123150102,0
rwe-maryland-blue-crab-solar-storage-dorchester-md,-75.945,38.578,Match,24,19,970300,1047,24019970300,Maryland,Dorchester County,NA,6.3279448,83825,127817,NA,127817,0.65582043,1,1,proposed,confirmed,24019970300,1
digital-realty-sjc34-ca,-121.973647,37.3724077,Match,6,85,505202,2096,6085505202,California,Santa Clara County,"San Jose-Sunnyvale-Santa Clara, CA",19.125883,163550,113346,184762,184762,0.88519287,0,0,operational,reported,06085505202,0
artemis-technologies-cave-city-ar,-91.55083,35.94806,Match,5,135,470402,1047,5135470402,Arkansas,Sharp County,NA,15.39924,56029,76968,NA,76968,0.72795188,0,1,under_construction,reported,05135470402,0
enerfore-pleasant-valley-tioga-nd,-102.9424,48.28,Match,38,105,953600,1168,38105953600,North Dakota,Williams County,NA,5.4324069,116169,104993,NA,104993,1.1064452,0,1,under_construction,reported,38105953600,0
renaissance-park-upper-merion-king-of-prussia-pa,-75.347,40.092,Match,42,91,205806,2018,42091205806,Pennsylvania,Montgomery County,"Philadelphia-Camden-Wilmington, PA-NJ-DE-MD",4.2543459,134957,100262,116434,116434,1.1590859,0,0,proposed,confirmed,42091205806,0
tierpoint-tulsa-archer-ok,-95.9886293,36.1585898,Match,40,143,2500,3035,40143002500,Oklahoma,Tulsa County,"Tulsa, OK",23.428375,72317,82385,88320,88320,0.81880659,1,0,operational,reported,40143002500,0
tract-hanover-technology-park-va,-77.47,37.81,Match,51,85,320500,1002,51085320500,Virginia,Hanover County,"Richmond, VA",13.353116,137700,115213,110863,110863,1.2420735,0,0,under_construction,confirmed,51085320500,0
alterra-marshall-technology-energy-center-gas-mi,-84.955,42.276,Match,26,25,3900,3009,26025003900,Michigan,Calhoun County,"Battle Creek, MI",4.5114436,133058,93357,79554,79554,1.6725495,0,1,proposed,reported,26025003900,0
mlp-ventures-plymouth-township-conshohocken-pa,-75.312,40.086,Match,42,91,204008,2003,42091204008,Pennsylvania,Montgomery County,"Philadelphia-Camden-Wilmington, PA-NJ-DE-MD",1.4458542,125865,100262,116434,116434,1.0809987,0,0,proposed,reported,42091204008,0
apple-maiden-nc,-81.256686,35.588607,Match,37,35,11702,2075,37035011702,North Carolina,Catawba County,"Hickory-Lenoir-Morganton, NC",11.646235,88511,90290,76116,76116,1.1628436,0,1,operational,confirmed,37035011702,0
aws-3180-beech-road-new-albany-oh,-82.750939,40.104129,Match,39,89,755601,1039,39089755601,Ohio,Licking County,"Columbus, OH",2.3718438,170039,92749,104588,104588,1.6257983,0,0,operational,reported,39089755601,0
beltline-piedmont-kingfisher-county-ok,-97.81183,35.74394,Match,40,73,958400,2169,40073958400,Oklahoma,Kingfisher County,NA,7.9008265,106094,82385,NA,82385,1.287783,0,1,proposed,reported,40073958400,0
sabey-intergate-west-building-c-wa,-122.2943972,47.494123,Match,53,33,27100,1001,53033027100,Washington,King County,"Seattle-Tacoma-Bellevue, WA",25.108122,66607,118075,140190,140190,0.47511947,1,0,operational,reported,53033027100,0
microsoft-mountain-west-des-moines-ia,-93.8253005,41.5385054,Match,19,49,50812,1003,19049050812,Iowa,Dallas County,"Des Moines-West Des Moines, IA",18.359152,145052,97491,110255,110255,1.3156047,0,0,operational,reported,19049050812,0
energy-storage-solutions-fayetteville-cumberland-county-nc,-78.878,35.053,Match,37,51,3800,2039,37051003800,North Carolina,Cumberland County,"Fayetteville, NC",31.65925,42813,90290,73956,73956,0.57889825,1,0,proposed,reported,37051003800,0
digital-realty-va4-va,-77.594905,38.7780614,Match,51,153,901421,3009,51153901421,Virginia,Prince William County,"Washington-Arlington-Alexandria, DC-VA-MD-WV",2.2739675,219250,115213,154653,154653,1.4176899,0,0,operational,reported,51153901421,0
stream-chicago-ii-ordb-elk-grove-village-il,-87.9703,42.0039,Match,17,31,770300,3018,17031770300,Illinois,Cook County,"Chicago-Naperville-Elgin, IL-IN",8.7209301,97601,106018,113207,113207,0.86214632,0,0,operational,reported,17031770300,0
ntt-sacramento-ca1-data-center-ca,-121.4891868,38.6504319,Match,6,67,7019,2035,6067007019,California,Sacramento County,"Sacramento-Roseville-Folsom, CA",25.901741,115536,113346,116511,116511,0.99163169,1,0,operational,reported,06067007019,0
nine-mile-data-myton-duchesne-county-ut,-110.0568,40.193,Match,49,13,940600,1048,49013940600,Utah,Duchesne County,NA,8.9614162,92413,109675,NA,109675,0.84260768,0,1,permitted,reported,49013940600,0
qts-richmond-1-dc1-ric1-white-oak-technology-park-va,-77.2474761,37.4892338,Match,51,87,201404,3014,51087201404,Virginia,Henrico County,"Richmond, VA",8.9690943,96296,115213,110863,110863,0.86860359,0,0,operational,reported,51087201404,0
rowan-digital-frederick-md,-77.394,39.265,Match,24,21,752201,2007,24021752201,Maryland,Frederick County,"Washington-Arlington-Alexandria, DC-VA-MD-WV",1.1042944,145227,127817,154653,154653,0.93905067,0,1,under_construction,confirmed,24021752201,0
aligned-quantum-frederick-md,-77.387,39.263,Match,24,21,752201,2007,24021752201,Maryland,Frederick County,"Washington-Arlington-Alexandria, DC-VA-MD-WV",1.1042944,145227,127817,154653,154653,0.93905067,0,1,under_construction,confirmed,24021752201,0
mara-hopedale-harrison-oh,-80.9012,40.3253,Match,39,67,975600,4027,39067975600,Ohio,Harrison County,NA,17.641479,56739,92749,NA,92749,0.61174786,1,1,operational,confirmed,39067975600,1
miningstore-eldora-township-ia,-93.0996,42.3622,Match,19,83,480600,3030,19083480600,Iowa,Hardin County,NA,12.42163,84531,97491,NA,97491,0.86706465,0,1,permitted,reported,19083480600,0
aws-hayden-run-hilliard-oh,-83.134305,40.059949,Match,39,49,7922,1000,39049007922,Ohio,Franklin County,"Columbus, OH",7.7976007,142500,92749,104588,104588,1.362489,0,0,operational,reported,39049007922,0
cloudburst-oklahoma-city-campus-ok,-97.5164,35.4676,Match,40,109,980007,1008,40109980007,Oklahoma,Oklahoma County,"Oklahoma City, OK",28.117359,165278,82385,90681,90681,1.822631,0,0,proposed,reported,40109980007,0
westdulles-iron-horse-hanover-va,-77.44,37.762,Match,51,85,320701,2016,51085320701,Virginia,Hanover County,"Richmond, VA",3.5104733,155179,115213,110863,110863,1.3997366,0,0,proposed,confirmed,51085320701,0
cologix-col1-columbus-oh,-83.0021667,40.1164761,Match,39,49,7048,3023,39049007048,Ohio,Franklin County,"Columbus, OH",11.277815,108958,92749,104588,104588,1.041783,0,0,operational,confirmed,39049007048,0
american-tower-edc-oklahoma-city-ok,-97.4934,35.5896,Match,40,109,108302,2019,40109108302,Oklahoma,Oklahoma County,"Oklahoma City, OK",15.229137,82764,82385,90681,90681,0.91269398,0,0,proposed,reported,40109108302,0
switch-the-rock-round-rock-tx,-97.6725256,30.4880189,Match,48,491,20709,1007,48491020709,Texas,Williamson County,"Austin-Round Rock-San Marcos, TX",10.813727,102930,94599,126591,126591,0.81309098,0,0,under_construction,reported,48491020709,0
google-lincoln-ne,-96.675,40.81,Match,31,109,1600,3006,31109001600,Nebraska,Lancaster County,"Lincoln, NE",11.45493,68856,99751,101786,101786,0.67647809,1,0,under_construction,confirmed,31109001600,0
tierpoint-spokane-wa,-117.0959323,47.6719149,Match,53,63,13203,2003,53063013203,Washington,Spokane County,"Spokane-Spokane Valley, WA",6.1711078,105781,118075,98269,98269,1.0764432,0,0,operational,reported,53063013203,0
iron-mountain-va-2-va,-77.5459965,38.7772373,Match,51,153,901409,5006,51153901409,Virginia,Prince William County,"Washington-Arlington-Alexandria, DC-VA-MD-WV",3.2232347,143786,115213,154653,154653,0.92973304,0,0,operational,reported,51153901409,0
metro-edge-imd1-chicago-il,-87.6749686,41.8639696,Match,17,31,842900,1037,17031842900,Illinois,Cook County,"Chicago-Naperville-Elgin, IL-IN",42.320396,21250,106018,113207,113207,0.18770924,1,0,permitted,reported,17031842900,0
essential-energy-archbald-lackawanna-county-pa,-75.5391,41.4959,Match,42,69,111100,2005,42069111100,Pennsylvania,Lackawanna County,"Scranton--Wilkes-Barre, PA",8.1847649,94781,100262,85514,85514,1.1083683,0,0,proposed,reported,42069111100,0
crypto-colo-center-mclouth-ks,-95.20833,39.19611,Match,20,87,20300,2043,20087020300,Kansas,Jefferson County,"Topeka, KS",6.1785321,109576,95810,92523,92523,1.1843109,0,1,cancelled,confirmed,20087020300,0
stargate-project-jupiter-dona-ana-nm,-106.6895,31.8636,Match,35,13,1701,4070,35013001701,New Mexico,Doña Ana County,"Las Cruces, NM",18.857653,64579,79556,64174,64174,1.0063109,0,0,under_construction,reported,35013001701,0
coresite-ny2-secaucus-nj-nj,-74.0652426,40.7842844,Match,34,17,19900,2024,34017019900,New Jersey,Hudson County,"New York-Newark-Jersey City, NY-NJ",4.7443233,145254,127025,120744,120744,1.2029915,0,0,operational,reported,34017019900,0
openai-project-camellia-effingham-ga,-81.2354,32.296,Match,13,103,30307,1023,13103030307,Georgia,Effingham County,"Savannah, GA",10.60713,99317,93754,94073,94073,1.0557439,0,1,proposed,confirmed,13103030307,0
bermuda-hundred-data-center-chesterfield-va,-77.39493747,37.33798175,Match,51,41,100509,2037,51041100509,Virginia,Chesterfield County,"Richmond, VA",3.5019956,131582,115213,110863,110863,1.1868883,0,0,proposed,reported,51041100509,0
atmosphere-dickerson-montgomery-md,-77.4736,39.2117,Match,51,107,610300,2026,51107610300,Virginia,Loudoun County,"Washington-Arlington-Alexandria, DC-VA-MD-WV",3.3209043,247998,115213,154653,154653,1.603577,0,1,proposed,reported,51107610300,0
iren-horizon-childress-tx,-100.2046,34.4276,Match,48,75,950200,1017,48075950200,Texas,Childress County,NA,15.362319,67865,94599,NA,94599,0.71739662,0,1,under_construction,confirmed,48075950200,0
prometheus-hyperscale-pueblo-co,-104.6141867,38.263995,Match,8,101,3500,1137,8101003500,Colorado,Pueblo County,"Pueblo, CO",28.957718,42625,119139,81641,81641,0.52210289,1,0,proposed,reported,08101003500,0
microsoft-hickory-catawba-county-nc,-81.3443,35.7333,Match,37,35,10501,2045,37035010501,North Carolina,Catawba County,"Hickory-Lenoir-Morganton, NC",5.7899089,123485,90290,76116,76116,1.6223265,0,1,under_construction,confirmed,37035010501,0
w-holdings-energy-generation-technology-campus-maricopa-az,-112.035,32.945,Match,4,21,941402,1037,4021941402,Arizona,Pinal County,"Phoenix-Mesa-Chandler, AZ",16.673666,75714,95980,103615,103615,0.73072433,0,0,proposed,confirmed,04021941402,0
expedient-pit1-green-tree-pittsburgh-south-pa,-80.0425212,40.427371,Match,42,3,469000,3004,42003469000,Pennsylvania,Allegheny County,"Pittsburgh, PA",6.3719387,115573,100262,102107,102107,1.1318812,0,0,operational,reported,42003469000,0
powertransitions-project-yardbird-ks,-94.635,39.147,Match,20,209,980000,1006,20209980000,Kansas,Wyandotte County,"Kansas City, MO-KS",NA,NA,95810,106867,106867,NA,0,0,proposed,reported,20209980000,0
entergy-westlake-power-station-calcasieu-la,-93.2507099,30.2421496,Match,22,19,2600,3043,22019002600,Louisiana,Calcasieu Parish,"Lake Charles, LA",13.002965,69329,79407,83544,83544,0.82985014,0,0,proposed,reported,22019002600,0
serverfarm-titan-moses-lake-wa,-119.25,47.1554,Match,53,25,11002,3003,53025011002,Washington,Grant County,NA,16.508261,94013,118075,NA,118075,0.79621428,0,1,operational,confirmed,53025011002,0
flexential-louisville-east-nas-equivalent-lou-east-ky,-85.5072402,38.2771906,Match,21,111,10406,3001,21111010406,Kentucky,Jefferson County,"Louisville/Jefferson County, KY-IN",10.262449,139659,81505,93011,93011,1.5015321,0,0,operational,reported,21111010406,0
lumen-san-antonio-2-tx,-98.5065217,29.4382791,Match,48,29,110600,2004,48029110600,Texas,Bexar County,"San Antonio-New Braunfels, TX",45.547642,33281,94599,92961,92961,0.35801035,1,0,operational,reported,48029110600,0
core-scientific-auburn-al,-85.4879,32.6089,Match,1,81,40802,2001,1081040802,Alabama,Lee County,"Auburn-Opelika, AL",81.389366,NA,83032,90260,90260,NA,1,0,under_construction,confirmed,01081040802,0
h5-buffalo-ii-lockport-ny,-78.74808845761379,43.16967580851366,Match,36,63,23401,3003,36063023401,New York,Niagara County,"Buffalo-Cheektowaga, NY",13.527935,115048,106873,96701,96701,1.1897292,0,1,operational,reported,36063023401,0
five-up-realty-eynon-jermyn-road-archbald-pa,-75.535,41.509,Match,42,69,111100,1020,42069111100,Pennsylvania,Lackawanna County,"Scranton--Wilkes-Barre, PA",8.1847649,94781,100262,85514,85514,1.1083683,0,0,proposed,reported,42069111100,0
rck-crossroads-technology-campus-spotsylvania-va,-77.4334,38.2445,Match,51,177,20201,1002,51177020201,Virginia,Spotsylvania County,"Washington-Arlington-Alexandria, DC-VA-MD-WV",3.2938881,123364,115213,154653,154653,0.79768258,0,1,proposed,reported,51177020201,0
oppidan-des-moines-ia,-93.625,41.5868,Match,19,153,5101,4030,19153005101,Iowa,Polk County,"Des Moines-West Des Moines, IA",22.28772,88661,97491,110255,110255,0.80414492,1,0,operational,confirmed,19153005101,0
red-ace-data-center-culpeper-va,-77.997,38.474,Match,51,47,930204,1015,51047930204,Virginia,Culpeper County,"Washington-Arlington-Alexandria, DC-VA-MD-WV",3.2915361,144125,115213,154653,154653,0.931925,0,1,permitted,confirmed,51047930204,0
newfold-digital-provo-ut,-111.65871,40.23373,Match,49,49,2400,1012,49049002400,Utah,Utah County,"Provo-Orem-Lehi, UT",20.670649,45563,109675,110937,110937,0.41071057,1,0,operational,reported,49049002400,0
lumen-santa-clara-1-ca,-121.952059,37.3770332,Match,6,85,505202,2041,6085505202,California,Santa Clara County,"San Jose-Sunnyvale-Santa Clara, CA",19.125883,163550,113346,184762,184762,0.88519287,0,0,operational,reported,06085505202,0
vantage-frontier-shackelford-county-tx,-99.2987,32.7272,Match,48,417,950300,2050,48417950300,Texas,Shackelford County,NA,9.5253267,95400,94599,NA,94599,1.0084673,0,1,under_construction,reported,48417950300,0
project-boulder-colleton-county-sc,-80.62,32.7,Match,45,29,970800,2049,45029970800,South Carolina,Colleton County,NA,9.7489538,90000,86707,NA,86707,1.0379785,0,1,proposed,reported,45029970800,0
aaim-data-centers-blue-earth-mn,-94.098,43.635,Match,27,43,460400,4021,27043460400,Minnesota,Faribault County,NA,10.931957,104375,113993,NA,113993,0.91562641,0,1,operational,confirmed,27043460400,0
digital-realty-chicago-ch1-il,-87.961935,41.9942413,Match,17,31,770300,3062,17031770300,Illinois,Cook County,"Chicago-Naperville-Elgin, IL-IN",8.7209301,97601,106018,113207,113207,0.86214632,0,0,operational,reported,17031770300,0
microsoft-malaga-wa,-120.2,47.23,Match,53,37,975300,1002,53037975300,Washington,Kittitas County,NA,10.574128,103021,118075,NA,118075,0.87250477,0,1,under_construction,confirmed,53037975300,0
aws-falls-township-pa,-74.7882,40.1545,Match,42,17,980000,2008,42017980000,Pennsylvania,Bucks County,"Philadelphia-Camden-Wilmington, PA-NJ-DE-MD",NA,NA,100262,116434,116434,NA,0,0,under_construction,confirmed,42017980000,0
orient-energy-center-ia,-94.4241,41.2003,Match,19,1,960200,2201,19001960200,Iowa,Adair County,NA,11.150442,98264,97491,NA,97491,1.007929,0,1,proposed,confirmed,19001960200,0
powerhouse-louisville-ky,-85.8485,38.1953,Match,21,111,12701,1032,21111012701,Kentucky,Jefferson County,"Louisville/Jefferson County, KY-IN",40.387962,38813,81505,93011,93011,0.41729474,1,0,under_construction,reported,21111012701,0
pronghorn-antelope-cedar-city-ut,-113.0619,37.6775,Match,49,21,110601,1006,49021110601,Utah,Iron County,NA,30.939415,44274,109675,NA,109675,0.4036836,1,1,permitted,reported,49021110601,1
strata-hanging-rock-haverhill-data-center-oh,-82.781751,38.567639,Match,39,87,50700,3021,39087050700,Ohio,Lawrence County,"Huntington-Ashland, WV-KY-OH",17.453278,66705,92749,76767,76767,0.86892807,0,1,under_construction,confirmed,39087050700,0
atlas-project-bus-temple-ga,-85.0327,33.7376,Match,13,45,910201,1038,13045910201,Georgia,Carroll County,"Atlanta-Sandy Springs-Roswell, GA",13.474445,80975,93754,107388,107388,0.75404143,0,1,proposed,reported,13045910201,0
cyrusone-cin3-cincinnati-mason-oh,-84.3116127,39.3038941,Match,39,165,32008,1044,39165032008,Ohio,Warren County,"Cincinnati, OH-KY-IN",10.344828,180966,92749,104379,104379,1.7337395,0,0,operational,reported,39165032008,0
aws-wallula-gap-walla-walla-wa,-118.9135,46.0726,Match,53,71,920000,2067,53071920000,Washington,Walla Walla County,"Walla Walla, WA",14.656202,97313,118075,96998,96998,1.0032475,0,1,under_construction,confirmed,53071920000,0
coachella-valley-technology-campus-ca,-116.169492,33.671181,Match,6,65,45703,3001,6065045703,California,Riverside County,"Riverside-San Bernardino-Ontario, CA",7.8078885,66250,113346,99149,99149,0.66818625,1,0,cancelled,reported,06065045703,0
equinix-ny5-nj,-74.0723242,40.7785845,Match,34,17,19900,2023,34017019900,New Jersey,Hudson County,"New York-Newark-Jersey City, NY-NJ",4.7443233,145254,127025,120744,120744,1.2029915,0,0,operational,reported,34017019900,0
apollo-power-generation-facility-wood-oh,-83.6347437,41.459261,Match,39,173,21200,2043,39173021200,Ohio,Wood County,"Toledo, OH",6.0977101,150428,92749,89262,89262,1.6852412,0,0,under_construction,confirmed,39173021200,0
jefferson-proving-ground-data-center-jefferson-county-in,-85.4,38.82,Match,18,77,966100,1095,18077966100,Indiana,Jefferson County,NA,12.654459,77244,90767,NA,90767,0.85101414,0,1,permitted,reported,18077966100,0
microsoft-kenosha-wi,-87.89,42.537,Match,55,59,2606,1012,55059002606,Wisconsin,Kenosha County,"Kenosha, WI",1.0311641,140882,100141,105009,105009,1.3416183,0,0,proposed,confirmed,55059002606,0
cnx-zediker-station-south-strabane-washington-county-pa,-80.19,40.156,Match,42,125,755200,3005,42125755200,Pennsylvania,Washington County,"Pittsburgh, PA",8.4287405,143607,100262,102107,102107,1.4064364,0,0,proposed,reported,42125755200,0
oracle-west-jordan-ut,-111.93952,40.60613,Match,49,35,112917,1003,49035112917,Utah,Salt Lake County,"Salt Lake City-Murray, UT",8.4006462,114950,109675,116518,116518,0.98654288,0,0,operational,confirmed,49035112917,0
verrus-project-flex-lyon-township-oakland-county-mi,-83.53,42.47,Match,26,125,137102,4013,26125137102,Michigan,Oakland County,"Detroit-Warren-Dearborn, MI",4.0062561,208527,93357,99913,99913,2.0870857,0,0,proposed,reported,26125137102,0
aligned-dfw-03-tx,-97.0748553,32.5498227,Match,48,439,111314,2016,48439111314,Texas,Tarrant County,"Dallas-Fort Worth-Arlington, TX",7.9100385,165655,94599,108711,108711,1.5238109,0,0,operational,reported,48439111314,0
pointone-remington-technology-park-fauquier-va,-77.8,38.53,Match,51,61,930706,2051,51061930706,Virginia,Fauquier County,"Washington-Arlington-Alexandria, DC-VA-MD-WV",10.96208,86597,115213,154653,154653,0.55994385,1,1,permitted,reported,51061930706,1
t5-cleveland-oh,-81.803445,41.4430567,Match,39,35,124201,2010,39035124201,Ohio,Cuyahoga County,"Cleveland, OH",14.486158,63539,92749,95803,95803,0.66322559,1,0,operational,reported,39035124201,0
databank-mem1-memphis-tn,-89.8097,35.20249,Match,47,157,21113,1006,47157021113,Tennessee,Shelby County,"Memphis, TN-MS-AR",11.489899,88158,87314,84517,84517,1.0430801,0,0,operational,confirmed,47157021113,0
lumen-minneapolis-3-mn,-93.2766103,44.9887662,Match,27,53,126202,2001,27053126202,Minnesota,Hennepin County,"Minneapolis-St. Paul-Bloomington, MN-WI",1.162545,175217,113993,126705,126705,1.3828737,0,0,operational,reported,27053126202,0
amazon-pecos-county-data-center-tx,-102.8779,30.8981,Match,48,371,950300,1123,48371950300,Texas,Pecos County,NA,34.636303,NA,94599,NA,94599,NA,1,1,proposed,reported,48371950300,1
databank-red-oak-tx,-96.7282,32.5135,Match,48,139,60103,1022,48139060103,Texas,Ellis County,"Dallas-Fort Worth-Arlington, TX",11.457506,102277,94599,108711,108711,0.94081557,0,1,under_construction,confirmed,48139060103,0
fleet-south-valley-self-generation-storey-county-nv,-119.4561,39.5101,Match,32,29,970200,1042,32029970200,Nevada,Storey County,"Reno, NV",7.0582547,121477,92663,104602,104602,1.1613258,0,1,proposed,reported,32029970200,0
lightedge-papillion-ne,-96.0428,41.1544,Match,31,153,10619,1001,31153010619,Nebraska,Sarpy County,"Omaha, NE-IA",10.041089,106975,99751,109980,109980,0.97267687,0,0,operational,reported,31153010619,0
flexential-portland-hillsboro-1-pdx01-or,-122.8908454,45.5498253,Match,41,67,31617,3002,41067031617,Oregon,Washington County,"Portland-Vancouver-Hillsboro, OR-WA",11.998065,76990,102281,119276,119276,0.64547771,1,0,operational,reported,41067031617,0
red-wolf-dcd-properties-project-red-wolf-ks,-94.88035,39.132358,Match,20,209,44803,1008,20209044803,Kansas,Wyandotte County,"Kansas City, MO-KS",2.5668738,114669,95810,106867,106867,1.0730066,0,0,proposed,reported,20209044803,0
digital-realty-vernon-ca,-118.2252615,33.99951,Match,6,37,980016,1117,6037980016,California,Los Angeles County,"Los Angeles-Long Beach-Anaheim, CA",7.2507553,70250,113346,108949,108949,0.64479709,1,0,proposed,reported,06037980016,0
crane-pdx02-forest-grove-or,-123.11106,45.51904,Match,41,67,33101,2002,41067033101,Oregon,Washington County,"Portland-Vancouver-Hillsboro, OR-WA",9.9742785,119167,102281,119276,119276,0.99908614,0,1,under_construction,reported,41067033101,0
tac-data-centers-wythe-county-va,-80.86,36.93,Match,51,197,50402,4007,51197050402,Virginia,Wythe County,NA,17.961481,88203,115213,NA,115213,0.76556462,0,1,proposed,reported,51197050402,0
talen-montour-data-center-campus-montour-county-pa,-76.67,41.05,Match,42,93,50100,3029,42093050100,Pennsylvania,Montour County,NA,12.118152,84623,100262,NA,100262,0.8440187,0,1,proposed,reported,42093050100,0
microsoft-dorr-township-mi,-85.652,42.64,Match,26,5,30502,1052,26005030502,Michigan,Allegan County,NA,10.113079,85833,93357,NA,93357,0.91940618,0,1,proposed,confirmed,26005030502,0
pch-wi-holdings-wisconsin-rapids-wood-county-wi,-89.82,44.39,Match,55,141,11000,5038,55141011000,Wisconsin,Wood County,NA,13.766098,67997,100141,NA,100141,0.6790126,1,1,proposed,reported,55141011000,1
avaio-taurus-brandon-ms,-89.99,32.27,Match,28,121,20805,2041,28121020805,Mississippi,Rankin County,"Jackson, MS",36.907059,82059,73163,79993,79993,1.0258273,1,0,under_construction,confirmed,28121020805,0
aws-jefferson-township-fayette-oh,-83.5677,39.6534,Match,39,47,925900,3007,39047925900,Ohio,Fayette County,NA,21.332186,56361,92749,NA,92749,0.60767233,1,1,under_construction,confirmed,39047925900,1
bitdeer-massillon-stark-county-oh,-81.53947,40.77069,Match,39,151,714400,2040,39151714400,Ohio,Stark County,"Canton-Massillon, OH",14.826416,88878,92749,85410,85410,1.0406041,0,0,under_construction,confirmed,39151714400,0
cogent-oklahoma-city-ok,-97.5164,35.4676,Match,40,109,980007,1008,40109980007,Oklahoma,Oklahoma County,"Oklahoma City, OK",28.117359,165278,82385,90681,90681,1.822631,0,0,operational,reported,40109980007,0
prime-avondale-az,-112.35,33.44,Match,4,13,61200,3002,4013061200,Arizona,Maricopa County,"Phoenix-Mesa-Chandler, AZ",26.49157,49560,95980,103615,103615,0.47830912,1,0,under_construction,confirmed,04013061200,0
state-of-ohio-computer-center-columbus-oh,-83.0446845,40.0057597,Match,39,49,1122,1038,39049001122,Ohio,Franklin County,"Columbus, OH",38.498791,68750,92749,104588,104588,0.65734118,1,0,operational,reported,39049001122,0
scott-data-center-omaha-ne,-96.0093,41.2406,Match,31,55,3600,5009,31055003600,Nebraska,Douglas County,"Omaha, NE-IA",4.981595,116100,99751,109980,109980,1.0556465,0,0,operational,reported,31055003600,0
lumen-spokane-wa,-117.4200007,47.6542257,Match,53,63,3500,1040,53063003500,Washington,Spokane County,"Spokane-Spokane Valley, WA",49.322212,52008,118075,98269,98269,0.52924114,1,0,operational,reported,53063003500,0
soluna-project-grace-silverton-tx,-101.3082,34.4692,Match,48,45,950200,1078,48045950200,Texas,Briscoe County,NA,16.795666,64643,94599,NA,94599,0.68333703,1,1,under_construction,reported,48045950200,1
aws-cumulus-salem-township-pa,-76.1452,41.0949,Match,42,79,216100,2002,42079216100,Pennsylvania,Luzerne County,"Scranton--Wilkes-Barre, PA",6.2263675,99441,100262,85514,85514,1.1628622,0,1,under_construction,confirmed,42079216100,0
mcd7-limerick-township-montgomery-county-pa,-75.573,40.2447,Match,42,91,208703,1009,42091208703,Pennsylvania,Montgomery County,"Philadelphia-Camden-Wilmington, PA-NJ-DE-MD",4.4941001,128214,100262,116434,116434,1.1011732,0,0,proposed,reported,42091208703,0
meta-hyperion-richland-parish-la,-91.4906,32.4442,Match,22,83,970100,3103,22083970100,Louisiana,Richland Parish,"Monroe, LA",25.235109,56998,79407,67964,67964,0.83864987,1,1,under_construction,reported,22083970100,1
prologis-project-sail-coweta-ga,-84.7974,33.3807,Match,13,77,170307,1006,13077170307,Georgia,Coweta County,"Atlanta-Sandy Springs-Roswell, GA",7.9044414,56313,93754,107388,107388,0.52438819,1,0,permitted,confirmed,13077170307,0
cleanspark-meridian-ms,-88.7037,32.3643,Match,28,75,10700,2046,28075010700,Mississippi,Lauderdale County,NA,49.590164,22131,73163,NA,73163,0.30248895,1,1,operational,confirmed,28075010700,1
terawulf-muskie-eastpark-ky,-82.79,38.4042,Match,21,19,31001,1028,21019031001,Kentucky,Boyd County,"Huntington-Ashland, WV-KY-OH",14.424952,74313,81505,76767,76767,0.96803313,0,1,proposed,confirmed,21019031001,0
tierpoint-st-louis-olive-mo,-90.1964208,38.6297601,Match,29,510,125600,3011,29510125600,Missouri,St. Louis city,"St. Louis, MO-IL",21.405428,121983,91360,105167,105167,1.159898,1,0,operational,reported,29510125600,0
applied-digital-deuel-county-sd,-96.62,44.567,Match,46,39,953600,3170,46039953600,South Dakota,Deuel County,NA,7.5352111,102250,96562,NA,96562,1.0589051,0,1,cancelled,confirmed,46039953600,0
microsoft-tunstall-road-hillcrest-mecklenburg-va,-78.10265,36.74254,Match,51,117,930201,3001,51117930201,Virginia,Mecklenburg County,NA,16.171101,98542,115213,NA,115213,0.85530281,0,1,permitted,confirmed,51117930201,0
aws-hermiston-or,-119.28946,45.84041,Match,41,59,951201,2016,41059951201,Oregon,Umatilla County,NA,6.9516916,90258,102281,NA,102281,0.8824513,0,1,operational,confirmed,41059951201,0
equinix-ny7-nj,-74.0311403,40.7968626,Match,34,17,14600,2025,34017014600,New Jersey,Hudson County,"New York-Newark-Jersey City, NY-NJ",4.8937221,93026,127025,120744,120744,0.77043992,0,0,operational,reported,34017014600,0
meta-eagle-mountain-ut,-111.9697,40.3138,Match,49,49,10114,1004,49049010114,Utah,Utah County,"Provo-Orem-Lehi, UT",2.173167,106508,109675,110937,110937,0.96007645,0,1,operational,confirmed,49049010114,0
canaan-chief-mountain-andrews-tx,-102.625,32.285,Match,48,3,950100,1394,48003950100,Texas,Andrews County,NA,9.5571098,110972,94599,NA,94599,1.1730779,0,1,operational,confirmed,48003950100,0
databank-san1-san-diego-ca,-117.073246,32.9886013,Match,6,73,17055,3000,6073017055,California,San Diego County,"San Diego-Chula Vista-Carlsbad, CA",2.3562868,198177,113346,122377,122377,1.6193974,0,0,operational,reported,06073017055,0
litewire-mcminnville-tn,-85.7619,35.69221,Match,47,177,930500,4006,47177930500,Tennessee,Warren County,NA,14.147078,59414,87314,NA,87314,0.68046361,1,1,operational,confirmed,47177930500,1
outrigger-washington-daviess-county-in,-87.05,38.65,Match,18,27,954502,1067,18027954502,Indiana,Daviess County,NA,5.2862363,102368,90767,NA,90767,1.1278107,0,1,cancelled,reported,18027954502,0
equinix-dallas-da11-tx,-96.8243167,32.8017196,Match,48,113,10001,4008,48113010001,Texas,Dallas County,"Dallas-Fort Worth-Arlington, TX",34.268063,43662,94599,108711,108711,0.40163368,1,0,operational,reported,48113010001,0
powerhouse-ctp-02-va,-77.3256869,37.360586,Match,51,41,100403,1005,51041100403,Virginia,Chesterfield County,"Richmond, VA",2.0841961,128984,115213,110863,110863,1.1634539,0,0,under_construction,reported,51041100403,0
flexential-salisbury-henderson-grove-nc,-80.5054,35.6288,Match,37,159,51102,1009,37159051102,North Carolina,Rowan County,"Charlotte-Concord-Gastonia, NC-SC",12.145454,101094,90290,102246,102246,0.98873305,0,0,proposed,reported,37159051102,0
flexential-raleigh-ral02-ral03-nc,-78.8291431,35.8505281,Match,37,183,53609,1055,37183053609,North Carolina,Wake County,"Raleigh-Cary, NC",10.815308,150000,90290,123586,123586,1.2137297,0,0,operational,reported,37183053609,0
gigawatt-east-wenatchee-wa,-120.2042,47.3968,Match,53,17,950300,3044,53017950300,Washington,Douglas County,"Wenatchee-East Wenatchee, WA",7.6990705,87371,118075,94263,94263,0.92688543,0,1,cancelled,confirmed,53017950300,0
csquare-sfo1-ca,-121.9696826,37.3714713,Match,6,85,505202,2095,6085505202,California,Santa Clara County,"San Jose-Sunnyvale-Santa Clara, CA",19.125883,163550,113346,184762,184762,0.88519287,0,0,operational,reported,06085505202,0
microsoft-person-county-roxboro-nc,-78.9828,36.396,Match,37,145,920300,1041,37145920300,North Carolina,Person County,"Durham-Chapel Hill, NC",35.356243,49120,90290,113114,113114,0.43425217,1,1,permitted,confirmed,37145920300,1
ecl-csc1-santa-clara-ca,-121.955,37.354,Match,6,85,505202,4001,6085505202,California,Santa Clara County,"San Jose-Sunnyvale-Santa Clara, CA",19.125883,163550,113346,184762,184762,0.88519287,0,0,proposed,reported,06085505202,0
socrates-south-new-albany-oh,-82.762,40.068,Match,39,89,755601,2036,39089755601,Ohio,Licking County,"Columbus, OH",2.3718438,170039,92749,104588,104588,1.6257983,0,0,under_construction,confirmed,39089755601,0
lumen-akron-2-oh,-81.4907582,41.0695694,Match,39,153,503100,1014,39153503100,Ohio,Summit County,"Akron, OH",50.475586,24464,92749,95658,95658,0.25574443,1,0,operational,reported,39153503100,0
echostar-cheyenne-wy,-104.725,41.135,Match,56,21,2002,3071,56021002002,Wyoming,Laramie County,"Cheyenne, WY",4.1982508,121365,96997,99600,99600,1.2185241,0,0,operational,confirmed,56021002002,0
digital-realty-silicon-valley-sjc16-ca,-121.9559987,37.3749324,Match,6,85,505202,2041,6085505202,California,Santa Clara County,"San Jose-Sunnyvale-Santa Clara, CA",19.125883,163550,113346,184762,184762,0.88519287,0,0,operational,reported,06085505202,0
iron-mountain-miamisburg-oh,-84.2866083,39.6428362,Match,39,113,50402,3025,39113050402,Ohio,Montgomery County,"Dayton-Kettering-Beavercreek, OH",19.494204,79375,92749,94596,94596,0.8390947,0,0,operational,confirmed,39113050402,0
google-lenoir-nc,-81.546892,35.900163,Match,37,27,30300,1009,37027030300,North Carolina,Caldwell County,"Hickory-Lenoir-Morganton, NC",8.7923193,62031,90290,76116,76116,0.81495351,0,1,operational,confirmed,37027030300,0
markley-boston-summer-street-ma,-71.0595422,42.3545151,Match,25,25,70104,3003,25025070104,Massachusetts,Suffolk County,"Boston-Cambridge-Newton, MA-NH",21.236452,250000,131675,145780,145780,1.7149129,0,0,operational,confirmed,25025070104,0
ark-data-centers-green-bay-harrison-campus-wi,-88.3449304,44.2044349,Match,55,15,20308,1046,55015020308,Wisconsin,Calumet County,"Appleton, WI",1.9461077,142500,100141,106810,106810,1.3341447,0,0,operational,reported,55015020308,0
fortitude-prosser-ne,-98.57806,40.6875,Match,31,1,965400,2196,31001965400,Nebraska,Adams County,NA,4.3343654,121042,99751,NA,99751,1.2134415,0,1,operational,confirmed,31001965400,0
cologix-johnstown-oh,-82.68,40.15,Match,39,89,755302,3009,39089755302,Ohio,Licking County,"Columbus, OH",6.956893,112257,92749,104588,104588,1.0733258,0,1,under_construction,confirmed,39089755302,0
h5-data-centers-cleveland-rockwell-oh,-81.683262,41.5063269,Match,39,35,107802,1036,39035107802,Ohio,Cuyahoga County,"Cleveland, OH",66.579842,NA,92749,95803,95803,NA,1,0,operational,confirmed,39035107802,0
aws-warner-road-jerome-township-oh,-83.199984,40.118607,Match,39,159,50601,2039,39159050601,Ohio,Union County,"Columbus, OH",0.19295302,212576,92749,104588,104588,2.0325086,0,0,operational,reported,39159050601,0
edgeconnex-det01-mi,-83.2626336,42.4476693,Match,26,125,161800,2000,26125161800,Michigan,Oakland County,"Detroit-Warren-Dearborn, MI",8.6660404,83059,93357,99913,99913,0.83131325,0,0,operational,reported,26125161800,0
nextera-high-spring-solar-muskogee-county-ok,-95.38,35.62,Match,40,101,1302,2045,40101001302,Oklahoma,Muskogee County,NA,12.436225,71765,82385,NA,82385,0.87109303,0,1,proposed,confirmed,40101001302,0
mara-kearney-buffalo-ne,-99.045806,40.728341,Match,31,19,969203,1023,31019969203,Nebraska,Buffalo County,NA,7.2926598,108935,99751,NA,99751,1.0920693,0,1,operational,confirmed,31019969203,0
homer-city-energy-campus-generation-pa,-79.1542,40.5383,Match,42,63,961700,1052,42063961700,Pennsylvania,Indiana County,NA,8.0427446,81111,100262,NA,100262,0.80899042,0,1,under_construction,confirmed,42063961700,0
lumen-dallas-6-tx,-96.8843787,32.827998,Match,48,113,10003,2038,48113010003,Texas,Dallas County,"Dallas-Fort Worth-Arlington, TX",20.317751,112253,94599,108711,108711,1.0325818,1,0,operational,reported,48113010003,0
gouldsboro-project-gold-clifton-covington-lackawanna-pa,-75.595,41.195,Match,42,69,112901,3061,42069112901,Pennsylvania,Lackawanna County,"Scranton--Wilkes-Barre, PA",7.6826825,89844,100262,85514,85514,1.050635,0,1,proposed,reported,42069112901,0
ntt-chicago-ch2-data-center-il,-88.0072131,41.9890149,Match,17,43,840201,2000,17043840201,Illinois,DuPage County,"Chicago-Naperville-Elgin, IL-IN",1.0686529,117412,106018,113207,113207,1.0371443,0,0,operational,reported,17043840201,0
segra-winston-salem-data-center-nc,-80.26083,36.10278,Match,37,67,200,1037,37067000200,North Carolina,Forsyth County,"Winston-Salem, NC",34.676144,122500,90290,83438,83438,1.468156,0,0,operational,reported,37067000200,0
project-cardinal-yorkville-il,-88.461,41.7,Match,17,93,890401,3010,17093890401,Illinois,Kendall County,"Chicago-Naperville-Elgin, IL-IN",2.6940346,109378,106018,113207,113207,0.96617699,0,0,permitted,confirmed,17093890401,0
winchester-gateway-data-center-frederick-va,-78.1980384,39.1442224,Match,51,69,50900,2009,51069050900,Virginia,Frederick County,"Winchester, VA-WV",8.0564947,111750,115213,105992,105992,1.0543249,0,1,proposed,reported,51069050900,0
sovereign-gazelle-somerville-al,-86.7603,34.457,Match,1,103,5405,2061,1103005405,Alabama,Morgan County,"Decatur, AL",37.694092,76000,83032,85826,85826,0.88551253,1,1,proposed,reported,01103005405,1
coresite-at2-marietta-data-center-ga,-84.4816338,33.9255145,Match,13,67,30405,2004,13067030405,Georgia,Cobb County,"Atlanta-Sandy Springs-Roswell, GA",15.111773,85444,93754,107388,107388,0.79565686,0,0,operational,reported,13067030405,0
flexential-denver-englewood-co,-104.8375559,39.558994,Match,8,35,14014,3026,8035014014,Colorado,Douglas County,"Denver-Aurora-Centennial, CO",3.0544949,149408,119139,132002,132002,1.1318617,0,0,operational,reported,08035014014,0
fremont-peak-luckett-road-marana-az,-111.198,32.495,Match,4,19,4648,3024,4019004648,Arizona,Pima County,"Tucson, AZ",1.6457574,126366,95980,90806,90806,1.3916041,0,0,proposed,reported,04019004648,0
qts-cedar-rapids-ia,-91.718,41.932,Match,19,113,3005,2025,19113003005,Iowa,Linn County,"Cedar Rapids, IA",6.5825067,81667,97491,100430,100430,0.81317335,0,0,under_construction,confirmed,19113003005,0
cielo-gaffney-cherokee-county-sc,-81.5576062,35.0666365,Match,45,21,970503,1007,45021970503,South Carolina,Cherokee County,NA,12.552301,79643,86707,NA,86707,0.91853023,0,1,proposed,reported,45021970503,0
core-scientific-pecos-tx,-103.58,31.44,Match,48,389,950600,1201,48389950600,Texas,Reeves County,NA,20.362423,61250,94599,NA,94599,0.64746982,1,1,under_construction,confirmed,48389950600,1
nextnrg-nassau-county-data-center-energy-campus-fl,-81.68,30.55,Match,12,31,10301,1017,12031010301,Florida,Duval County,"Jacksonville, FL",14.162823,76488,89891,98813,98813,0.77406818,0,0,proposed,reported,12031010301,0
duke-energy-marshall-combustion-turbines-catawba-county-nc,-80.96472,35.5975,Match,37,35,11503,2039,37035011503,North Carolina,Catawba County,"Hickory-Lenoir-Morganton, NC",3.3817635,121518,90290,76116,76116,1.5964843,0,1,permitted,reported,37035011503,0
socrates-north-new-albany-oh,-82.76,40.07,Match,39,89,755601,2036,39089755601,Ohio,Licking County,"Columbus, OH",2.3718438,170039,92749,104588,104588,1.6257983,0,0,under_construction,confirmed,39089755601,0
ark-data-centers-independence-cuyahoga-county-oh,-81.632511,41.360599,Match,39,35,156102,3019,39035156102,Ohio,Cuyahoga County,"Cleveland, OH",2.1010506,119312,92749,95803,95803,1.245389,0,0,operational,confirmed,39035156102,0
westin-building-digital-realty-seattle-sea10-wa,-122.3388637,47.6143555,Match,53,33,7202,2002,53033007202,Washington,King County,"Seattle-Tacoma-Bellevue, WA",8.6601734,250000,118075,140190,140190,1.7832941,0,0,operational,reported,53033007202,0
yondr-cerberus-manassas-va,-77.4753,38.7509,Match,51,683,910401,1003,51683910401,Virginia,Manassas city,"Washington-Arlington-Alexandria, DC-VA-MD-WV",11.157139,100875,115213,154653,154653,0.65226668,1,0,proposed,confirmed,51683910401,0
core-scientific-marble-cherokee-county-nc,-83.924,35.135,Match,37,39,930401,1026,37039930401,North Carolina,Cherokee County,NA,17.85005,70391,90290,NA,90290,0.77961016,0,1,operational,confirmed,37039930401,0
aps-desert-sun-power-plant-gila-bend-az,-112.8,32.95,Match,4,13,723305,2075,4013723305,Arizona,Maricopa County,"Phoenix-Mesa-Chandler, AZ",13.776493,91563,95980,103615,103615,0.88368481,0,1,proposed,reported,04013723305,0
microsoft-alluvion-west-des-moines-ia,-93.7083034,41.5143718,Match,19,153,11028,1055,19153011028,Iowa,Polk County,"Des Moines-West Des Moines, IA",8.8767433,140817,97491,110255,110255,1.2771938,0,0,operational,reported,19153011028,0
edgecore-reno-campus-storey-county-nv,-119.4851422,39.5429755,Match,32,29,970200,1042,32029970200,Nevada,Storey County,"Reno, NV",7.0582547,121477,92663,104602,104602,1.1613258,0,1,under_construction,confirmed,32029970200,0
morgan-valley-energy-center-ia,-91.83,41.92,Match,19,113,10700,1039,19113010700,Iowa,Linn County,"Cedar Rapids, IA",2.8700907,138657,97491,100430,100430,1.3806332,0,0,proposed,confirmed,19113010700,0
cloudhq-mount-prospect-ord-il,-87.935,42.055,Match,17,31,804901,4007,17031804901,Illinois,Cook County,"Chicago-Naperville-Elgin, IL-IN",5.3307948,153000,106018,113207,113207,1.3515066,0,0,under_construction,confirmed,17031804901,0
ivcm-imperial-county-ca,-115.569,32.847,Match,6,25,11002,3007,6025011002,California,Imperial County,"El Centro, CA",13.701361,104625,113346,65458,65458,1.5983531,0,1,proposed,reported,06025011002,0
comanche-circle-sailfish-hood-county-tx,-97.83,32.35,Match,48,221,160303,2078,48221160303,Texas,Hood County,NA,5.5207453,92036,94599,NA,94599,0.97290671,0,1,proposed,reported,48221160303,0
amazon-project-rainier-new-carlisle-in,-86.5117,41.6978,Match,18,141,10800,3018,18141010800,Indiana,St. Joseph County,"South Bend-Mishawaka, IN-MI",3.5204568,100673,90767,87126,87126,1.1554874,0,1,operational,confirmed,18141010800,0
stonebridge-fort-meade-fl,-81.8024,27.7525,Match,12,105,16001,2075,12105016001,Florida,Polk County,"Lakeland-Winter Haven, FL",23.435997,88125,89891,76474,76474,1.1523525,1,1,proposed,reported,12105016001,1
tract-altoona-ia,-93.4649,41.6439,Match,19,153,10708,2015,19153010708,Iowa,Polk County,"Des Moines-West Des Moines, IA",4.4323483,123514,97491,110255,110255,1.1202576,0,0,permitted,confirmed,19153010708,0
menomonie-data-center-wi,-91.9193,44.8769,Match,55,33,970802,3016,55033970802,Wisconsin,Dunn County,NA,15.936366,88750,100141,NA,100141,0.88625038,0,1,proposed,reported,55033970802,0
microsoft-fernley-nv,-119.2169,39.6082,Match,32,19,960103,1041,32019960103,Nevada,Lyon County,"Reno, NV",11.236897,73548,92663,104602,104602,0.70312232,0,1,proposed,reported,32019960103,0
tract-morris-technology-park-il,-88.43,41.36,Match,17,63,400,3004,17063000400,Illinois,Grundy County,"Chicago-Naperville-Elgin, IL-IN",10.884595,89412,106018,113207,113207,0.78980982,0,1,proposed,reported,17063000400,0
apple-prineville-or,-120.84639,44.30349,Match,41,13,950302,1035,41013950302,Oregon,Crook County,"Bend, OR",20.152092,57542,102281,105335,105335,0.54627615,1,1,operational,confirmed,41013950302,1
core-scientific-denton-tx,-97.1276,33.1932,Match,48,121,21304,3003,48121021304,Texas,Denton County,"Dallas-Fort Worth-Arlington, TX",9.5044222,110104,94599,108711,108711,1.0128138,0,0,under_construction,confirmed,48121021304,0
monarch-data-center-yerington-nv,-119.162989,38.9855429,Match,32,19,960901,2014,32019960901,Nevada,Lyon County,"Reno, NV",11.367314,69167,92663,104602,104602,0.66123974,1,1,permitted,confirmed,32019960901,1
meta-altoona-ia,-93.4696,41.6459,Match,19,153,10708,2003,19153010708,Iowa,Polk County,"Des Moines-West Des Moines, IA",4.4323483,123514,97491,110255,110255,1.1202576,0,0,operational,confirmed,19153010708,0
joule-millard-county-ut,-112.165,39.1072,Match,49,27,974300,1123,49027974300,Utah,Millard County,NA,8.725235,80389,109675,NA,109675,0.73297471,0,1,under_construction,reported,49027974300,0
cyrusone-nva7-sterling-va,-77.4340194,39.0263152,Match,51,107,611018,3010,51107611018,Virginia,Loudoun County,"Washington-Arlington-Alexandria, DC-VA-MD-WV",14.010811,143750,115213,154653,154653,0.92950022,0,0,operational,reported,51107611018,0
digital-realty-new-york-ewr11-nj,-74.4571024,40.5537931,Match,34,23,603,2026,34023000603,New Jersey,Middlesex County,"New York-Newark-Jersey City, NY-NJ",1.9766397,154318,127025,120744,120744,1.2780594,0,0,operational,reported,34023000603,0
iron-mountain-wpa-1-boyers-butler-county-pa,-79.9128,41.0956,Match,42,19,910200,3002,42019910200,Pennsylvania,Butler County,"Pittsburgh, PA",9.2588615,87824,100262,102107,102107,0.86011732,0,1,operational,reported,42019910200,0
mara-hannibal-monroe-oh,-80.8721,39.6675,Match,39,111,966600,4027,39111966600,Ohio,Monroe County,NA,13.911439,72619,92749,NA,92749,0.78296262,0,1,operational,confirmed,39111966600,0
colocsx-jacksonville-fl,-81.5812,30.1988,Match,12,31,16730,2005,12031016730,Florida,Duval County,"Jacksonville, FL",6.4866166,144388,89891,98813,98813,1.4612248,0,0,operational,reported,12031016730,0
microsoft-osmium-west-des-moines-ia,-93.7755662,41.500537,Match,19,181,20300,2009,19181020300,Iowa,Warren County,"Des Moines-West Des Moines, IA",8.4079199,121607,97491,110255,110255,1.1029613,0,0,under_construction,confirmed,19181020300,0
related-digital-cheyenne-wy,-104.735,41.13,Match,56,21,2002,3078,56021002002,Wyoming,Laramie County,"Cheyenne, WY",4.1982508,121365,96997,99600,99600,1.2185241,0,0,under_construction,confirmed,56021002002,0
switch-las-vegas-7-nv,-115.210197,36.0599191,Match,32,3,2979,1028,32003002979,Nevada,Clark County,"Las Vegas-Henderson-North Las Vegas, NV",4.1470127,104167,92663,89785,89785,1.1601827,0,0,operational,reported,32003002979,0
aligned-phx13-glendale-az,-112.186,33.5387,Match,4,13,92500,3030,4013092500,Arizona,Maricopa County,"Phoenix-Mesa-Chandler, AZ",17.989758,79063,95980,103615,103615,0.76304591,0,0,under_construction,confirmed,04013092500,0
qts-hillsboro-2-or,-122.92961,45.55888,Match,41,67,32603,5013,41067032603,Oregon,Washington County,"Portland-Vancouver-Hillsboro, OR-WA",2.2013981,143430,102281,119276,119276,1.2025051,0,0,operational,reported,41067032603,0
aws-newton-court-new-albany-oh,-82.72994,40.093702,Match,39,89,755601,1032,39089755601,Ohio,Licking County,"Columbus, OH",2.3718438,170039,92749,104588,104588,1.6257983,0,0,operational,reported,39089755601,0
google-ridgeville-sc,-80.3239,33.096,Match,45,35,10400,2007,45035010400,South Carolina,Dorchester County,"Charleston-North Charleston, SC",11.867977,81458,86707,105712,105712,0.77056533,0,1,under_construction,confirmed,45035010400,0
wells-draw-energy-duchesne-county-ut,-110.0568,40.193,Match,49,13,940600,1048,49013940600,Utah,Duchesne County,NA,8.9614162,92413,109675,NA,109675,0.84260768,0,1,permitted,reported,49013940600,0
blusky-ai-delta-millard-county-ut,-112.5766,39.3502,Match,49,27,974100,4033,49027974100,Utah,Millard County,NA,9.0486336,78261,109675,NA,109675,0.71357191,0,1,proposed,reported,49027974100,0
ntt-hillsboro-hi1-data-center-or,-122.9373872,45.5496803,Match,41,67,32608,1001,41067032608,Oregon,Washington County,"Portland-Vancouver-Hillsboro, OR-WA",6.5566459,118636,102281,119276,119276,0.99463427,0,0,operational,reported,41067032608,0
vc-summer-units-2-3-fairfield-county-sc,-81.3149669,34.2955736,Match,45,39,960100,2049,45039960100,South Carolina,Fairfield County,"Columbia, SC",13.014461,82321,86707,86522,86522,0.95144588,0,1,proposed,reported,45039960100,0
vantage-phoenix-campus-goodyear-az-az,-112.3738867,33.4463027,Match,4,13,61300,1003,4013061300,Arizona,Maricopa County,"Phoenix-Mesa-Chandler, AZ",7.3283858,66429,95980,103615,103615,0.64111376,1,0,operational,reported,04013061300,0
dartpoints-shv01-shreveport-la,-93.7477839,32.5135356,Match,22,17,25300,3039,22017025300,Louisiana,Caddo Parish,"Shreveport-Bossier City, LA",61.094223,14367,79407,75242,75242,0.19094388,1,0,operational,confirmed,22017025300,0
taurus-digital-realty-project-bunkhouse-stilesboro-ga,-84.91,34.087,Match,13,15,961002,1005,13015961002,Georgia,Bartow County,"Atlanta-Sandy Springs-Roswell, GA",7.8148332,84224,93754,107388,107388,0.78429621,0,1,permitted,reported,13015961002,0
ntt-global-data-centers-dallas-tx1-tx,-96.6563775,32.9810371,Match,48,113,19042,5019,48113019042,Texas,Dallas County,"Dallas-Fort Worth-Arlington, TX",19.637823,93929,94599,108711,108711,0.86402482,0,0,operational,reported,48113019042,0
crow-holdings-cleanarc-stemmons-dallas-tx,-96.7968559,32.7762719,Match,48,113,20402,1050,48113020402,Texas,Dallas County,"Dallas-Fort Worth-Arlington, TX",21.830315,128102,94599,108711,108711,1.178372,1,0,proposed,reported,48113020402,0
flexential-tampa-north-tpa03-fl,-82.3683619,28.0738698,Match,12,57,11017,1002,12057011017,Florida,Hillsborough County,"Tampa-St. Petersburg-Clearwater, FL",21.106462,136923,89891,93653,93653,1.4620247,0,0,operational,reported,12057011017,0
stargate-abilene-tx,-99.7331,32.4487,Match,48,441,11700,2003,48441011700,Texas,Taylor County,"Abilene, TX",16.789667,84074,94599,85182,85182,0.98699254,0,0,under_construction,reported,48441011700,0
crane-clean-energy-center-tmi-pa,-76.725,40.1542,Match,42,43,24001,3067,42043024001,Pennsylvania,Dauphin County,"Harrisburg-Carlisle, PA",9.3552246,104250,100262,102964,102964,1.0124898,0,0,under_construction,confirmed,42043024001,0
ntt-sacramento-ca2-data-center-ca,-121.4919461,38.6504002,Match,6,67,7019,2035,6067007019,California,Sacramento County,"Sacramento-Roseville-Folsom, CA",25.901741,115536,113346,116511,116511,0.99163169,1,0,operational,reported,06067007019,0
core-scientific-calvert-city-ky,-88.3527,37.0328,Match,21,157,950101,2064,21157950101,Kentucky,Marshall County,NA,7.6603775,59167,81505,NA,81505,0.72593093,0,1,operational,confirmed,21157950101,0
google-putnam-county-campus-wv,-81.956511,38.64411,Match,54,79,20200,1028,54079020200,West Virginia,Putnam County,"Huntington-Ashland, WV-KY-OH",8.5780525,89661,77710,76767,76767,1.1679628,0,1,proposed,confirmed,54079020200,0
sentinel-jay-me,-70.2175,44.5024,Match,23,7,971400,5021,23007971400,Maine,Franklin County,NA,9.7917118,97212,96912,NA,96912,1.0030956,0,1,cancelled,reported,23007971400,0
vantage-ashburn-ii-va2-va,-77.4302306,38.997949,Match,51,107,611601,2010,51107611601,Virginia,Loudoun County,"Washington-Arlington-Alexandria, DC-VA-MD-WV",6.8994532,148974,115213,154653,154653,0.96327907,0,0,operational,reported,51107611601,0
avaio-perseus-pittsburg-ca,-121.91098,38.011358,Match,6,13,313205,1008,6013313205,California,Contra Costa County,"San Francisco-Oakland-Fremont, CA",7.3277969,114569,113346,164296,164296,0.69733286,1,0,permitted,confirmed,06013313205,0
aligned-dfw-01-tx,-96.6765617,33.0093142,Match,48,85,31901,1009,48085031901,Texas,Collin County,"Dallas-Fort Worth-Arlington, TX",17.184574,66250,94599,108711,108711,0.60941392,1,0,operational,reported,48085031901,0
google-pryor-ok,-95.31,36.32,Match,40,97,40100,1000,40097040100,Oklahoma,Mayes County,NA,28.995722,46964,82385,NA,82385,0.57005525,1,1,operational,confirmed,40097040100,1
ardent-pittsburgh-mckees-rocks-pa,-80.081,40.4646,Match,42,3,460002,1000,42003460002,Pennsylvania,Allegheny County,"Pittsburgh, PA",11.30294,118708,100262,102107,102107,1.1625843,0,0,operational,reported,42003460002,0
windstream-wholesale-oklahoma-city-ok,-97.5142,35.4791,Match,40,109,102500,1010,40109102500,Oklahoma,Oklahoma County,"Oklahoma City, OK",26.530613,134258,82385,90681,90681,1.4805527,0,0,operational,reported,40109102500,0
cipher-reveille-cotulla-la-salle-tx,-99.2351,28.4359,Match,48,283,950301,1068,48283950301,Texas,La Salle County,NA,28.13674,44412,94599,NA,94599,0.46947643,1,1,proposed,reported,48283950301,1
digital-realty-northern-virginia-acc5-va,-77.4631033,39.0201584,Match,51,107,611006,1013,51107611006,Virginia,Loudoun County,"Washington-Arlington-Alexandria, DC-VA-MD-WV",2.078522,211875,115213,154653,154653,1.3700025,0,0,operational,reported,51107611006,0
kairos-hermes-2-oak-ridge-tn,-84.39,35.92,Match,47,145,980100,1074,47145980100,Tennessee,Roane County,"Knoxville, TN",NA,NA,87314,92008,92008,NA,0,1,under_construction,confirmed,47145980100,0
stack-por02-or,-122.8973869,45.5473758,Match,41,67,31617,3002,41067031617,Oregon,Washington County,"Portland-Vancouver-Hillsboro, OR-WA",11.998065,76990,102281,119276,119276,0.64547771,1,0,operational,reported,41067031617,0
anchorstone-58-east-data-campus-ringgold-va,-79.2905,36.6048,Match,51,143,10804,2022,51143010804,Virginia,Pittsylvania County,NA,4.1844249,75568,115213,NA,115213,0.65589821,1,1,permitted,reported,51143010804,1
flexential-atlanta-norcross-atl01-02-ga,-84.1985246,33.9547396,Match,13,135,50324,1041,13135050324,Georgia,Gwinnett County,"Atlanta-Sandy Springs-Roswell, GA",3.0433888,79865,93754,107388,107388,0.74370509,0,0,operational,reported,13135050324,0
zenith-volts-roswell-chaves-county-data-center-nm,-104.52,33.14,Match,35,5,1300,2103,35005001300,New Mexico,Chaves County,NA,35.682159,53026,79556,NA,79556,0.66652423,1,1,permitted,confirmed,35005001300,1
databank-granite-point-bluffdale-ut,-111.90016,40.48568,Match,49,35,112827,1048,49035112827,Utah,Salt Lake County,"Salt Lake City-Murray, UT",3.697521,126341,109675,116518,116518,1.0843046,0,0,operational,confirmed,49035112827,0
cipher-digital-ulysses-center-township-morgan-oh,-81.64694,39.63028,Match,39,115,968800,1111,39115968800,Ohio,Morgan County,NA,7.419951,72724,92749,NA,92749,0.78409469,0,1,proposed,reported,39115968800,0
meta-el-paso-tx,-106.55,31.81,Match,48,141,1204,1026,48141001204,Texas,El Paso County,"El Paso, TX",23.195877,51891,94599,67572,67572,0.76793641,1,0,under_construction,confirmed,48141001204,0
amazon-perry-township-stark-oh,-81.4,40.7517,Match,39,151,713201,2021,39151713201,Ohio,Stark County,"Canton-Massillon, OH",9.6619024,74646,92749,85410,85410,0.87397259,0,0,under_construction,confirmed,39151713201,0
powerconnex-ii-new-albany-oh,-82.754,40.062,Match,39,89,755601,2032,39089755601,Ohio,Licking County,"Columbus, OH",2.3718438,170039,92749,104588,104588,1.6257983,0,0,under_construction,reported,39089755601,0
thad-hill-energy-center-clifton-bosque-tx,-97.3586,31.8594,Match,48,35,950400,1020,48035950400,Texas,Bosque County,"Waco, TX",3.4491909,99193,94599,85306,85306,1.1627904,0,1,operational,confirmed,48035950400,0
ntt-ashburn-va1-data-center-va,-77.4548911,39.0227436,Match,51,107,611006,1014,51107611006,Virginia,Loudoun County,"Washington-Arlington-Alexandria, DC-VA-MD-WV",2.078522,211875,115213,154653,154653,1.3700025,0,0,operational,reported,51107611006,0
databank-den2-centennial-co,-104.8479857,39.5917924,Match,8,5,6864,2004,8005006864,Colorado,Arapahoe County,"Denver-Aurora-Centennial, CO",3.2453637,172692,119139,132002,132002,1.3082529,0,0,operational,confirmed,08005006864,0
cleanspark-austin-county-tx,-96.2661,29.9508,Match,48,15,760502,3000,48015760502,Texas,Austin County,"Houston-Pasadena-The Woodlands, TX",6.7996373,100828,94599,98582,98582,1.022783,0,1,proposed,confirmed,48015760502,0
core-scientific-grand-forks-nd,-97.0434,47.8912,Match,38,35,11201,1005,38035011201,North Dakota,Grand Forks County,"Grand Forks, ND-MN",20.970394,NA,104993,100460,100460,NA,1,0,operational,confirmed,38035011201,0
stack-nva01a-va,-77.4417399,39.0046933,Match,51,107,611020,3001,51107611020,Virginia,Loudoun County,"Washington-Arlington-Alexandria, DC-VA-MD-WV",0.73657423,155417,115213,154653,154653,1.00494,0,0,operational,reported,51107611020,0
ntt-silicon-valley-sv1-data-center-ca,-121.9553378,37.3690532,Match,6,85,505202,2054,6085505202,California,Santa Clara County,"San Jose-Sunnyvale-Santa Clara, CA",19.125883,163550,113346,184762,184762,0.88519287,0,0,operational,reported,06085505202,0
vantage-oh1-new-albany-licking-county-oh,-82.746359,40.100989,Match,39,89,755601,1039,39089755601,Ohio,Licking County,"Columbus, OH",2.3718438,170039,92749,104588,104588,1.6257983,0,0,under_construction,confirmed,39089755601,0
nipsco-genco-schahfer-wheatfield-in,-87.0592,41.1911,Match,18,73,100800,4010,18073100800,Indiana,Jasper County,"Chicago-Naperville-Elgin, IL-IN",7.255332,97750,90767,113207,113207,0.86346251,0,1,permitted,reported,18073100800,0
1623-farnam-omaha-ne,-95.9375,41.2578,Match,31,55,1800,3010,31055001800,Nebraska,Douglas County,"Omaha, NE-IA",16.076363,105147,99751,109980,109980,0.95605564,0,0,operational,confirmed,31055001800,0
bit-mining-viking-akron-summit-county-oh,-81.473621,41.050056,Match,39,153,503600,1025,39153503600,Ohio,Summit County,"Akron, OH",12.30808,68357,92749,95658,95658,0.71459782,0,0,operational,confirmed,39153503600,0
host-digital-northeast-oklahoma-ok,-95.9928,36.154,Match,40,143,2500,1044,40143002500,Oklahoma,Tulsa County,"Tulsa, OK",23.428375,72317,82385,88320,88320,0.81880659,1,0,operational,reported,40143002500,0
